sample_id,split,label,sha256
cifar10_train_15246,Train,cat,7b99282ef37dd62efbd0b727cc2be199868fa2f1c58b4fe5ca8dba3811eb3a0d
cifar10_train_11596,Train,cat,8576f94e2cbeacb29feec6549b880e2a9ca8f6788358a8e92c665587907fd1ba
cifar10_train_34005,Train,cat,b4574fcd4532565b69bc15e52a04f80693818a33ea58abb42d4649c2a1cc307a
cifar10_train_38432,Train,cat,15e47ff3d1cb202e761e70c59485bbf66b37a98656bf649ab2633694ef5999d9
cifar10_train_6567,Train,cat,5386c9410ca668c43f5d379e3bb61c79154668e42f6d4949c253e4800183d996
cifar10_train_995,Train,cat,892d8ec1cfadf33950119d5df9098126d54e8ef6e32f01867971b7c3fd385d74
cifar10_train_28067,Train,cat,ff01417384367548bc71b4a162c531e5f1cb8bf275c646be8e5bc3b5798dc714
cifar10_train_38903,Train,cat,b8a9e9e316d647f8f3f13aa780a43fa7ebbc2e220133384eb002a0807ff90d35
cifar10_train_21982,Train,cat,fc34221f6bae098ae1af0f41f0fc41fc3017a4507c51617b054391fd9993dce9
cifar10_train_21552,Train,cat,bf6013a5fb12386ecd44e6f63dfa54a762df302e350d18b70efd6b355d291cfa
cifar10_train_37675,Train,cat,05abb344f5dfbc2aa10ff3ce58802fa107227aa308e4079f835d561c636deb57
cifar10_train_35755,Train,cat,c59ef81a03ffd3fce9999b76be25cb68870dc01cb4a79bf45612c12319766261
cifar10_train_9185,Train,cat,14a2f35aed51ce34b4cbc314b4066dc72e450beddf852e671afeac9d6eeb7e2a
cifar10_train_42551,Train,cat,2a77a9de29064dcd289f76bb6313b31580a1fa85807fc5db3db464bde7eff3d2
cifar10_train_7213,Train,cat,496d046b73beb53c8d8cb1a595fa6c534c3496a57602ab369ae06b051265a8e9
cifar10_train_13061,Train,cat,45c5e03a218696ea7bbaabc35bdff9a7049b8c96205ad6ccf2623a0516ae8047
cifar10_train_4669,Train,cat,1b7aaf37fbbaf749570a9c554f0c01965c8d6316837b0f5012b6add3d748f483
cifar10_train_38673,Train,cat,cbd1d5b6e05fef1f4d5ea32b57b01aa26a58f674a4bb4330793a76ce90480152
cifar10_train_24949,Train,cat,41ade1dd996cccd16828aa6fe3de7ddf339e5b69584c879976b0e5b2dab377fb
cifar10_train_49079,Train,cat,ac2a1df51652952045010f209ada3926a9fef98a9b0c2b154d4f42f69e07b3e2
cifar10_train_28953,Train,cat,ef3314092a2f635e8236b4713fe9c3fe256d8fb00cae768827387b266153cfb7
cifar10_train_30573,Train,cat,abfb14fb959574cc5cab7d1d2abe008b0b4b225606fe905b125d6f7300fb595c
cifar10_train_47683,Train,cat,fed87f93645991f9b5ff4131fda8dac8bc25787fd2cdd1425516a6a545e1f54f
cifar10_train_40095,Train,cat,0c51a7d66b2a973170add85ccd9c6d684d42120a1d5fa7c3e93911447918a4cc
cifar10_train_6684,Train,cat,bf1d348947046861c6c7c8d0d22c3b06f48ae40418e7e0b44703952361497db5
cifar10_train_26482,Train,cat,512ba525a5a9b0e00c8de419b749ded0ed24a5fbf90d09e7bd5a5e27d9ec41b4
cifar10_train_12013,Train,cat,9611e1eefd2bd2c18a24784822a40fdf745990bab2f648d7d59ba4bf7d73c7e0
cifar10_train_31136,Train,cat,91eb0641983fdbbdd662708ce4485d7b15280bdacb667f42da6fac8088cb6529
cifar10_train_22512,Train,cat,fa24d40f3f7de341538c859bbbf0f19833527303a590652137d7f3ea0feb5bce
cifar10_train_40870,Train,cat,89a4ed645e5354ad669c255cc097bc2ebe26ea7f0b3b6dddcb3aafc37e982945
cifar10_train_3447,Train,cat,c724d2b3eb55a293f265d390c209d4ab66612620df8d711d2a7c00b23d152169
cifar10_train_16787,Train,cat,78408990a9eda640d9f7b6b3a55738bd591ccab0e3f99fccc9bbe3939adaec48
cifar10_train_28419,Train,cat,d0a4789d855bc4e0a2ee49ddf7766483944f1a00d031cd4029a557aecab2ce44
cifar10_train_26688,Train,cat,feda583a2d0f93078dfa720b402c78bab1e03453462178cd150f0e8fbca8d03c
cifar10_train_47586,Train,cat,1da3cff409ede1f899592e02d97c7a03ca03acb92024a1e54fedc66a97476232
cifar10_train_3927,Train,cat,413747bd9a368fd364f62431df7e0a3f44869e5406aca53d78fa5cf13bc12718
cifar10_train_29662,Train,cat,08503e61f61f5c90301ecc9d72011aab10a9b2f929aa4719f04ee4ddcc70868b
cifar10_train_49975,Train,cat,44f257bd5b4feac71415e745752cd20b041f37b0c63de2fc0664f2f8c5212a2a
cifar10_train_34851,Train,cat,a0e2ba2feaa9117bf8516cf8925e81be4aaa494c7bea173cbddce33288882251
cifar10_train_14817,Train,cat,d3b7cd967cbd793517621340d6369bc7c9329095274ea6fa77cacdc60888a6bd
cifar10_train_35811,Train,deer,fac313d5819952c00d41b3019f5b23f3ef49c8878f7cf86617a06be35291861f
cifar10_train_43524,Train,deer,c8ed9d32530cbb2d71823c9735d8cedb71aa474e203023caf996cd8b6a40f1c0
cifar10_train_7024,Train,deer,92b44c3ec6a0f2324e2650bb31ebdd442796b09479b5bf13210803fb54d93ed3
cifar10_train_39143,Train,deer,1e7e5c264bc71ff8e0ee057f961f966653e5bcfbecdbb106e161992485a99f43
cifar10_train_45293,Train,deer,c73772478c5179ebd03fef6760f56cf4326ff870814e6deb903727a458a175b8
cifar10_train_39467,Train,deer,4e4b7dfcad29bd9729670b9bfe8941c010399601548b85d3e5dde608eee61f18
cifar10_train_44752,Train,deer,2bfd459707825623b5cda2c5e4212da1c7afcb7e3bcfc80523093a56cad515fb
cifar10_train_9147,Train,deer,493ec2ddc63e379c3a6e561793584048b356090ce5d7c7c74c94a9b9bbfb3be0
cifar10_train_12717,Train,deer,b14673393a3eca256e72377151ab0b78e03ff61cd005fbfcd59bfaa416122982
cifar10_train_6280,Train,deer,ac7f85c622ae0da3206a5e0b3b62dcc345f09f4aa34b8648201ea222ead95724
cifar10_train_21693,Train,deer,b77778d7b246a9b60a52a9d61306a221fb22aadc928b290cca1a177869fd8f34
cifar10_train_37577,Train,deer,aed9f52eb97107da79274cf4afd76d68bc445d84877caf1d98d0c7cbd3843077
cifar10_train_381,Train,deer,979abaed149de850db9368067b9645624787845e12d8ee14b672b296273f04a7
cifar10_train_31993,Train,deer,f653bc0c858c54fef130c672a0a4a40b4eec616179f38e0a76811f338e13047d
cifar10_train_48538,Train,deer,eee18ab4dd149a8d3d32bb2ed641d7219e0930ad776dc031f85c0989dd89fefa
cifar10_train_15307,Train,deer,b0f633d55f7d8fb11df7abd6c5567fc92cbd6829734d131b92d33fba9da1051d
cifar10_train_30206,Train,deer,0d17fa501856535a2ccb487004f5335f0c5cec27f139e97bb12e31382c9cd30a
cifar10_train_8913,Train,deer,3ab84d73c9da3f7b1a5ff7161aed84d83c3fd5accb60034669b6add7427f4d9d
cifar10_train_30815,Train,deer,86452806a1eac9ea819647506ea7204237e49c60b71a0f60026658cb8a0abd83
cifar10_train_5143,Train,deer,4bd2d96f67f6b69c6170365bbf0e49f02382f4cb477789d3b39be042aa69476e
cifar10_train_47205,Train,deer,60b7e94cd7127f28872e2fc53cd1699f71c14666d2aa51982554435f29b09a74
cifar10_train_41482,Train,deer,0878c2a0ea1605879d309c2d8bb7b7d5ba2fbdb294be4028fab723755268a926
cifar10_train_22491,Train,deer,7d18cdb8d1b5d45d11f3ad267d68683956153ba6ea846e8cf00fa70d4cd8e5cd
cifar10_train_31160,Train,deer,30437fa9f85f286af1a45b200a8b20302f9134384e54dce055d7a2796ec6d349
cifar10_train_42982,Train,deer,650dc9f6cee09e6ff4c93901b9879955194a5f08b3798c85912f62edb1cbe6d0
cifar10_train_1910,Train,deer,403cd4ea77a935c277f92f09c34518a108134e3285b99d01d12f05b800bb0d45
cifar10_train_14893,Train,deer,8c9ab03f3650560f68546754bc08df665ecfd56dd15cfcfc7d0ce088c58fe6de
cifar10_train_17286,Train,deer,1bef2da52e85483437bd244f914790b6f851b406c6123e15aa1055027d59f4f2
cifar10_train_3866,Train,deer,cdf4c029fd57ce3da4c01a9ca0069095a5599dc86b6f92e9e41f5f9f69c6b288
cifar10_train_43410,Train,deer,905eddfc7f590cccb60853801011768ffde18ffd619a192de561e238b538e9b4
cifar10_train_20363,Train,deer,1267ff7eddfc3e8fc73b2ce235f8d128bfdd90c2356213d9af1ece7417527548
cifar10_train_5815,Train,deer,55d4e03b62961105f99c005757400ceae81c03abae7f1ebd0632a5fa5c0c6f4b
cifar10_train_35517,Train,deer,2f9be417ebddd4e8c5f2e561338c095a804493b564dba0feeb31bc7f9c2191dc
cifar10_train_39977,Train,deer,1b1504eb545608f6327b556eed4d3e045089fe3ebaaa886fe121f401a39eafed
cifar10_train_43044,Train,deer,8b69d8f5a338226df07fc5ee405ec787ceb5a8bfbd53477dc301e25fe992787d
cifar10_train_27644,Train,deer,00c22608a2a1e29f609c054384268db1211df1bc58ed3c1e5e0ae017c8033397
cifar10_train_8271,Train,deer,fdd54ea710c9222786f34003a47c70297d16221fb2aa2f5089bdf00297c39e27
cifar10_train_49318,Train,deer,44bd96af9e081e167bc402eb26d21908bf19871e5c8495a336bf961e5713049b
cifar10_train_37963,Train,deer,1ec4c0d2d4dfe54ddb99760af478fab821a90cede880aeeeae8e4d3ec408f500
cifar10_train_15938,Train,deer,030aa12707f6577ec40de81fdbf577e936f611266d72222d6a461de8f2e08c48
cifar10_train_20101,Train,dog,6c5c52c961bac5722c4be23539787617d70ccf178ba25517488b34080511f873
cifar10_train_40662,Train,dog,f5efd3f5a827bc525106e7cc845c5c10d89ab5a96429c84ce6b6de0c3b6a0136
cifar10_train_16626,Train,dog,0b3980479c69f11dc113243f767f9322f0954ed27476ae6ffeeb6c2518f3bcbd
cifar10_train_42813,Train,dog,4e046654f0958e875465009a63c7b0225dffb3174a319bb98749c3f1847c424c
cifar10_train_33116,Train,dog,d88277b93db0c8d504268fbf6d14764036ccef62fe24fc18173cec156311402a
cifar10_train_32877,Train,dog,3b4ee626b2f95fd64f8bec992f32a62c95b552e4576385fb0269b2301487e242
cifar10_train_4920,Train,dog,ebfb3dcc8fec099399a6532c9d00e7b415e47ecde2e9250f6ff8423e3fb8f883
cifar10_train_18743,Train,dog,3a580f6ca427eb279bd48468f7856e3902eec40af13b9f25ef4d5f5659fd51ec
cifar10_train_46471,Train,dog,fd6d9aa9fc820ab21d8480cf5c1e3148b950df6f890741dfbd09e2dd4bad19af
cifar10_train_36912,Train,dog,7c1580dd88b6c2ee503c65780d55655326cfed18954d065e64ac70b50e873078
cifar10_train_12144,Train,dog,d91adce8f50c8fea9f375860802c7d3c7ebc935e4c18cf334fb7100d350046b2
cifar10_train_1998,Train,dog,5a652d16014503c476c76d851ae055c2c972611a2f5737a3618f6ed5e24cfc19
cifar10_train_25735,Train,dog,a2d9802dc905c3f4a59dfc86929465ea872080cbd0a66b66ab0d49cc4b8ee75f
cifar10_train_44441,Train,dog,0c675c4f7a3d854373e608612d7794c1b73249f36cdba869ba5932ae1f350667
cifar10_train_1419,Train,dog,8f31c69edcea24f803b6910fe6afbae100da5a50ce1ec347a6772872c2fb22bd
cifar10_train_9132,Train,dog,3b786d01fc27c7f6f64be6443eb03dbd6b08f505d8b28eb74164e11cdf726ba0
cifar10_train_43330,Train,dog,00a2f1ddc08bdcea39334f8a95c89a9456704ba947ebce3944b0ad7512f1c997
cifar10_train_44632,Train,dog,8d75051ef878e02a7ada79384e4d3429b7faafa7542288199c776a95258167c2
cifar10_train_22047,Train,dog,30d0b686b052dc77be9cc11f9aeaec6899c6579bdf4c2a0ab19ea5709efdecbd
cifar10_train_43801,Train,dog,640b05f060c46a3aae520e13bdcf127077c08ee3396674c60e86d5b8de87c5d7
cifar10_train_30698,Train,dog,bd2eb1aa5f53a8be5ff5827b2de1a5f41b4cddb9f91f4e82fd1f62d2088d26ac
cifar10_train_19540,Train,dog,742be1f9d2e3b678d5ac4ef4a47578e24af0094d142318ff5713d17d463c3158
cifar10_train_45511,Train,dog,eedd2537f3869eabd090dac22275653caa747d35350ad1a7369673c06a9e1607
cifar10_train_28440,Train,dog,74cae6d88ca9d0982ad57be00dee74a326ee1e04ffbe20f8ef222800e4e73b70
cifar10_train_15908,Train,dog,284f118e802eef5954f5ce761f2eacfb4e57e60a5331bc411d81f6fc426171f4
cifar10_train_11155,Train,dog,1279c45e6c12baeef2d75236d87db51d116ab1cf7979fc79c99f13971f1fd267
cifar10_train_5808,Train,dog,32a64b219b13121b291e9a05b62e9ca15f92b3d6f253970927e9ac043a544ad9
cifar10_train_34048,Train,dog,2ede4e83af9c2131d4b89708219ddd715b1172230d36f9a44ef4397032cb2d4f
cifar10_train_36830,Train,dog,9d84829f7633ecee3c7eb84092126b6c395496630283c6c026ec8b38eff41011
cifar10_train_43866,Train,dog,949e751416a1a361687c5dcd441a67a0513e5247e9afe9854b3bbd67a7e7161a
cifar10_train_11262,Train,dog,db1e7770208489da98f1da8e2aee8ebb8a07a61a77dc2086ad6ed00d728c5dac
cifar10_train_27903,Train,dog,f27bac2e01341b0a5c709fe9444e4a204532e7cda908cae994df57f14994a8ea
cifar10_train_36416,Train,dog,3fc77b97f33fce9c451b26283b618c1d3f40faf674c44a09ad13e71c9e433fe8
cifar10_train_36988,Train,dog,ab4934348ca710f3ecd9de69539b6729528b5849862f2c8d51b0d7ac8d3b3e39
cifar10_train_21678,Train,dog,1b304340df393efaa7a13cb239853d5719739825ebe9f16bd84c7688910a1162
cifar10_train_31149,Train,dog,8b2b0168d0250874d715dd4497a160a96c0bea47f01c2a355ae605c476994bb4
cifar10_train_37003,Train,dog,d0b57ba19e935e8cc6945af9cee964f6818895a4349df595975083e7478c863a
cifar10_train_26909,Train,dog,6f30afb2607548fc4ded58fc24ac756b5fa56fbb9da4c2d013560d2e990a9fa4
cifar10_train_21421,Train,dog,0bf9447480edb6735f7b5f293874ae9330fe5504319b50e5a52fe6313abc9646
cifar10_train_33853,Train,dog,322f7eb36a3fc4997dd6b01efa085338dcc5904b2d0c2b59d2dfb42f76e03107
cifar10_train_41992,Validation,cat,18ee66a6cda393b1ba7040cefa57f2b5804db64a37092aa21a8c1d1485fc84cc
cifar10_train_33337,Validation,cat,bf31be62bc549b5a307dfb469493d0692662fe153de6506b781f0ae51bebcdc0
cifar10_train_44142,Validation,cat,396b0ba70df1b8c6a5dd2cb92b081e10755eaa93c3651b197d381ff89bbdaff8
cifar10_train_33940,Validation,cat,465a1b483e43f00e1a6be45877529f1477ba4836786d7b45bf758fdf64b10c0b
cifar10_train_28121,Validation,cat,8d74750825f7f04c6c0e3c88b9275e886b1e5ad140a3fbad999e98fa8968ae7e
cifar10_train_29523,Validation,cat,396bed70da5bffd63e6f6aa06a6ce53ef6bd2d6be66be809cf2f0162d99b062d
cifar10_train_3084,Validation,cat,53df19ce934bce4109b4d3b2062f57591d6445e8b06a12ade29e02f554d52a08
cifar10_train_4025,Validation,cat,aeaf9a9f9f01ae5e59be51bca67990977d59b3e70007f213dfba40208e998593
cifar10_train_42258,Validation,cat,d0f12dd7768f929fa06ca1bd23a0666f06b7ef226af859df9d29724e5443d993
cifar10_train_47823,Validation,cat,ef3c057e30b919e91a4fabe459a9d29ddb60286cb08d187c901b8c7c70279119
cifar10_train_32230,Validation,cat,a84e1efc5223e4e6ea05761877350b4488b8740b7786d33bad3cb5f7b910a00b
cifar10_train_43254,Validation,cat,c1c3827f74257bfba5e568e80648046bfac5cb2d5bc2da3493a3e9fdd5fd2d59
cifar10_train_27967,Validation,cat,839470be6ad56eaea80a5bb500670e70bd7ea61c54c6e30e17c238dba8e0334f
cifar10_train_20632,Validation,cat,f6006800053fdec660c9e748cb1b1175ff6887b09867fc28dd21484755330abd
cifar10_train_10722,Validation,cat,b5667702624f48e263b8def41fb7365ad75151320cf0bc2c31ae22ecdda218f9
cifar10_train_14485,Validation,cat,fbb0c43b3a6b6c5ad317dd165baf7bbf9103d7093bc3db7131117bab60c543eb
cifar10_train_26906,Validation,cat,cf91eed9fb78d05d357ad830ed6f81060e46bb0408ea2bbc1eb7551045984be8
cifar10_train_49298,Validation,cat,0cd5d9db3cb074f8eb5e910a4521142650cc67c4e0a963d3b2a02db720faaf92
cifar10_train_869,Validation,cat,5c11ca9bb0cad17ec7cee8735c935d1a5fb096d15e0e989db93abd375ef660b6
cifar10_train_34779,Validation,cat,6f103c5384b8dcb925ff99b53e95950f4ea7ec0eacc897ea4ff8854efad90d0b
cifar10_train_8609,Validation,cat,0041d90a9509aae106564fd34861376e156fc660928e0cfa84b2113457579ab7
cifar10_train_42012,Validation,cat,b8aa964e797b8acb78c84fab7d6bf9deb9b3cd666cc8ba6138772aa64f6d6acc
cifar10_train_48443,Validation,cat,9d0602f4696515fbef905fe99c80c24043111b97003a6f159a2b64e658d45b63
cifar10_train_14368,Validation,cat,1c8f13cf01cecf20a00b7313363b32c11a57033db42d27230bd8c2ae7144dd4b
cifar10_train_41027,Validation,cat,31f3c9e1bcef2bb61d0f331f7c2b0a835bdd8ff46b88e6ba43203459dba0b2fc
cifar10_train_45850,Validation,cat,0ac1123adaf275e5197ab2ad6aa84e0c499c861cfaca4fb200ab3bce33b04b24
cifar10_train_16231,Validation,cat,ac7e657da81d61132db658a7c482fd3b371927abf3a3a7ac24eddf0f365c0dc9
cifar10_train_36604,Validation,cat,e259a2841179bed9e1c379bb9af1a9081dd7df791bfaff229aa6b6cf81e1150c
cifar10_train_36781,Validation,cat,bc02a1bc667a2145aaefe9db69617db2fc2284c568d04f9b34a375d49667d982
cifar10_train_14064,Validation,cat,bc9f4238299b11dc6b87ddef82259d1626c8bf041f1ed8dc09009819f290ead7
cifar10_train_2723,Validation,cat,2b6c6088d6d6f908e8591f2e1c5ead5b631c0788589ce2e073bf93ffe408ff48
cifar10_train_6070,Validation,cat,73adb26d6a596099250e1faf4e2f7f30f250649041003644d7e0ed36c7eaf524
cifar10_train_41569,Validation,cat,9611f47aca1a77d67458685bb70faaaf9245dd50ac0e319054493831a002cef8
cifar10_train_43339,Validation,cat,ddc8dafa9db0fac307f482c5baf95b3df85b88c1812e4aad78b8a2712596b14e
cifar10_train_32006,Validation,cat,28ac19320261eb6e9026a9a4c63fbe0096606ef5582e118164ee333ce108a78c
cifar10_train_24634,Validation,cat,c5d8780ea86523a7537cf6e2dbc6e65533cf1227b9c6165b2642a80d7f28c884
cifar10_train_21739,Validation,cat,57e57cca7b142955d4c13894184b833c662f949611a473080fdcb4bf805f4386
cifar10_train_11386,Validation,cat,cd767729d3e79dbf5ab8b1a12288717200f1e03fd52ba12e505ec21b202f5fa0
cifar10_train_32172,Validation,cat,f6404f93767eeb7c16c6bce099f36cca8994724e52c243b20f9c832cf77c652c
cifar10_train_12033,Validation,cat,955ddb281ce34b456fd1ddc983d1bf595e691b15a78231308eaf2227a1131bba
cifar10_train_47667,Validation,cat,88f81ebb82e301bb96c37361014399224e357036cad94fa27ee0cde8010c4037
cifar10_train_17024,Validation,cat,cf878d34c2aa5a667bd275333ba85afc092b009a70f2c81a057d6d2e5d84e5ff
cifar10_train_38229,Validation,cat,05d2115158b733775a74c1c6972f162f2b14e95bf0280b941a08a0f1039f4631
cifar10_train_40226,Validation,cat,656635552bcea9181e17a223fdc4c29057412654be05dc1f5d3c5d4b95a86541
cifar10_train_39313,Validation,cat,fdf1dad09abb604188091ecfef13096391f88ada50ecb6c5e3bcee5674e68385
cifar10_train_25257,Validation,cat,3d298aa4e6d9ef2610cc08ddbb200e15d132d0d0d7c40ba73b40c3156e3a5e08
cifar10_train_30389,Validation,cat,fb0b2116c3e0253c51287657c29f0c6b386f6d3abcc42fe80d713422f20d71eb
cifar10_train_25077,Validation,cat,f3444d74ae2d7be69d52652f7e8b9409e29a8ef4994fc31afd415cbb0425c6e8
cifar10_train_10809,Validation,cat,aa0ffcfdaac43a28b26de8c971d5f6a3cc20eed799963f325ade99c6317ae4b3
cifar10_train_16120,Validation,cat,4bd4ab8b76bc5e3e00e09f0c46744518b9612c8dd7bebcb4db7831e16f7f2316
cifar10_train_45732,Validation,cat,62ccf6c8b2dba88d2c9f5cc71d4b2f8cf94bd9ad7085419960a11a2b80522f0f
cifar10_train_45415,Validation,cat,5e846ac0f5b17275e8bbfd790ae01120e7221369e83b0138e19cbe2ab5c40c14
cifar10_train_18187,Validation,cat,9a791f55b6c5bcfd5a793f2e3bf9d33c623ba0a5d64673864c5dc86030e8a3a0
cifar10_train_2505,Validation,cat,bed4a332d25e2b535bae303e3acbefc2b965802685909cfbba3da0433900c26f
cifar10_train_22245,Validation,cat,65dde392467e97e88d67a7e6b17f4db52d8442f86e43f54310ed007f0989405c
cifar10_train_11234,Validation,cat,8c3450f6ddde6c6daa8c795112c6ee03d166df92d91390ec52092b5e54f1c7a1
cifar10_train_43767,Validation,cat,6928ad84f95f833af77af3913d0fb7477739f4a6b293478ebfe3a057c398730f
cifar10_train_18240,Validation,cat,aa51e36629e2d7abb5e05dfb566f783286fa4402cad590fcd5a1f142761744f6
cifar10_train_18356,Validation,cat,02f706c292c054d8823710fe25014aa4886ecaf852332394821b07267b1680f5
cifar10_train_30779,Validation,cat,407f4fe5fb5e316937ca394ad6e737ddb7a9c3a2176bfd8ee0720b006a3c9c78
cifar10_train_20624,Validation,cat,ebff5bfd992645abcbb477b72919d3d83c0b320df01b028754d8b4e614ad410d
cifar10_train_4672,Validation,cat,fdecb2e3764557e813877334a8aaabc580613ba83f857974ebb29fc67ded9807
cifar10_train_31022,Validation,cat,aa4b22f9aa1042552fc5ea91ab40fe8228e7908e76a1d76a17c023199a7011e0
cifar10_train_34204,Validation,cat,b462c3f677e4df75b69d82c96852f37c33211fcc74594e57f3ba38f3a156fa3c
cifar10_train_42997,Validation,cat,afcff6a84e2fc9676571db6c3068bc21d1fe4b5ea930f8ccf426b4cf8ea1488c
cifar10_train_11970,Validation,cat,ac50b2a149c8d3056023e76865e2da445533e8b71ddf647c8dbf8505120c4926
cifar10_train_7719,Validation,cat,b82850da08e8cdde81f81185080e0984e98bc6b3f3afe57dcd0cb43a0feea917
cifar10_train_29936,Validation,cat,2074de03b56c8639979a0b1124ebffaf29827c66a867ff923105d7f8d4ebb8cc
cifar10_train_27254,Validation,cat,a589be5d078b929924433946cd3a0129cdcc3e61cfcf280b7bc895db678392f3
cifar10_train_42585,Validation,cat,1d19022fe59354c0e3e78e40d042888d92a6ce0681e6809052560692673a2efb
cifar10_train_1041,Validation,cat,3a515a4d916518cc0c05e5e8b321be2f7158f3f9e6cd304c7c2b483f09cd49fd
cifar10_train_45082,Validation,cat,7954deddda31560b5274ac4ac8e4227c816fd2b803ae9c361dbec8ef2c16add8
cifar10_train_41540,Validation,cat,9a7fd20b8903136f9412e50573f79adc941cbf0de1447ff53f9fd4c07e964583
cifar10_train_34987,Validation,cat,27cb8dfce5df99cdc84718593c56deddcfdcf962cbdfc67f1be5fd1dddd4ad42
cifar10_train_5473,Validation,cat,2b9b76c37d644a000b7e084c2ba94b41a2cbd0fe4e0adbb29fd78e5158f905df
cifar10_train_44550,Validation,cat,d6131d837ecd02bc9a72da83f87a921d09526d99950a1e37bbcb61b2bd4c1c68
cifar10_train_31463,Validation,cat,2014a7270cf4e4e85ef5f00584b28a31cbf61a9420aad530371a9be679a18705
cifar10_train_19780,Validation,cat,981671520bdb722436b85df8bc931edebe5ac7ec4249103efdc8c4ee3a9104dc
cifar10_train_6607,Validation,cat,967cfec02b6489b0cc8708ff3cfd8412d154c1e27ddc7a8ca9b317da5ce4ee45
cifar10_train_48506,Validation,cat,f24ae86fbde646d63025a2260c42e8d7f139cfc6f447f2e2673395bc119d5863
cifar10_train_38699,Validation,cat,a141492a27e60e4c627f6c5cae161a558c0a51a7dbd79611c604b261fdd5ef4e
cifar10_train_26544,Validation,cat,944d0b604ea07c7afc89077ae7df974501ce391d1ef1dc2239ab3bdecbe094a3
cifar10_train_41719,Validation,cat,15191a0feae0fcf4f4a9d14e4a269afc69825c28451b30d0c560f535de7a1604
cifar10_train_34011,Validation,cat,185a4e40e353a5fe43d498483f2dbd4d3fe1f3f9800605f165f70951b96a7626
cifar10_train_22278,Validation,cat,5cabc70028db68b99799fcc0f344eb1daea39eebdd8c156f344751e6b659a541
cifar10_train_33717,Validation,cat,c5ce4a7f1fe482987dd83be0a5eb92bed07027aed8b9198bd7857828ad690b0d
cifar10_train_24443,Validation,cat,ce773f5074ea0325b6a82e1ef3008453c229b7997f2a5bc08afe49c32fb58892
cifar10_train_12882,Validation,cat,f15f3060bd3a8723b88206213002d734810c8cabc955119b072d2040b72f1688
cifar10_train_28574,Validation,cat,b636bc7ab306773ef1da86952dfc8375da18e0c40794cb4d36810a4d251f3522
cifar10_train_45568,Validation,cat,f1b05aa240bcab7880aa89b531ca436d66dd0338bd8f6e64b41b0d5ebb818936
cifar10_train_15876,Validation,cat,4e380091169f98bbb647a4e9c5cd3e28436a92e22dc2c5e9e143b19e58bc151d
cifar10_train_19872,Validation,cat,55769d399ec036ed12052c11a61c8b9f1655f6a95a530005322ea9d551f32014
cifar10_train_45752,Validation,cat,1a1f369cb4ec0d7c9d53a44852ecb6dcd34db1d8a699ad8aa5b81cf2e70b006d
cifar10_train_7142,Validation,cat,bcf16a8ffda6612b40337d9b55e6febd68513d7b830df98ae26265631f5a6a2b
cifar10_train_16339,Validation,cat,b7a755513b7e966ec6365b4779248332fd2c9ebeb9e03d81750618a0aafac3d7
cifar10_train_44808,Validation,cat,ca76bad6b65188e2df260b327f216e278ff42da9e05c40408bc903931bae332e
cifar10_train_8822,Validation,cat,edda63039ffe3885b1ba337492057dd3610cdd6babb9a9bc3b30c40c214ede2f
cifar10_train_1271,Validation,cat,490d432f40434ed31c249f5e73e8876c44346229631a3c20cdf56110eb0f4c0c
cifar10_train_8808,Validation,cat,e85b62d810cfdfe9e565f3339853372506606ae8649c97664b20a76c0a16c573
cifar10_train_6151,Validation,cat,20949817126826254a8229d79fb5eb6b70a07ab13a8dca5eda80c18e005240d3
cifar10_train_32451,Validation,cat,594b0603392dfcf193d503bff0826c1d537081443a3e39cd1467b4e7a11aebfc
cifar10_train_18833,Validation,cat,f7d8ec26bbc9d5175ecb14b92fb8f27498ca245c8a583e6cac0bf6d57ad6fc0b
cifar10_train_47804,Validation,cat,4b1e2c8f735630d457a0a8b6b1a7784163d06b2779e1ec4bcac495c08de58949
cifar10_train_31907,Validation,cat,deeebe0e5f87db42d3d35bc204662b3a3cfbf17d5677e544a6770189b77555bc
cifar10_train_28331,Validation,cat,6b35370cffdc233e2df6e3b15ffc8c53387a845bd182c66ce03e22c3d550dfaf
cifar10_train_24652,Validation,cat,a862195ce96145e0f056805bb5d1122f2d9900802539c53cc387aa9b6ab2b97d
cifar10_train_10814,Validation,cat,c06a93b3df3d15ac6ea95316ba0ae8a15c82e09d39ac91a9e5f21a7d087e5bdf
cifar10_train_49692,Validation,cat,381956baeaa287b687fe94f817ac0f6fd436602261498bac385222b8ddd0a02c
cifar10_train_45209,Validation,cat,edaca96513b8b2316aaecae2dbb319d5b9784e73edc9c9e10aab97d0fd4237e4
cifar10_train_1363,Validation,cat,7f63fb16b15f637bb3012f846ea25b528c59b5e466a2f287e59321efc03656e9
cifar10_train_4437,Validation,cat,c461744e342fec72568252191d63c3a6a293555b54907049e50d570e2d2ac2d3
cifar10_train_19422,Validation,cat,3d31a65dcb122d13b4375edbbd2cc906fe9df91bfdae0921ae92cc5e13b2b0ca
cifar10_train_13167,Validation,cat,1ab81a398c9c28feef914aff3be320f6861fd9211c25639eaa9c01afbb477784
cifar10_train_26336,Validation,cat,902ce6a07ef449a388c4886fa85f57051c13608a1150baabcef3b3f410ba8c87
cifar10_train_45909,Validation,cat,2a78b11648d209d08e95bc190211e8d832c6778a1835be662aefb7b0f7d6655b
cifar10_train_35582,Validation,cat,93a975396e574180b7aa2ef6c9908cdca5ffa4ec00d8d0f0fb2b135f8a9911b4
cifar10_train_9394,Validation,cat,a9c40f21f83c009caa2f88b61497ba9718b3c8b0d4d2db4a709fc31c66777141
cifar10_train_40558,Validation,cat,2bc90458f509c689badf6f555b19616c25110aa7696f3dee4e415fe64d789641
cifar10_train_19647,Validation,cat,ab014523434fc6fc491427b14e29ed67e6616568bb3318851d59016c529c5c59
cifar10_train_40369,Validation,cat,90a28f8e80c2f97527f1760c56a4ce0a4b15d4f0c9cd2f6c0efdfdd3ddde1da4
cifar10_train_22463,Validation,cat,7adc6a7062f1a232e1980a9628ade823ef9b26d29aa1470f512fda28b4a5e2af
cifar10_train_37297,Validation,cat,6efcbff00584f088c0e833107921b82b58fbace62ddac207592c688a60826536
cifar10_train_59,Validation,cat,15c22d05969d5f4e72c887ca671503bbcf68fe1cea460ed0a7fe26c8494a974d
cifar10_train_39822,Validation,cat,98527035e458432396f6f28627b8a7663c82f18faf9ea2cd30c43aa3f3f3bf57
cifar10_train_33177,Validation,cat,c8aa2f085c0a8369770af90121e8c85718fc134cd59ce5f5766ae21f7ff40d6c
cifar10_train_11195,Validation,cat,7f044d2f8c17895b956fc09941f489280b487bcdd0668fa7f64096f77f84ab5a
cifar10_train_38246,Validation,cat,b2ded836018e0dc45d4402e07532c9ed33d47aa71e12b6755e4f4e33c6954ea1
cifar10_train_49900,Validation,cat,b2f59cf9b2f9fedddca3f84805543f9bdfa001796c104108dd06b63f91c60878
cifar10_train_30866,Validation,cat,77151e4433fb0799c2f32e507745dbbe75541fda288b43768b8515a3b6c21574
cifar10_train_45933,Validation,cat,d8a841b24b8a3dedc7d33a832165d9ef190cd14b36a4e4e21e605ac3ec130044
cifar10_train_46812,Validation,cat,57523fbb5a53e0191d1d39aeeea1352fefd58c58f487459a77b195227c185b0a
cifar10_train_13019,Validation,cat,1a64a9f87eccddc500fdbca51844f7fa670b02dfad9b88596b87be084e5989d2
cifar10_train_24031,Validation,cat,66ad0c99810e3eb992281dfd183bf8eefe7e054c08a135e118b560e9143fd229
cifar10_train_39898,Validation,cat,b3d7f54f5070ba467cf95ebc048634e782466d46391e31cb3141d2da25efd8bf
cifar10_train_28162,Validation,cat,6e61650ceb01c085e95eb5a86e6cff0c5b833beb63a6bfa17cfc8ad3ff733252
cifar10_train_34579,Validation,cat,a46b5f49057bfe3d0b926aebadcbd95400376badd56a822917e0d5a69e6f4df8
cifar10_train_24036,Validation,cat,cfe921bc1798c5522123e10bafcfa0d36a5989bbddd20173118d5f1093c761e7
cifar10_train_43733,Validation,cat,2c2a902b78f26210bae25c56bd786fe4c6a47eea1b08bf2d2a57c7659a5bf856
cifar10_train_36269,Validation,cat,b95190edb08b532c01118a745074c78a6d5af09fe591f51255fd10c7f30db04d
cifar10_train_41918,Validation,cat,63c88391486df06d03cb281173e056cbfea44397be2bd8420bc769569d93bbeb
cifar10_train_28786,Validation,cat,675c0c4d7636df79f8604311c9f389f1254334ac62618017cece9bba4d0c1665
cifar10_train_4117,Validation,cat,6c04adc35cbf4dddb0a5f9803f577d6eb33227d31d568a32aaa3a1c17a764ade
cifar10_train_18371,Validation,cat,b7f38674e0a28f78c6291440470a6f5a9732966a6bcced2bd75641fe4ecb67e9
cifar10_train_37733,Validation,cat,b0fd43c9c170bbecb8676621e872014456199fe3f9daba7f966a8a6a041d17e6
cifar10_train_11192,Validation,cat,5cd411d0e21d5bb4190e3220b0a10828882a89f02ce58b80d6dfefd87d41a57c
cifar10_train_48088,Validation,cat,be6ef26287225fe1d9bd65a1868f2f5091ff5c61793151442ff311fce4b4c5f8
cifar10_train_25081,Validation,cat,41293e090b27769f4896c6fca797bc592f23602a24cb6233d70a2baa61ce258c
cifar10_train_23239,Validation,cat,67517d03bf7b4697a869cc8bc2ddaf06e9d109f1124a92466d338c3222c14130
cifar10_train_517,Validation,cat,44075dd1dec87e2319cd809575b7219614d6985878321228065b5a9307718005
cifar10_train_44950,Validation,cat,d825ef2d34c0b49d183301da5fa423a6ad51c741125b5484bee2648c15c45fe1
cifar10_train_28319,Validation,deer,44cf581c5cb378b6509355839541e8c728e5965bfdaa1b8a2a06dfceca2589ee
cifar10_train_3116,Validation,deer,bf2efcf92d170098c88eb5a06a72131955d8b2b02d3c16da60c690156bae8f06
cifar10_train_966,Validation,deer,65aa38faeb614b28e93d1a6f554f5c0bc3169a43c6fab1bcbadb506c3238792e
cifar10_train_27285,Validation,deer,3a9bd7531787d98509dd80ef267606107f7b1801757a9d950aebc87aff1f7d96
cifar10_train_17801,Validation,deer,79b4cc8fd252c95c1e71110c1efe02e0e1c673ece3341c7c00c4adf2e9225b4c
cifar10_train_34,Validation,deer,0a0bf43c61aa8aa109334f2cfc64cfae9d76d0951a94d836718c48d417ab52a4
cifar10_train_5944,Validation,deer,4d039d8aa801d55d1d9f44ef36a95804f1b65f0f194bd5e832fb9da383018fc8
cifar10_train_34589,Validation,deer,359d72a2c363af8ad72a1c099abf2f4632ae1f2944a369f14036986650689216
cifar10_train_32450,Validation,deer,a9767f03477a55a0f6863ba7404abc267046683e5478784f098f60a2d4090399
cifar10_train_10489,Validation,deer,23aa26473069c517d0b9e919ec65f79f511ce1cb0f6dd9d645a168f295c4afee
cifar10_train_28375,Validation,deer,fd8f42d574b9106efb74a17f6057b527ef35bfb5dafb2a450d89dc3ac0b52350
cifar10_train_47144,Validation,deer,5066b113c858c4fd8251279662527940c057eb10a728f4999016c3b920aae406
cifar10_train_16155,Validation,deer,2a27e2f7a8cba446178d2af51f08ef73096e81b04cf2bad3a1269f068fd57ca9
cifar10_train_27572,Validation,deer,5b9af19df044fd39f1c674303a8e4a1e18fdacae9735a791bbf1d5224a9ad9e3
cifar10_train_33187,Validation,deer,2c84f6068975885c8c4a02dc388d082ddb2b516482eac2c3b9e0abd2e4a7c693
cifar10_train_26926,Validation,deer,2062f7f8e9e8cfb84dd1b5fe3942d395fc3ab1f7ffdbdcc948c9d4f3d4489a27
cifar10_train_180,Validation,deer,61ea0a504ab055e648cf62af011618972cb47a6a9c75feae52b24052c88f2a91
cifar10_train_23611,Validation,deer,3fca5beeed7891734ac6952a7f1454431ed5a5c94fd2eec5a2249a1aaf03db2c
cifar10_train_27062,Validation,deer,d59555fd0cad91cb8c06a48f46cedb98c2b428019f1dd741c2ab45886702822d
cifar10_train_26854,Validation,deer,44acb493315e729b8acbf6a3e5173df95c92cb2ad14818631cdc9d88ffffaba0
cifar10_train_6173,Validation,deer,bb86e0c9bd87c01378c9e2d62ee374e52496da5248e3ee89f4b01cbf401eb899
cifar10_train_17299,Validation,deer,3a92bb6a2f1e8325fd64bec69ce342843c9eebab94b4fd4e5706d12b2a4f5857
cifar10_train_22981,Validation,deer,9991be86b097a942d1835d1a3652b8b46e0f7a06ded90e1f8cfc2a94be458e32
cifar10_train_31916,Validation,deer,67fd11aeb5e88c7b704e6b162b625da1097885fc0ae8ac62bbb05ba8a0243320
cifar10_train_29632,Validation,deer,84e6a934952623ff6d7bab4b9e84aa478156257c80cdb2e7e1d943d4c77c92c8
cifar10_train_47415,Validation,deer,c6340a5c2e74479547286de13a11f48f9ee0b57ac8bda1024f82cc7faa071667
cifar10_train_33245,Validation,deer,37288d55c5335d7d548f1f9d01f24fb33930381cbec1a4be7f106b56d11496ec
cifar10_train_31860,Validation,deer,4872898e0ca76b93e323122ee69ea26da0b58ddb31c59b63707abe9b145f26b6
cifar10_train_41237,Validation,deer,342de315633ae1c97e0d15634887afa8855a4f42748f1804a7c707ea53ded94b
cifar10_train_22985,Validation,deer,832e6aa677e2ece8b0ea4bf48e6cc91604427af2c389687c477916bf52a101a9
cifar10_train_25806,Validation,deer,d7f4e26033519a2669f4da55c1c8bd00ddf02a24ba960d604da7567b4e82ff2a
cifar10_train_14412,Validation,deer,b6573660aba266d1f03ff6f89fddd0b7045d3df3aee0c5cb8a219e4ef1d5dd2b
cifar10_train_6505,Validation,deer,9d25e3c74eac473b8936fba112e245167a9d3fd714be969a4e32d0c0a4af3a91
cifar10_train_21033,Validation,deer,d5127fdafb8f104df5714f14768b5aa82daa08f4b92157ee38b4171331a50223
cifar10_train_36600,Validation,deer,dc09750fbc329fced00f303149d10f5642fac2c8851fd52e73dbc286e53745f3
cifar10_train_25024,Validation,deer,23cb6a2c31f197852fc0f81af914e1304de80f821e71a0c8a11d17c9c9567114
cifar10_train_30230,Validation,deer,0cc7b9b92c2dd529ed6414fae0a653e7cb07f63ededf14f56acf4bed541369b9
cifar10_train_9731,Validation,deer,f542b1ceb7700c33dc371de42b26637b8b517354d5b09cf919f19cd6e8cc49b9
cifar10_train_22005,Validation,deer,39ec7aeaa334fb49b986af330081accd4b9027a7ad1e962940e2207d5b241121
cifar10_train_42109,Validation,deer,baf746a6d14e31458b59182c6a460890ce1b1f98866cf9976eea70a2723dfc99
cifar10_train_10239,Validation,deer,5ff2ecd1227f1148ebbd61b1c5476bd4386bfb3cdbae75ffb1fd4dbfb0236065
cifar10_train_28470,Validation,deer,9a50ae1bec78e1bb600b55aa5ddfa909022a1046b5a3a30cc85652db792d8c37
cifar10_train_31668,Validation,deer,9c39dd43b315fa11f574d76faffe389dd85ecee1dedd950e51e4620f23986dcf
cifar10_train_15415,Validation,deer,8c365cb61ceee83f7b8ed0501f01215bb94e5866d0613e957fda4014d439552e
cifar10_train_39740,Validation,deer,e6fe49f4d68ae8d534ade8bd95a164bfeccaef106131e4ebae29afa487ff9ed5
cifar10_train_19142,Validation,deer,75a8759943f588ea6d8d30abc9ab07c100af23a2be03d023193b0289bd3c5bc8
cifar10_train_35624,Validation,deer,f07bee3e1841d080ff8c13eb9c83b35f4109750f98018a91d224d5fa2f9726ab
cifar10_train_1817,Validation,deer,b179607b359e151dc5ab3685b8691357764178c46bbcbb3989577bdf34fafca2
cifar10_train_2900,Validation,deer,0cbfdf6841dba205685d1b7e6e34b5ee851432a8ffb7ecc3f1246e6a416ab0e5
cifar10_train_14726,Validation,deer,0358ad26bec5424640668c78aae77b21c6ea2a9904fef42113acb184f6a7afe1
cifar10_train_13464,Validation,deer,60291e38fbb4de43e25a0921f059d6dfa8b5e48a9ed59139e1b5a4f2a9c6cf95
cifar10_train_4695,Validation,deer,af2ed1a9e1fcb67b113962bea42398224506b38a12e5be2755403775460d151b
cifar10_train_33215,Validation,deer,98bd884b418c1e5a02d3aaefb2a64ab2a8ed1f406d8074c7d34d2cd68bb69427
cifar10_train_42526,Validation,deer,fb12223325c71c5e1b69f0091329728619e32c23e36c4e67c31d66c8bbb19365
cifar10_train_13972,Validation,deer,8e1161d290060ed6996bcdcb81fb5e9c67bf2733390b32db310b19d5bdd70b7a
cifar10_train_34585,Validation,deer,ee5631d3ed0baec364551496608e029e90b509c2c386701be239af0932ae49c4
cifar10_train_9775,Validation,deer,0e77feda354d0cd91e59e2af29dbfad5336d95638260591f2d7eb4d62cd97794
cifar10_train_29184,Validation,deer,f0c1a63c5ba9b15c9745ddcbc5d6bf5f28f74a963dee7d270574e33854d32af5
cifar10_train_28729,Validation,deer,4805520150e31ba4f193880be4247b764f6d0056cde3b0dd0f190f94588565db
cifar10_train_9691,Validation,deer,85a55499635407fae60150ea8c622b548b40ef6cc33b1323c0b833ac101e3462
cifar10_train_49475,Validation,deer,af4e050155c6831beaebf4f0df173d3d3351aee5f3cf3b545fd403f047072128
cifar10_train_24236,Validation,deer,3bdcdf44bf2344c389fc5946c7ae3c37979198f7dacb748f71b153a56a96803f
cifar10_train_41958,Validation,deer,19c6fb2367b0ab3573dba658e23e41629242fb6cb11098c7fdac226350aaa9a9
cifar10_train_19145,Validation,deer,ffc516e801014e637bd4ad0273f8762af6164e851d47cc0fe81ee5a7f40457ce
cifar10_train_45132,Validation,deer,f11ca63da9a1833ca5b55f758f16ab4a9a05436b3e08db01f3e93ea54f8beba6
cifar10_train_39249,Validation,deer,8162f90d9beb03ef1fa57a2c0a66c1fa0cb50402659b3a0a4dfa33af50266473
cifar10_train_1832,Validation,deer,b872a8994fae037669d7b4630fc3c0375fa61fc2fc5b940a62dfef0a1614e57d
cifar10_train_2257,Validation,deer,d879ed4a17c0af90fa47f61c51bc63e4251ce8ed72a06e1b64c5badce7dd249e
cifar10_train_49414,Validation,deer,cafbb67e05df71ed8ac0229c88684e7f7ae2ac2c0e7dfd4a3956241e5e91e5aa
cifar10_train_23474,Validation,deer,6f76b40b3d967c5158360f90bf6e54e5d99432af5398005a3710ed9cfd527ae9
cifar10_train_15537,Validation,deer,0b1ecbaea097a37526f12f541d7985288e60cf6ba52a63f8d2b02d09aecd853b
cifar10_train_28100,Validation,deer,1c772ea00de2dc9fe012ea21cdc56a9c79ce57ffd7f23fed56bf15f3d2535865
cifar10_train_16151,Validation,deer,35e719e32222a9c3a11996f8dd4cb8438a096f08728206683ec7c4feb12e9f2e
cifar10_train_32088,Validation,deer,95aecf2a34bf72cc0c2e506781516cedca34c33d099d3fa764333618c0091691
cifar10_train_38015,Validation,deer,0c3f1799070df587b912169f574b0c946ca9f6ecb85013fdbd2dfe85aba448f1
cifar10_train_41897,Validation,deer,2b927e681ef4471a63ff0ac14fa41f025daca571cd93e8bb8b2d059b55b24cf2
cifar10_train_31143,Validation,deer,1d1887880c120697cdcbe0f40ba0943bdfa8b3733059587279fff46c5e2899b5
cifar10_train_390,Validation,deer,e971ba59df13c97728ab38cc6b34da3c51c73c30222ab96508d3530b7817c2fd
cifar10_train_16179,Validation,deer,1cf8d1c33814f3cffb07ac87de7596510350aa6a9b2fba39355722e213293215
cifar10_train_41148,Validation,deer,31c2df0cf6986755f061d6ce13900aec4ec9df4e67fcf42ad3ca1a6d1963ee6a
cifar10_train_3587,Validation,deer,27305f08d24aaa42333fae42334648626f91ab9baa8f9e15a6df0c47850e1168
cifar10_train_23943,Validation,deer,2450665b2660e0ee83292f077381e5c434f5fde455894818f4119836b8eadf65
cifar10_train_9013,Validation,deer,4e9c38afd60caba6e63028880a9bba61f843664fc2335db0d0952c705433f7c8
cifar10_train_37875,Validation,deer,8e98902c30a439ee7f3a517f9bd3fdad479a25bad7743d89fac19c8352520223
cifar10_train_489,Validation,deer,3868c5f048c2e68f19709ab8abf348053bb6a468531ea1451c2ef09e95cda326
cifar10_train_25666,Validation,deer,cdc53bb978d2f9d04f1db72c252ca795d1ffadb6187c3f49c1af059f8a9c74b1
cifar10_train_13984,Validation,deer,bd669a6c4a7d9b77c77b2eae2a7f345bdb5d034df577e51282a50f641ac3dcfc
cifar10_train_1791,Validation,deer,29136644ba5c7ae7a1499ad20a74748e165f97503b0ff3e75da35f5df430cf17
cifar10_train_35877,Validation,deer,ecc44ba27ab147a8f4282f0c285a07063f5def96a37b24b4f03f11024fb36775
cifar10_train_27342,Validation,deer,f742f0d5e4d54dc6a7d1e1b65709cff4c85b9dc44a60fcfb63865009afaedf04
cifar10_train_27384,Validation,deer,a7baf903f941195cffb65b2dbb6ddb22a2cd6dce0818d35d5cd52f60e5c85cdd
cifar10_train_19262,Validation,deer,97b7e8403b74ae8079f8fa18c30e65be72d64ef081333627b9441e96f61ec6fa
cifar10_train_2943,Validation,deer,d18826c2d3698f54e122f0c6711ca632962aabcd4281d03a4b77bbe0206f76bd
cifar10_train_40588,Validation,deer,a0e441e193bc7d1a3eaf992dc5a9dabd2039a6a2bac38943634abebdfd678157
cifar10_train_2835,Validation,deer,fb8addee5b703bbd6e9c8e6dbd9723aa2813c69a741ae01cba2a2478eb4f03cb
cifar10_train_162,Validation,deer,21ec53d3ae9a75fa0ce660d0728d0a4c25d9010aa440bbe94ef9e859edef5f67
cifar10_train_26946,Validation,deer,05ab2c3b7d483ff26a7da5c6889efd17b68dd44c3358b904d5435a635f20e4e7
cifar10_train_9872,Validation,deer,9cbb1239907259359ad0cd6ed7fdedcddabbe3cf39f24fba963c42f382287220
cifar10_train_33703,Validation,deer,4185ebe8fbec76cf5a1c55d97321bc6760d041f319a1aed28c9a16c8baafb33a
cifar10_train_11398,Validation,deer,cab27c41aea8ee0e6ea78a6366cfafa2e45f8b2450fd61a3326e0a3099c07d8a
cifar10_train_14186,Validation,deer,631d88570e6310bfccf1be7979a08a44af7f85ab5d87ceb9828b998c5d5ea7b1
cifar10_train_32518,Validation,deer,182d7f0c3fcf77023190ddb07b2b7539dfe6dba2b4befae575785bec2e379417
cifar10_train_3397,Validation,deer,ff8397f013fe50a9bea70c2ea1083014b598fb58002eeb258273079f7a961a9a
cifar10_train_9000,Validation,deer,215d4740f7e375945eedc5cf490777f132a7006306e206489d9a1b416c0b84ca
cifar10_train_23743,Validation,deer,768459b761bba817d1986e4cb572c23d697a28572a409a3db8e562bd33f42509
cifar10_train_32391,Validation,deer,01a1defacad8e93c549ea5898c91087797905ed90d7c67773495510108d32aab
cifar10_train_28913,Validation,deer,3fa09a2780127e28ae8e858f2d587e10729da4a68a765ea150aee2c6d5b2978b
cifar10_train_42313,Validation,deer,5ab797fc807b0de11e7a9d2f49dc10733fdd856b6c731fd6e32643c324a06892
cifar10_train_34425,Validation,deer,e378feb91d8e96a5d3929856c2138a57f3cc7249c3f976dcb386f4c90e805fdb
cifar10_train_41726,Validation,deer,3ed0961b42381f82be6a24aca3fa0ee48daebb21dc7032cdccbbb8a720b9c8ee
cifar10_train_42070,Validation,deer,f569661a6809a725c54f3a9f0dd807733c5289c8e2f86d34e924613e9c5594e4
cifar10_train_33037,Validation,deer,6a8c1ea1447e441c9ba543d218ffa9a4b9c90705f66b792281b7ffe053caf749
cifar10_train_12253,Validation,deer,8dc0d692d8dae36b2fe8d5e3d964d47c0f593d640f60b3e7ab2d36aa0d2b21bb
cifar10_train_7317,Validation,deer,f0bdacc3e2dfada5f05c3b0c1c179eb17ed239c9ab7b164613de11f649eb8f43
cifar10_train_12416,Validation,deer,8ea886b57cdce608570ce1cf9c650f3948fc3d3cb8ed61956a280e15ab1d2148
cifar10_train_3936,Validation,deer,d0e14d656b4244a72ec18bba6f2f08915643903d3612add661faee0bd7410fa1
cifar10_train_23211,Validation,deer,66efa027ee8f203af76f61f0dd841ee2bcd837ff995fb056922703722c3286a4
cifar10_train_3759,Validation,deer,38c5aa9c445e4f8e88a107240b7b5b7563d4820279d8f752e0eba0953000f53f
cifar10_train_44007,Validation,deer,35996a77d4f1969c1031c334d17a0c0ed08ac926177cc5cff96f24700de784f4
cifar10_train_29041,Validation,deer,0e2b507231ad645ff2cf8c38651bc226cf1bb656375a34fee520deabeedf70ae
cifar10_train_31476,Validation,deer,49628199f1776a25a395fb089761aad31236f54424655ddd7eac35b5e59e2044
cifar10_train_36019,Validation,deer,fd8ab3a7a9761f63859018859d4982233484a2568d6702ccf111d85afa1566d6
cifar10_train_15666,Validation,deer,bed91027d8b6abfd8ca1abf10ac0cd521eabdf2a606fbb76aac926b3c3d67e90
cifar10_train_2911,Validation,deer,1b76901f571cd26edeff0664379cfbc74793582ab62f658230ade68daf669570
cifar10_train_27247,Validation,deer,094a6361f77ef07d7843c96451b96c248e4338330ba02ea79d3d4fdc778376ab
cifar10_train_32276,Validation,deer,ae692c14cbac5bc099cdc644a60b60fa2f7bef421cf0408db19e2e7d913f240b
cifar10_train_18507,Validation,deer,31a99f0c29673a5259c8071c83f0b6125346ce82a27927721d9f651f25ac122f
cifar10_train_10478,Validation,deer,9c39c1b2907877ce7ab5c594b4633422af0403c6004e09373fd572dad219d096
cifar10_train_979,Validation,deer,5809c278738e2e299a952530942233d9859ddb732c2b8dc145b9c9da43a392b2
cifar10_train_47408,Validation,deer,247b28e6286992a8535ca582b08cc9a00bf9b99ac1b304ed2aad37b395fd5f59
cifar10_train_14555,Validation,deer,fda26ea28ab828117ee76688870104a87d58f126437005664b019d474e211b67
cifar10_train_38173,Validation,deer,fbcc1b370736b340dfce2ddef8ead0bbe1280ad12cf9209158618e82f726aadc
cifar10_train_5739,Validation,deer,a1d6a7de1cfce24246696c7b57c1ad233aeca5e3266bcd8fda074154cc4ae1d5
cifar10_train_29466,Validation,deer,b3cc2d56859e9a07c773560d972cbdc4394cd61ad7a1aa07a31f9bed221270d4
cifar10_train_23421,Validation,deer,96ea07b0cbd93e89f32414de91b940c3eb6c9a0d6f71e31c5ecb33f8055584c6
cifar10_train_47869,Validation,deer,a0c3f7082c4ce4e77cc9ee26e73b1138be432e26057140e24d38b575bcd67e9b
cifar10_train_30719,Validation,deer,05c8ecf55ce563fb72ea6401c6f01718d4b53cc19757d0cf81785263fd2a5164
cifar10_train_48023,Validation,deer,3b524d639cc868ef717aecc58be8177aef582df39bcd6ca1dfe2b776e90209bd
cifar10_train_45121,Validation,deer,343869f0d236f79f3a107840d76414a838a53f0cc37be0256e6ffe67d301cfaa
cifar10_train_33688,Validation,deer,de262c03c9cd0a08fafeb6cf99d42e6b6348ab02414a6f327e969b2518b281ef
cifar10_train_32120,Validation,deer,01b83c9f10a0999f5050a95693fa049fbf47e07d34b5079e951013b79bc44cd4
cifar10_train_10640,Validation,deer,b034383da699361ebd3db812e037e27b2ae6f3d1d281fe31fedd89a34e755079
cifar10_train_26715,Validation,deer,2ac64c32de7cd449959fc63e5057d9db6851e99b8a5d6bad68b5315382630fd9
cifar10_train_23420,Validation,deer,667636800e96b195da05081ac4be1d381baf9982a183312d8ae38d5dc5b7a478
cifar10_train_45133,Validation,deer,82606d211f0f1aa07c5199c643981f29a0ed867f12e9d0ec55a53738f1e92114
cifar10_train_45408,Validation,deer,c5e5d390409608ba6b46f5a5f1e882cb007f5b2dc9f2d84ed3713ed61ec62e17
cifar10_train_42769,Validation,deer,a1ec4c724b55b8c39e7afce2df1a856520fe40e34547fbfc0a90e8f6aa43e58c
cifar10_train_21603,Validation,deer,4798a2bac32f1ca0a5063e1159d20ff336803407d1f10ab7e52ef4e37f4cb24a
cifar10_train_34051,Validation,deer,eef370e6ada6fdb2c692314af3a7922438cf996ec01f83f5ed8b65f26cb7828c
cifar10_train_1225,Validation,deer,6d808c82d36b47c368f8cf2d46ae93c7aba27a4c74c4d129f3e17ea0d65a15b8
cifar10_train_6358,Validation,dog,1c248619ee5b8b2a86e57318b38d474ef65986568918db4c0072f7cfb3c7b339
cifar10_train_24442,Validation,dog,3b1cbeea0dd98bbb74834a501f042a9ecc60d6b2250119b28eb682c55c04b017
cifar10_train_19007,Validation,dog,50daebee26c52938a8275ec0644bc8d1f842a80d7a35dea90f5e47580b7db5ed
cifar10_train_43156,Validation,dog,e39b63c8d439f2b3b49cd57c588e604a2818fc9c47807fa7f4d81f1d66a3d732
cifar10_train_27892,Validation,dog,88623351e03e516e419ce2fdaf4e7c50a9ae65a6a2db5ef00078fdde7072060d
cifar10_train_31347,Validation,dog,e5f3ad164a08be8583f765c7e5c357116c6807ee298cc80675184381928a423c
cifar10_train_2940,Validation,dog,00084572cf780350c72f04eee87c30a5d1a1d794492003d9ef30030841a8e3a8
cifar10_train_46597,Validation,dog,21f3518e079be7edc8c65ae1444dd471e857ce8dfb4566dab44d49b0c8c89971
cifar10_train_23949,Validation,dog,fc7ba9e93c3b3799c58cd229baa405bad28b2e4f93b13bc25ff1af2b8538249c
cifar10_train_15475,Validation,dog,d29be70e35e9f3347229488330eb273737ad7ff614234e43092f49ea2e515c1b
cifar10_train_8742,Validation,dog,809974fb2bb69dff17aecf4b4282c8a2170d8f6fec670a81418bdca223ecd489
cifar10_train_2522,Validation,dog,dfbe4049c8f99cc9f00cfa37e00b7041f8dab9de76e7d27b281964c2d462e2dc
cifar10_train_29204,Validation,dog,78dc313e873d09268804430bcaa7bcdba052a2e28219a31783c3bda7f1ac2b9e
cifar10_train_44439,Validation,dog,f56ff0f4623de84712f62b458abdb45c0017413d62ec992c54a9158fbe2c06d0
cifar10_train_38140,Validation,dog,ddcef6d967e50dd63c9b2c5b81751109e43c9dffd2d8e957f17b2eb761eb4751
cifar10_train_40351,Validation,dog,3ef66943c9c34863d1c0deb2b02e4472a8ecb797dee7c4f91031b88ca0b754f7
cifar10_train_14034,Validation,dog,47225076c562952a3ae5231743639a2f32ae586d4c6105d1487b101be2c3a577
cifar10_train_12947,Validation,dog,380684a910b557bf01531d5bd95bb4382bcf17047fad773077c5bdf2dd13c8f8
cifar10_train_7742,Validation,dog,fa6c718fbe589a0e0e855f185cdd7450f61c18f4b292d3c29c3e1d38ad507223
cifar10_train_7032,Validation,dog,dbcfbbd499b8e5500f7622b0f3f04b2bc9c317e788d2d415e32bb0a9b1144d3c
cifar10_train_35034,Validation,dog,f20e37b8614e3f409bf692ae0ca523d69d7635d151e247ae2b1d2edf229f8670
cifar10_train_19434,Validation,dog,bbd79b6f83b20b9916ce84caf1ea550e4bfb4fa69ccb9e45eed6dc2fa67c0d6c
cifar10_train_26753,Validation,dog,1d327d940b6677cf24aa09a2b9c869897655f1c0e69bbdfc5414cdde57292ccf
cifar10_train_6154,Validation,dog,94ebdbfc0c5d9e6d91c9f48fa44556c472fb9630fb4ec465953d746d54f8a84d
cifar10_train_11437,Validation,dog,52775610afda5f9021e97700eb4bf01a2e00202419c6ce780dac8d71551b563d
cifar10_train_21920,Validation,dog,59a6c223dd5d3be77ac927119f01a58b91c2e686bdf7551c87fcd6b6587e25a3
cifar10_train_40772,Validation,dog,c607ef5a44dafc98f448363965d5c263301accd7daf3350fbd65ecc2383a0bec
cifar10_train_34391,Validation,dog,7d09b98753f3612b4b234004372134b909a6c76f6023a952c996036c0440a2c8
cifar10_train_762,Validation,dog,11de44543392ad74754bf189198f7651f2fca65624bf6cff5c2e7b3d9d2f7ff2
cifar10_train_31561,Validation,dog,eb5a61836a9a8aa55c72ddb18b6a51abd80211808c30e26d0f36c21b153bd8aa
cifar10_train_39642,Validation,dog,8f7434a674cb6d4a2b608b995fd530bd16f69599142959e57c0a2dc4a42690b0
cifar10_train_26827,Validation,dog,2f94ada7eac8f43ff35564c208c78a5138511cf18bff26a770ec5e6d8b35e2f1
cifar10_train_7785,Validation,dog,1f7986a758841a5d7423ecadb7a6f4d6dc8e890a665c55b142d2263a6d5bf7ae
cifar10_train_36335,Validation,dog,e7b2aec1d923a4f3dffd897a0e60c1f48ed462ffb0385c7b996612aea08b95d8
cifar10_train_49867,Validation,dog,1c4d400c676c37516de2749b359f2f5151c7dd14d86b5539e3a41840d05d502b
cifar10_train_23668,Validation,dog,0056e147d229e1f9c4dd6230903cc544ea8f2f0bb05880d34c3395989ca92f9d
cifar10_train_14632,Validation,dog,a7dd01a1154eb78e6a1d4d066c0d2e5a513ff2d200d33a3b989a05ce132ad433
cifar10_train_12884,Validation,dog,d42cc5492d4d5d48400bb348ff3644aee921d6136401dacada7400f263b1181b
cifar10_train_44345,Validation,dog,f85bfa688a9c65475df660896168c65c3ada673bfd1c08e9fc623c9cf09f2d0c
cifar10_train_11953,Validation,dog,f67b1edaa8017167b9db9e429cdb99ba609430b73ca7dd3b88197a84d946e841
cifar10_train_49467,Validation,dog,88cf774826ddb87171ec8f0483f46303f1290b194bd3f915c55cc9ce52b98e7e
cifar10_train_15672,Validation,dog,687cdbd23c763218c19b21956561eb3c07e338422b1bf57322837c018522c3e6
cifar10_train_1513,Validation,dog,13ada1e5135fea727b9e1081ebb40dee492e76c80bba0b1f22bb1b8adfaf42ae
cifar10_train_19610,Validation,dog,f42eddb4515766f4433ea8a6cf13bae0934ebb2f59a64268a1b90f9e42ddc330
cifar10_train_21261,Validation,dog,e9b3dcd801db5ff793455d02a4ed8575855375ec7aaf712134c2df6f823078e3
cifar10_train_32891,Validation,dog,e285ed247db45640e808c19041f8d35608e2ca70b20d8da5804115c20cf727a0
cifar10_train_33424,Validation,dog,25ddd172512a90ae1cb1388dfa5ce6a7cc763187a954042050e033893b8beca2
cifar10_train_37749,Validation,dog,7a5158764577a9e3981977ce1abb79f078caff72547750efb52f01770b2af7e8
cifar10_train_12696,Validation,dog,3efc41ab3ebf69fd8e4d0d8a609a39929912d30a5b21998ad229db0208601fa5
cifar10_train_40053,Validation,dog,2b03936fe191668efc686a698471e13b493b6b01686cf8c78a8fbda447b0c74c
cifar10_train_36301,Validation,dog,651c7b81ae892560390f1c7a961c5a014e152177581f0cfc0f3eb47f1c103733
cifar10_train_38313,Validation,dog,3e027a1889d9878f8923fba9508448e006660feb81c00ebcc7b59b361efcf1d3
cifar10_train_11165,Validation,dog,3a9539ca23d6ba9b10b8a0f0ce1d2fe241792a7917c62be2df6fffeb10f7bc54
cifar10_train_10897,Validation,dog,51ca6cec92107b01ed4df84c9ef9bb01406ef8449faef0888666c7064f69b366
cifar10_train_26998,Validation,dog,886fa95deb7293658433fa66b14993ea53a64bdc6145943896f104ff1b90544c
cifar10_train_24440,Validation,dog,c83eeaa5b94ca1debba856e0e18d326cef111f694fb77a42cc6b7d1c91242a0b
cifar10_train_18038,Validation,dog,87a5eafa0131adc81d10f8ff5f03d1752268e75e3180055711d03220253fa280
cifar10_train_35606,Validation,dog,32c4b6c4efda93c99fe8d1161382c905ee23917cb4c8c1aedff372f414ca3982
cifar10_train_42623,Validation,dog,497005c667afa6a4e56b5886423254717d41a9c50bc110e6d713bc900741dff9
cifar10_train_46187,Validation,dog,cdbaf0aebd6bacc771c0612df3af1d9469efbcd7d39e75c3f9e595c0cb76bd79
cifar10_train_6519,Validation,dog,0c98c4f17cff0f1b951c0fa93ab645a5cd90bc79ea0d752b6295f5e46679488f
cifar10_train_44848,Validation,dog,16a3754dc6c169567524b1fbfde2301a476db0e452321b913e5097cd1f053c15
cifar10_train_45828,Validation,dog,9362050493af3d763eeae3158c678bef4e1bdbe407ecaf41814085b25274fac7
cifar10_train_35152,Validation,dog,92b94a6849dc16c4094b3a06f55e2e7ec3ca5c36090b7bca96dd1d7ed1a98554
cifar10_train_24867,Validation,dog,02bf3a048df6db9b63e5da7b6d245826a875970240e13d94c7498716f6d946fb
cifar10_train_8464,Validation,dog,d6df1b63043460a197bf8cc4137d8371cdab5da26527422b95ea2a9732cc444f
cifar10_train_17148,Validation,dog,fb7c70117be61842bfd9a558a1490c6465ae0fc4482f219fad40c043f1806e83
cifar10_train_16859,Validation,dog,b74983ef3cc7b41cdd352e7757060d3f56c5beaf8b4470c6e2bc2b45dadbe0cc
cifar10_train_5749,Validation,dog,85a99e9ebea560b250cf39d19fa8d67456248d0c8bad14bddf1d13c4437e0b7b
cifar10_train_26179,Validation,dog,202e8a4d3e1b7a84abd09e258ae928266c4fe057e1df0685a601d8195e106386
cifar10_train_4355,Validation,dog,9d5ac351bd85f42ebbaf26e45141d8cf94858b30ab35f80a699949cc6a3cd272
cifar10_train_17152,Validation,dog,3b88b745496b5b88c02436eb7f4fe3c3b5dd9bb5b11f7c36e0b376c38118555f
cifar10_train_48181,Validation,dog,1cc138c9383503b7ed0cb34a91fd9110593958e93893e6ba45e9a8c0b11c4301
cifar10_train_3162,Validation,dog,8cd4531d47efd6869b18df1514e79a46667478b6410774565399e1ab08891ba4
cifar10_train_24056,Validation,dog,dc61f9bbb51952170b01aa7cbe2bf0603af2bddd3e5b697d2e2f895532936567
cifar10_train_48395,Validation,dog,ba383e475613a097186954e9f9fbe1a14f7481e33d50c78e851f131f3c43fe9d
cifar10_train_37341,Validation,dog,aceeedddad0247e70e247a8d53d6a1e28505d9fd81e329e69779c2a50621fd9d
cifar10_train_5043,Validation,dog,8dd22c91c3696d4825df78fa14047259e5513d565e7e2f8e07072414e47c021e
cifar10_train_24585,Validation,dog,dcba967899c37c965a23f6b26ef386cc332e91db84ea037ec56485eae805bad0
cifar10_train_813,Validation,dog,b37e5bd6ee1c1eceb51ba39735288200636a2028964dfc1b4ad47dcf2374732d
cifar10_train_11723,Validation,dog,fb28a0c2442b6cdb825c925c89b48453265e37a851d4e724754b251a35b898f1
cifar10_train_22184,Validation,dog,fa994f69f4680d126dee088bd01fef4fc6bcb3f4875ac464ada6b410031cc7f3
cifar10_train_5504,Validation,dog,97ec7653f9edc015de893e6635c2863f8b8289a8ce81a56540bb68f3faee769d
cifar10_train_38555,Validation,dog,6bba6ac4cb9bb264a838027cc19d342e036980556b39154eac9e2e52243f0d84
cifar10_train_19293,Validation,dog,7e78e4f2773b18f1d8f370c3dc8fa1372328a3f22cf25cf2a5322a3e2e0bbb9d
cifar10_train_6615,Validation,dog,903afb56df2329d4c7114d14f9d33aadf75516aadc3f17b6b3c05ed67cd96767
cifar10_train_24796,Validation,dog,70a35ee20ba9407c92acb504f6995df8531ad948f183520d0bd07978bd65c5ad
cifar10_train_46684,Validation,dog,03daf61c048dfa1100d25305220b073183ab9bfe7a6254d24003b783c8766098
cifar10_train_7454,Validation,dog,b9481dd593ba68473e9bad7941ac2ef7c47427ebb82bbe1088eb608aaf0246fb
cifar10_train_11083,Validation,dog,8cae5f319f0a7c2eb0ad31d3c2568f3c6b907bdb5c93681232ca84de25d73db9
cifar10_train_29969,Validation,dog,436d63f616872a69115d1218f0cbdcf43851feebfb3070c65e1c0fef90a0f061
cifar10_train_40456,Validation,dog,be4b494712115670a9b60734bab7074da7f04aaa0a73a63eaa79e76d6fd60a10
cifar10_train_15973,Validation,dog,046ff470cfe834c35bc16732efbe6d8a29c7e815efc4444b0252d7b56cbc0c61
cifar10_train_25522,Validation,dog,061e243f313f9e7d2408a8553c686c70b2e6284951b0b34e11c27edf10c2c59b
cifar10_train_25693,Validation,dog,07b1608ecc417f815680cd94beda528778b86d319f1f8507d2ae1dc038c8be50
cifar10_train_4626,Validation,dog,d1b77f459640c4070cb3aa0630a53cc9ba7735224f7bcd09b1b9b2e66d808d39
cifar10_train_8198,Validation,dog,d4b023fe746cda9be4d7b452f0322c62dfbc197f2dd2056a320674af0b4e0557
cifar10_train_8452,Validation,dog,0adc4cec1065e1f0e0e028dc5ee9e589d2ca0529a27ecd21551458ba136c3806
cifar10_train_8836,Validation,dog,8b841508a5a0646cc1b24ed0fe98f7da713994058e3b34021b3fcd62d6725b52
cifar10_train_49267,Validation,dog,79f618698148869bee657fd342e581aac411eafc888073aa453380811e4ec512
cifar10_train_28079,Validation,dog,064398e807174d379a4db116fafc26e6c9fbc510488bd25f4589d03548a8b4fe
cifar10_train_37921,Validation,dog,82a4d8d4ec85b903bdeb963a019bbe2bd2b6a6301fc66c145e0be649c16710f4
cifar10_train_27355,Validation,dog,57887fc8374bfeb4186b9b80798dd43dda2dbadc04e6e9747b42a58de08008ff
cifar10_train_45051,Validation,dog,b7fc9202f6969e493eb935781eed328eafc0a8da0cdd2a9f547f20630a219769
cifar10_train_23523,Validation,dog,23695acb7057372427c352018a5294022671e984fae0c1822110d1d1748379d6
cifar10_train_2733,Validation,dog,9cd4ba0b32c3cfcd22c84a452d2f834b9676e72198f30f41d3ac879952cc4c50
cifar10_train_40154,Validation,dog,2ae84980036ccc20d544c064722309d4a7152b6df2865ba9559073dd11c08ffa
cifar10_train_28777,Validation,dog,3f843ce3a4a9ac1248fea8ad67ef7840f666a9924d6c788b18e8bb28ccbd5f67
cifar10_train_46201,Validation,dog,8a6b9b8ab1d323ae351cdb36284c0f62ea943154d259696a80c7a963a99ccb36
cifar10_train_30356,Validation,dog,9b930a31504f703b4f87ad6ae817156fe27197dcffbe80ddaddfbd9ffce70b0d
cifar10_train_48048,Validation,dog,f772ba384a1b87eced3979fa7f4833764541fdef5dedd717bf674d92b0aac91b
cifar10_train_34524,Validation,dog,48a145929f0c049ca57404cd180a929fd7efd64a7d121501aa1b981e63d1c698
cifar10_train_34541,Validation,dog,bc08c7b4028c5372de8ac116fa04b67266c0d828517e26c320305e6fb01647ed
cifar10_train_38074,Validation,dog,ccbafdcd94c15de511a4908cd0bc3c39a29fd03dcf9418c8f904287b9fefe964
cifar10_train_22427,Validation,dog,39869a22af4bc603768b1a8836a7b29fdd2b74e28ae7b9463d0f97404e6c4f43
cifar10_train_43323,Validation,dog,ff7562bd6719df60532955fec6941866ddd268591debc29a4a5569406d50cd14
cifar10_train_23349,Validation,dog,adfb107383abeb7db3a7628c5e79f4ab9f7d62de2a69fbd0c342d52b02958618
cifar10_train_7677,Validation,dog,6d723b6379bb2626d112db7faac299c1095d5d0432aa623a406784376d38cc3f
cifar10_train_1911,Validation,dog,33971ad0d29536b2aa124b22ca10d1af4341b92d3519a0e8e30b4199ecf84ba2
cifar10_train_18278,Validation,dog,2042cb2a1d0b1f30b261362f1a35c5b9e4373b6670034b28d26dabfebe7590dc
cifar10_train_35165,Validation,dog,a8944b2ea7b7ea8c80dc929bfc33e6fa159176d57bf1b887c85ef16785d7a3e5
cifar10_train_4362,Validation,dog,1e9b33004af886d0ab735ed028e251590a6657d3244fc5d72713917042536f25
cifar10_train_21534,Validation,dog,ef339dc45fe9676b8933951bdb5fd343c0ea1f0ac61cbafd3d735ba260340c1a
cifar10_train_12290,Validation,dog,91d0dfdb5d5b862b044441ef6115a35fe5897cf6bbbcf9ed9d2bfa6664a77657
cifar10_train_29127,Validation,dog,f009758bc6f2b7918c5a12ea545bb3807dd5625973417381091baa5e4c38af04
cifar10_train_8731,Validation,dog,82903c2609c1afe642fe7556d9afbfb89575b13a5bb87717784a4cd30e8ab03e
cifar10_train_34007,Validation,dog,53cd268f38e33282c65260fb45db28cb92fb806bc993d3d172301b2617aa5f7d
cifar10_train_36411,Validation,dog,62dea8b2eccff0fdd17efe1d4e5b449b36ea4853c5835ec272d04af8823f36ee
cifar10_train_31994,Validation,dog,4388c844f967b146e9cc256d7a142af98028490508a1db3bd6e230439e5bdaf7
cifar10_train_26971,Validation,dog,05203270652e5da7807be574df4ad1e83b1419b2e424bf0b18591531d8fcd5ff
cifar10_train_43387,Validation,dog,2406b17ec0adb3e100891901d9e13746ef522dd16ba0c870976ac2ba9bd7bd87
cifar10_train_11495,Validation,dog,e73d9eeb5f168a78a285ac8399fcb638774167714b1644b4110cd50b88ab8be6
cifar10_train_12488,Validation,dog,104ffedb9b4f5c1b6bb633f495a2a42e3996b22d394b6b2dd21bc848d9a2624c
cifar10_train_16969,Validation,dog,2f4046fc74f6ed70264e1229db067cf1a372b3f8e0771b5f1663587be5336f87
cifar10_train_17315,Validation,dog,7ba386c235705bca6609b69eefc30e1291fa48298a4aac0514b4996e18ebf9c9
cifar10_train_41886,Validation,dog,a39e5cb5460d0234365223a2f2f9ba7d047c9e703b0c5d74e9fb3d0e87d695c2
cifar10_train_15340,Validation,dog,e7d8eda946d9a8a5cbb65579c9f4d36d337d17e55415680c833830173a8d6341
cifar10_train_3959,Validation,dog,7dfc5f8d3890de82f678913f4cc15dc1cae298e87de3727b09489991af990818
cifar10_train_33800,Validation,dog,4b057f9e1e3ba28989c049da116724c22026b3fe7712ec9e6ae24b0723aea8de
cifar10_train_33768,Validation,dog,76ef66c5ab53d9b3343645d7f104688e3360ad140f26a4b4c31329db16d4f927
cifar10_train_1713,Validation,dog,8945a4a85a5b65219ea467a3e8f8ed3f13b6256b08ccab9341b3dcbd2e41ea00
cifar10_train_42846,Validation,dog,ed6557b0b1b098e3732c370ec3e71a4ef2f9ab029f23b42b2899093bfe832341
cifar10_train_12581,Validation,dog,fa2ebf621114a2fb2366cf7bd5dc3a36f53b42236cafb5eae4fe5f37840241d6
cifar10_train_30124,Validation,dog,890145afa4bf26566a72fc40c0156715bc1c8ba2c247da91bf45c9d02afb03c1
cifar10_train_4548,Validation,dog,2e307216b0f3a75947cbad9cc69d2f8cce98242b7d781e35bf69b7997b99cc4e
cifar10_train_32364,Validation,dog,4a80b0f41a3581f0a60d78bcb866c04034ff700e8f0b57be305c6c4014894cad
cifar10_train_27225,Validation,dog,3f5981455110362ade01b8b14e29fbb9ddefc48435059b7adf846e2ae4f4c031
cifar10_train_44211,Validation,dog,817d854552c5a51e70968c10b2cbc7ff2e24cd6caf53abff052b71584b82e3a2
cifar10_train_1199,Validation,dog,5d6c03fe0d3b6e9c69618687d90d3c500367e83cb07adaa33fcbfc9f4dfd63cf
cifar10_train_49988,Validation,dog,f25e0d8d476cdce85ba6d6feadd90809d3f9e0d5d1ca848f9b47e1dd675cab55
cifar10_test_9748,Test,cat,c9c312724ff09ca23018284c16a5d17d938c73ae9a5d125fd83c874f6b6b7922
cifar10_test_9226,Test,cat,a2383694ebd168333cd806d9dbe24003e3ff518a0bf1088786fc89bdd4fa36dd
cifar10_test_8435,Test,cat,a863401dd63b57070af0138d552cad5cab980951d99a6658e2dc09abf7a85828
cifar10_test_9080,Test,cat,c88e2a6b4f26cc9e82f7e8aaa6ed57762751182f2f1ff217f9360c924ad78ee9
cifar10_test_1208,Test,cat,0f2c0d551c76427790df41b00f46de076f167f811b16dbcb79ea8fe44ee53893
cifar10_test_6062,Test,cat,f74f7444f2a0bb3b55ab8c88f8bcfe54bbe464f9a8bebd1b63e7750a918191ca
cifar10_test_8401,Test,cat,480ed0f6c71135a7b1ac508a99163ae4b59eca3dff191a9a245ef2af4f716d8e
cifar10_test_2698,Test,cat,77ea3965a7dbb160ab0adb374deb84e6667e810b50c58da11567c456322e2fce
cifar10_test_1445,Test,cat,b7c89637f7d7f8b1893c408171768c56ec769f03a359b54c58be86df39c6c00a
cifar10_test_8102,Test,cat,224fd7cc454d6eacd5ee2a293a8b6407fa506b13a48aa4da74f9de3a00d4b43f
cifar10_test_6333,Test,cat,0bae6d5513ec8d134843fdaa66bc088071b01e8fc5de2aee06ca4e9348613912
cifar10_test_9666,Test,cat,075bb0b75ed253e17b6b74cdc53ea86d5152e519eb765d2ea500902ccc25b4d0
cifar10_test_5908,Test,cat,ba9b69361d80ecabea93f680bc44b9bbdb51234db73fb9c0b5b8e12cbaeb3429
cifar10_test_9967,Test,cat,45a03abf6feedc2350ca4a374026c266abb7359f5638475da6ba2dcaaff6cd03
cifar10_test_2900,Test,cat,2a2c1bab90109a11598f516d7a063dc9459822f636317cf14f1dcdb8accf7561
cifar10_test_5535,Test,cat,def200510e01b52477942e05bcdda23933542ed0eda2875e9910343df5390f80
cifar10_test_4760,Test,cat,27c184c6aa3353469aac53a2e4c3c4ff4cc511efc1812e371a8dd69ab10c9b6d
cifar10_test_2829,Test,cat,4f26111fe99f6f0317ec97f42db5fb2536b7bf76a2d52ca3020ec7c05f94540f
cifar10_test_599,Test,cat,a690d1d633300a71e91dfa5a0b13a4ab48631f334d4315f0ab2f8c028cc39458
cifar10_test_650,Test,cat,d111b40faa9aa427cb41afbaf0e2f0a697667c3df553d83c1764fae55e09d4f3
cifar10_test_8281,Test,cat,e40c646b28a7cafbee770c0b150028c4c368de53fbb9b7d82eddfa59eaa4b7f6
cifar10_test_4407,Test,cat,1c9a062c1dedd6fe9117b154a9b4530f3672155fc20ccb5dbc5553c83596a844
cifar10_test_831,Test,cat,a1a5e4d6b7ca638e8d31f77bfe1cd3223378c9b7f5db5aec4f2a4222191a8edf
cifar10_test_6174,Test,cat,814ba13ab59dd49c3f0ac850b55baa9c4174f36db6c24b9fca426eded08a11bf
cifar10_test_7879,Test,cat,b05d14af37a7c84e9023c0d78a1267c0d4eda82324d78fb9e0aa7877c7fe4745
cifar10_test_46,Test,cat,e1eb192a1e5971dec63cb4627a7ba7e66aaafe0ff92d7590bc87134b64f14507
cifar10_test_7509,Test,cat,c62620a45afadfec62eac6415467494793894a1464dfb17695e9c2ab3c501855
cifar10_test_77,Test,cat,41e3434ab1b3a2e1a30fc544b70f18075dacd337182b91a9b18613dfdf1589ec
cifar10_test_8824,Test,cat,2b1a95856a365e0293014e0d606bfef5e32879b76b17af06705f4eb4186a77f8
cifar10_test_6203,Test,cat,b4ca29726d02c64315c04dfe6344c3a754a5a8615e6c9fca03adf430dcae1eb6
cifar10_test_565,Test,cat,22b8b0376ccdbab099ceaee62edccc88fa0bf1dfcaf1baf246f4c81cf985d9c3
cifar10_test_5565,Test,cat,09d24ad3ebf072f2ed4bb3e0fad82ddd33818478dffa13567a55ccbd97fd1c79
cifar10_test_3143,Test,cat,c45d3bcaa7088f9fd56faa3b466642532aea2a0decee8c9f775c73ad2e2676ca
cifar10_test_986,Test,cat,2551843bfb93ce2664d9004d57288b0ccdcbf8322f68c7f67cc85e58f95744d4
cifar10_test_8336,Test,cat,5afee730e7cede64818867dc8b5b94f73f6d3277447d2bca6fe32a394f11341f
cifar10_test_9120,Test,cat,7d12821bb30d645d742d0395c3167a687290a766ddca560db91679352a28b7dd
cifar10_test_456,Test,cat,344bac254b19ba44b2a5a1dd8eb1c86eea5d3e6ffa7f1ebade0ab57f8b5beb3d
cifar10_test_9740,Test,cat,d1205d9fc307a181480a191cf2a7ac3e1ad3fa23f3fff79f5d8565795d3cfe52
cifar10_test_1334,Test,cat,ae5c4ec1212130253a8bbfa95375e87b4d861711d2de08fd5f97607beb0a84c3
cifar10_test_1219,Test,cat,071749ab34e8dd60ff4f128233203cf975cda82c6d67804a53900b53d26c8d32
cifar10_test_6027,Test,cat,ee7a025cfb536857ce4adfc699517a730f17220cc66edcd7fec8a3e17d49241e
cifar10_test_9310,Test,cat,3bf6ec85e90522b96aca786ca494de3eef6112d4d651a381ce08051125677514
cifar10_test_7750,Test,cat,9df272849a878643f5724ddccf5a7d0f12540ad22da1a1db9cbd932eec34d202
cifar10_test_9292,Test,cat,9de73005cd21e892e09d16ba4902afd906edc09f21a7397f50d1fd5eac610c06
cifar10_test_6126,Test,cat,ef4e24ac8474d5ea310ee9b32a08aa3acdae1e943c50587bfc79084f338722f8
cifar10_test_950,Test,cat,30b00b73355ae21a2112b9acf34475251a75c4c7c7f97649c3b7358045484b9f
cifar10_test_7574,Test,cat,d405ccfcfadeecae7f1de44049e1604cd9ed1a3f05c61eb59070d0e908bbec8d
cifar10_test_5925,Test,cat,5dd86105b316531b548e5a7d8f0da4a71a39cf5901b78c576057152dcb7fbaee
cifar10_test_4785,Test,cat,876e0ac85f005c74aff35587cc2d04502eefee5cc3105b372bbe873ca9a95643
cifar10_test_273,Test,cat,5b6f9fe2e636c49c1cd02c06b03f47b1184ef445ce5300e1cd5e99056ac29f57
cifar10_test_5198,Test,cat,7a34997974bdf4b280eec6a5de5cd47e8f5574cce01acc9427993825d9a2d137
cifar10_test_2453,Test,cat,ad378c1c1c06c32ea24d3d0d7d97096b462cb97c98c0dc9ce147dfae34e17a21
cifar10_test_9755,Test,cat,c27d39fe8262b8fee9b6592eb08b1704567df7017a05102fc2b0fff9cc0f2dee
cifar10_test_6200,Test,cat,7a3e5452eea475545b9f1785ff28fa9a8905578248ad487d7cc4fb30245da89f
cifar10_test_2617,Test,cat,ce08df1e0e0c3f34c63b6c757641edfa2271870e0cda49c7ebcff69d9b7ca44e
cifar10_test_6687,Test,cat,2fa54f572300c7885bdd4e852bf3ced0cb6dc660df6ecb8ad16f2de08da2d74a
cifar10_test_1715,Test,cat,1aa18eac9d8fb0a383e80c5e8b5b9f6b60d6daca0b7430a987ee6a4c721e7553
cifar10_test_4195,Test,cat,3f5f0b00a065e723de77d27b1fece75e0919a492b22f1546cea9263eb183036a
cifar10_test_9961,Test,cat,da3742c406481895d9a43ee4a7649ba024bfdd3103dc190d1467e7fa94948c58
cifar10_test_5890,Test,cat,2f445321f4cffdbee1b5b625119f30ac13ae7a4802daa76dd8e02139e2f1a530
cifar10_test_7015,Test,cat,e70ac9e092be46663b61b58ba8c6279cfd5c111fdfaa4fede5ba76108a7b8c8c
cifar10_test_4435,Test,cat,583037e72f0decffe0bd892cd8e3b3364dcbb34f49806857b9e3ac4b8b51b806
cifar10_test_4652,Test,cat,2ce4a0075cb55feb78a6501557a71eb9cb9fc05ade862bd642af78950210999e
cifar10_test_4618,Test,cat,77710bdc16a89ef3abbf0f23c6f04918d9021bf95810afcc16c9ca07a71ee38a
cifar10_test_1518,Test,cat,d64a6a9e857fca5798e843ad4493698e31e1033455597e79cba645d7ae0e4578
cifar10_test_7549,Test,cat,d390f8ff24527bcccf4b6de4c7665898a6a41a9c96494bc6c517657eceb46dc5
cifar10_test_2606,Test,cat,89b03f7272da3f09de393ec4ac9f564b77701ea5e5de5c22e7a84fd0912915ec
cifar10_test_8848,Test,cat,bf09c2d4e56a30d1ba94bbcc6c27e463f6661a11648fcb7dcac2c4f35d45ea1b
cifar10_test_3267,Test,cat,0e3870815ff1c86cd528b22ff1471c054742904cb57883b737bb1a35a8cb3f32
cifar10_test_4526,Test,cat,f4d83d0318bddcdaeec651ac8a6cbe59542ccb34d7d4e7dd08b27ae10b39ecb0
cifar10_test_6467,Test,cat,89b8fb6e29cbe5fcc2ddabb49453c8e31926e34243f35eb037960b54320c01fd
cifar10_test_2444,Test,cat,e66adc02d92839a9682f24af708a731db66880d578c11656a7e993133611a5fe
cifar10_test_5011,Test,cat,f78fb867af4e391d1b610d52fd218e2ce936aff2af4b2062d7c0d88485b5271c
cifar10_test_8072,Test,cat,206e5a0016f70f07d4db359d0b44f8de6c35a38c5b26c59fd46015a2ecbd5b57
cifar10_test_6237,Test,cat,67d3684c15e8ea34947a121a28100a26afd2db58fc0a27f55439b51feb12ded4
cifar10_test_4765,Test,cat,c0a05afb820cd3630304b65b1ec10ee6ad0a9b6fc0a9cf5ae80718e3deb06a26
cifar10_test_3508,Test,cat,2fe0717865f62d8793bdfd22c5414ae8b4dd48e33cf31801d4a49aa1a765f2c3
cifar10_test_6698,Test,cat,fef10cdd573d0c4db3687331c78a65b223a28b6a204d840722512b77dc865e03
cifar10_test_6744,Test,cat,f25744e32ed011c7e218ddd48047b0b2085a19eabeaddc04c74c2d68ac0b4cd8
cifar10_test_6525,Test,cat,3db8dc3323b243fa2515b1e7d73484626c92cb2cdf239fb50f91309f0dc5c491
cifar10_test_3539,Test,cat,e6edf36eb6e0d1625acf05c348ca5e599068b97699f626b30541c5e05e3f0024
cifar10_test_3900,Test,cat,664fcfbf352851f79a70eb90f1775394e51bfff349ae123438250db589338e67
cifar10_test_4982,Test,cat,fa3f61c4406419b3b991e8f61f8f7d1d6723a361a49fc5809f34be17da724a22
cifar10_test_7099,Test,cat,04a675ed4efb136b635855e0c79b37def9f2f0d2e7be2118d14c022b21b429b6
cifar10_test_5191,Test,cat,70ec3bc74752fb36f7b80db177e697b03aa2db7eb5f51a67a08713241a48bfba
cifar10_test_5605,Test,cat,c8cf2cc7e432223a3b661c4e11a44c68289853e455ff714ad8794716664c88d6
cifar10_test_8420,Test,cat,5e5364f9d658c65db19e191c76b23e4242f358ee8b329ad7d106fe4967b6c184
cifar10_test_7825,Test,cat,9e33e9e1b23203e306ff8e969d553f5550b92d2766c58ff386da13124439e60d
cifar10_test_1280,Test,cat,098c4089d7ef94edaf807be7aebbd50eac83c99d1250e1a76bbcc5696bfb44bd
cifar10_test_2350,Test,cat,fc5c6cce03c51358b2efab91367965952a28635ef5a8c0ba7ecd2cafe62ce335
cifar10_test_9201,Test,cat,04e2add788f7abbfeb647477618765c341754ad7c461578daab104a6eeed87d5
cifar10_test_4422,Test,cat,ed656ddf6b16e6f4554fa39d22f1b7915a41e6f99ac75d38f2fcd87a05022333
cifar10_test_6670,Test,cat,11e33a7ef0a047ebc000bcf9de3a1d1d8098dd0a0463487ef438178dacb4b022
cifar10_test_9968,Test,cat,3da97d800531ebed9068e348e0b98be9c4593b8fe92bd14181784d7992eddfa1
cifar10_test_397,Test,cat,756ac6c118003152083bccab1d4b780e3d06b212dbc8a3b8660b52a7e9903a63
cifar10_test_5493,Test,cat,6a81ca68ca1402fc391e564aa6c1d298a87034952cdf74a6523c58d657b1a2d6
cifar10_test_1121,Test,cat,28c19d650bee43ec8f69801b05c00a1bde934eeca5fd08da6b2b9aab4c4a2f55
cifar10_test_4487,Test,cat,3c7fe1da4ab7f48e0a57ea521420a9a8feaa40ad1e3abd108c9c449eaa82407d
cifar10_test_4032,Test,cat,77876535d2909367ebbb6b410025f97efa9d0973b749cdd829d63d3198820058
cifar10_test_7496,Test,cat,2c094797ca1d1a58edb65812c28ff6a1582809591a7976227c32d7e1c5b16a93
cifar10_test_7962,Test,cat,54913932090a5f24e6eea7a61e637bca9872c2344eac8c524b583d4894dabf38
cifar10_test_1830,Test,cat,93f2e51b267fe10d4f5399e3be21aac10ca4805c9fd122af2c34542d78d6f312
cifar10_test_1524,Test,cat,4acd782d8f629d556264b7a5090575cd5a624bc743c7cd32d4c185d4246e90df
cifar10_test_412,Test,cat,ce1b954b2aabd5b3850d9031917debc064f0845e1476e7c10675bca56ab7ed70
cifar10_test_9316,Test,cat,a72ec55de2a63087191bd7bf80e9ffca35f2372e870b1c62dd216bfb1f46a9c0
cifar10_test_7110,Test,cat,db5d5682429113006b58eaa69122943e2646b845a621d9b70ef17eaff64b428d
cifar10_test_7885,Test,cat,9b8c7ee3980d3ba36753cfa822b77c0b85da70d23ffa6dbd429095c76b5afe50
cifar10_test_5575,Test,cat,6cf1d02ad473164a22775ef004f353a5d1f6dd92163d7e7bfae6e68f986c16c9
cifar10_test_1386,Test,cat,cf26f7abaee76181d1d513b51cfa34b86370ffc30712a01ee226e5e4354d710c
cifar10_test_1612,Test,cat,e23a7db79b34d1ae59037a2ac3efae75204a0b989f5c36928fd246512d7cc897
cifar10_test_9947,Test,cat,ea60dc62c16d06303fce7aa316701e9c7394a0e8a8a586646801edb1186a1f90
cifar10_test_845,Test,cat,6744e73ea5433964386be212aeafe2b4db7c7d21a42fc516b50bab3bc6cf1eaf
cifar10_test_9022,Test,cat,24deb1daf5f2163be39389a7f57e24807e605ea2792ec9cbc1ce4c473eee9f22
cifar10_test_2306,Test,cat,3c60e07c5c51a132ab868e2fbb90fd2d1e136cc84fb58617b7a75bf64a580638
cifar10_test_8662,Test,cat,a2cf9e6c2c1658e3b44079b38fd436751051b1b15e4b0c2f4e4f92aeb85d4df5
cifar10_test_4282,Test,cat,1f6b55ea4831904b75b35dd281794a5dcec236bbe0b1add473154b97a45ac5f2
cifar10_test_1180,Test,cat,ca6a44266ecf28d3d3ab3cdfd0ebfd6656c56a7627c0ef160492d27f764fd1c0
cifar10_test_7283,Test,cat,53bf7e734244533150898f579fb0dbd3405d5907563eb8d08b71500888235c1a
cifar10_test_8491,Test,cat,c0c99eb69a6bbd14e62fca050ce9baac201e09e3abdabfcc8199ae95d9902904
cifar10_test_6345,Test,cat,941d08f2b9bd0580dfb840b74013fc13350ff84b68122375d67eb62e2f205a5e
cifar10_test_945,Test,cat,dcc55603ec1062f6bd4da112eab70ef6360e4d9e2dcdb7536e4c7fbd36e4fbeb
cifar10_test_7644,Test,cat,8e9eecf699571a05216c06b233bcb0aaf24b3c9efe30d3733973500b1ff06340
cifar10_test_819,Test,cat,ea695569a27acffffa43b186fef3c2e3707db823256221ac003055aa9d0ad5be
cifar10_test_5769,Test,cat,cd76e08f8532f0b71a8366304ec0a2144c2ad6a0023de251a7dce4b9b8f54b09
cifar10_test_4391,Test,cat,66e1aae250346fb80fc83bae010642bb2f43753f606991f2f6dfc6a3b1a5d85d
cifar10_test_1813,Test,cat,8da0295e34f0204de7d2020111a62f3dbf68c2cd60bc0322a03d491ba613be4c
cifar10_test_2585,Test,cat,c095a0bb1804dd51eccd13a7f2072f8537baa87b2dbf3c34711293efa3c7be88
cifar10_test_8680,Test,cat,1d7754bc8704637bc65d2ae176793606c6d329763766ab306ebd7a4e31e12be1
cifar10_test_7743,Test,cat,b2b7630f56dae759bf3f365e8e3c7d8560efb4341047f86dd6757e8693b35616
cifar10_test_4495,Test,cat,e493bcce99bd23ee84a4ad1a7786c17b55a6f98dfd32426fe8259989e4de2cca
cifar10_test_8446,Test,cat,8c9564afddefdb2933b551c13f0e428a800b77ca331b0b4b15ac646fca63f59d
cifar10_test_5815,Test,cat,e2c008125856eea6f9f9ed891fcbf7fc22df40dda2b32b8fe94e14a46bb8e0e6
cifar10_test_3065,Test,cat,42d3416cbbda941fdbfcca3b2c386db0624148188f05b5128c12113d7f3917f7
cifar10_test_9862,Test,cat,49f87e68cca6be4ef328f75e09a7be0fd8ae8ba89ee8583955d985697738291a
cifar10_test_1268,Test,cat,4305163c13a1b9b0abb5bc99c8483245f28e72c503f0d17cf2517564565eecad
cifar10_test_2018,Test,cat,14c13c58d498caa223eab6500b4a21ae7ef804ca987cb2a78869a7e930552b80
cifar10_test_9979,Test,cat,a1172df70835de1f6b74c2223238179ed1ba53222393df068918391aadf1da0d
cifar10_test_8786,Test,cat,1f8005a3d860d21672904e84a1310811ef77bb65eaae29aca4464d9e53807eea
cifar10_test_9228,Test,cat,ff80f2bc4cc8c46286143cab78876f9e32f2aaf2b34ab1c8b543f17a90bf3cf9
cifar10_test_8806,Test,cat,d645e792b0d069676377ac4d3dc4ad96568b6a64fa715e954135884843fd277a
cifar10_test_1474,Test,cat,6ed4fc5366541d3ddb54cc64e132dc8794100b81d148e16437451346dbf2c60e
cifar10_test_1395,Test,cat,165e988dbc205c585083ea2b714480aa331c25a1a75487ce6bfbf1e5ffd4f4f4
cifar10_test_7026,Test,cat,f6e4de156402d2a20e7e8cc8d15c6c632a7965b17eed0caec516195d2e4c64ed
cifar10_test_4818,Test,cat,38045905748f00c39fc73e0c11d7f202e9d720d3fb0881b346c6dfdf61289315
cifar10_test_3779,Test,cat,9410202b74156e3e1f3d6c7da35d8616632dbb08137f6cc6147825dcb8cec95e
cifar10_test_5529,Test,cat,7d450db51c7149f4065e1020206d666bdb7259ce58d0bde48c7d039f4dd32f66
cifar10_test_2252,Test,cat,8c28fae705e7292fe38e47487cc8e3a5b4b89195a492e7303d872c9a2bc2ea5c
cifar10_test_8258,Test,cat,8d1d2151da8f04b4d713bb22ac6503de1838a2ea1b5b018d8724f1919fa56690
cifar10_test_3113,Test,cat,0761e0f2166860fb564ecd21a24904ef46d81981faff9f1c8e31b68df3bdb606
cifar10_test_7489,Test,cat,f412f4a3bef086889f68ec370c01887d678c43683b6e46b26355469f0a0b784d
cifar10_test_9505,Test,cat,d167dfd4059cf6255ff8dae841b2bc7bcb566457f3208a5368eef48c8a9adffc
cifar10_test_3479,Test,cat,0e9ab50bb85eaa3d8f1328fc04ee3ddf24e3e9b349012eae07f3749052591409
cifar10_test_7714,Test,cat,c23b1f360f44a1484f970679b20ff57f82536e38d6d93555131db1edfdeeaacb
cifar10_test_8231,Test,cat,7a056581988e431d6bec8fafce2c021c0d428ff39bb90e7dfa044536eb69db00
cifar10_test_8774,Test,cat,10dbb9d05ed319f4e68836c678fd9aaa995c7ad664710c50bb4b99619cbcc128
cifar10_test_3956,Test,cat,519c181258519a284c26ebafe4777bc0b261ffe3f4b1f0d99076da7eaec2ea41
cifar10_test_676,Test,cat,50ecf924599d308f5431c4ce3e9ca7529ad837658d9bd81eb04f25b82210d7dd
cifar10_test_3023,Test,cat,132c9452e486ec83efefa82a642d806223a86df081d39c1909adfcc4b36ae3c5
cifar10_test_8632,Test,cat,ea431a70137115eb4432b3f7921d31ff0ef34655268e17eb81ea0ffb7fb95efe
cifar10_test_8136,Test,cat,b67476e65cac3f7adb57b8c3e28f008246e0c39bb63a0ba95d9f7d05411e1d01
cifar10_test_8736,Test,cat,4ec201e142815999739c1015e09de347fc21dfc836ee677394f9694b66ba5b59
cifar10_test_7268,Test,cat,d4ea3317f81dc3a53ee9020d174f618addf145b4e94a748d82610ba647ea7ff3
cifar10_test_9949,Test,cat,2a748e0c65270ae8d76215ee60e8f4ed562686dcbc5ed63f60883f69cf42781a
cifar10_test_1957,Test,cat,ae5b85606247b4fa14530cde86592a7d5b7f0f62485e29842c116d57be270ddf
cifar10_test_2632,Test,cat,3122df50ba6dbde93df5f2150d912eed6005eadcd72bd249c71a4f745588dc9f
cifar10_test_2410,Test,cat,6996b4773bdfbe22b140944ed3c7230634d61a654ed81847c1b37b1fe070172d
cifar10_test_8735,Test,cat,e5e11dfb27e12cf0730fcdca15303ca76071e11bf58294ed4a30c2cc62f4621b
cifar10_test_6781,Test,cat,f2d59d52f83e617c0590984a9e6cdfa4ed0abb9666071047b6cc8b3822937d21
cifar10_test_7420,Test,cat,2566c45a3aafd71e3fc8f099cdaf5b8ddb4b1541f24118a8bc3037e1433afa36
cifar10_test_3220,Test,cat,ed1a1d298092ab5bc92853d2af39c01b58ed26baafd4b9fd208aebe0b8f0f15c
cifar10_test_1227,Test,cat,62894a7de723a9f88fecb85b088a5c218854a62671262ed95f59d62e89648425
cifar10_test_245,Test,cat,9683998c1dd4131868db2a74f523c61cd47b5b8c6d58f15f522e02b68e604493
cifar10_test_6774,Test,cat,8b92dbea56133120ec55fe913899f4b853fd64c1ef388c8c72ffc14c3958b6eb
cifar10_test_3799,Test,cat,657e73d1eb6c2c341eff33c7deb3840eed105c35ddd822746b3d3d5b5e3078c6
cifar10_test_5986,Test,cat,364f85ab690074203d7cec01df4c76d90016b2187f9b5b5472513123f30d2b22
cifar10_test_8382,Test,cat,6d40abf0c8933536c09a07e180146ab6560995fb3104b86aa893fd9614531e28
cifar10_test_1247,Test,cat,ad26e9ac5da7c4b21ac121faa337f009ec127cd367c0ae473752c68ed06768b9
cifar10_test_5490,Test,cat,5616976ce2973dc6e3890c76ae70864ee4f7a39a666dc94224086ca0359f27a9
cifar10_test_367,Test,cat,092de54602eb025f3c4b5c1ad1d1010f04b8549bb5054da86c6dfda61da622b0
cifar10_test_8526,Test,cat,843aca4aa8824cae5c3ba0dff93ed571f8e7b63bcf0c4e2c294e6ca9386c9490
cifar10_test_2046,Test,cat,20ce23ed130e6e10694ab4155bfe83b315df19f337eb0cf5582e5264d6f16ca4
cifar10_test_866,Test,cat,9846ad707e1a2b89ba29b764bd3b482fcb11a881aab81ee79fd9f12fc0cf8b12
cifar10_test_1442,Test,cat,0fa4ff96485b04df3a1cf6a924bf64fa28c57fe5f8a33d667024654440dc2128
cifar10_test_4485,Test,cat,c86345c2c96b34019b9439633267bd7c51d9334cf873dda4d6afd490c3e6529b
cifar10_test_2261,Test,cat,4bfaf45e3e48fd0d37e4a1cc87b6d3d48650c5c69d9121c439c5047efafe8e45
cifar10_test_2230,Test,cat,11fede3b66a7cec384b7c5b7b5f72b69b6c6b13d5768eb6095dd6fa8d072abf8
cifar10_test_9460,Test,cat,ca2e653c19c467ac82daa207bbbafc2729882543df296136feaf34dde7b85680
cifar10_test_4342,Test,cat,a73aa999cc1d35fccf9e23fe5395172048f4ae0bc6f710a4bce6c3a9833044c5
cifar10_test_6994,Test,cat,b2b5490fb9d30184cc0800100871555116c45216f8b02c149d14b4f5a375061e
cifar10_test_5530,Test,cat,ae68b1bbdb62a9f2f1381f621bec42e4123bf337a83d421f20ddafb3b3cc44e1
cifar10_test_874,Test,cat,efd02a6d3b1cc1b5e610645067f45372d107ab7eb5f3555d32dda2f9568d1900
cifar10_test_6201,Test,cat,6c11c30632ff33122b72310694d750aa2df5c635e326110443a9d7e5b7d73b22
cifar10_test_4553,Test,cat,cea099a26a0021aca0566b346f5c93e52876dfe313101b54d6d7cdfed55b1956
cifar10_test_2779,Test,cat,ecdda1612d296045e5025b72670927f275ab535f09a246135416a8fdcb444d60
cifar10_test_68,Test,cat,be9c84c812a438c753eeb10a050ff2b7295624d5b3b91011eb8fac3e733d3f20
cifar10_test_6283,Test,cat,8f92e5934c1addbb70cdb5c1a8806e5fb0055009d5ce3d978e77565edd8c386a
cifar10_test_8059,Test,cat,1df90e2cdda28fccd7554a0fe613f504e9f8170cb9b6af6d6e20699ef4124a8f
cifar10_test_1993,Test,cat,423be0772eb7ab39640a2e57d6e75afa734ad7d81300fe13c9f0ae23ef838f4e
cifar10_test_9375,Test,cat,7e97177907646eb926843038a1fb0680c53b88f66e9ae08ffd2df43fe299dd11
cifar10_test_106,Test,cat,c873aef963fe10f07ae04780275cdf083c26185e056debc9b08689a264d8252f
cifar10_test_8996,Test,cat,e58bee3a4006694c714fc9f98cf87af8978ed559b9465ccf5e62670f18f6dcfb
cifar10_test_3617,Test,cat,2e28426e402f5194e6fb4314402720250e7802d806b67d4d477a78627f83d8c3
cifar10_test_3977,Test,cat,51cba686b127962476d05a3bc6b99388b07543e8e1937129d0e7abf3a3f40d81
cifar10_test_2855,Test,cat,99f6894a2aa468545a1990205d7497f57630afb9002b443186dd585f0916a869
cifar10_test_5176,Test,cat,f36f29b0744f393484db7cd645af357d89727cd94f95702f8c497e1d087dde28
cifar10_test_1163,Test,cat,5ec75a4413ebbb1819c82feb37b49ca1d2d4a25587341137a96c795815175202
cifar10_test_1112,Test,cat,aed39f833107c9165e198d1cb3eb88969f9602f77b2d4deeeaec22cba2548f29
cifar10_test_302,Test,cat,d4904fa5308ec2c17f2cfe4fc846756f58fa5f9652c1b737e6cd5cdc2b84840c
cifar10_test_3716,Test,cat,ab33a31cee00d6add4fe947b2ab489fd6b412aef1d2e951dd48fbdf9dce6b36b
cifar10_test_3125,Test,cat,407f6f9a0972e86ccaa9bc2856005508f55a3d98a0baddbc214fafde3eab15c7
cifar10_test_2068,Test,cat,9c6748d48cb597870f5cdbf452047332db1f855774b9d29f8aaf14016638a340
cifar10_test_91,Test,cat,4efd1452d8b983f2c1c9aa2cfaeb102c918997f58bd850533cf7688c7feae3b4
cifar10_test_3234,Test,cat,b77ca5cc1f6fcd787e80f7424d58c99edb44e1aba71a190db47f5f62c69417fe
cifar10_test_1883,Test,cat,a9b70af80048cc8bef641e472a5954f06b4fd51794d1d7aa5d61daca0fedc0ec
cifar10_test_8096,Test,cat,087087fa23ac35993b1a9abe8f1b6caa769c01f92a96a024eaeee837903841e2
cifar10_test_896,Test,cat,05d8c35b1eaf34a93f04135bde2df05b6eb7f0d728e446680d21109b3ec19098
cifar10_test_8271,Test,cat,1fc8eeaa563bc420c5666281a18eb6bd1e86884432cf3d0f7e51e846df705aff
cifar10_test_8141,Test,cat,20369c385a7012048ac396c2b87be28e2928af306107ce1e551036f01cec5dfe
cifar10_test_4862,Test,cat,208a8f515e2888014c42f4fd052a030081459f70af66b5503c5273c11a1231b6
cifar10_test_1530,Test,cat,b44956f63d15bd6f451e6dff43b83b9d72515788a75d79c8dd221ea7fd817d8b
cifar10_test_1181,Test,cat,6989afaffcab51907eb22434224270be3c2b3bf740b4d48ea008d801ea3468b2
cifar10_test_8966,Test,cat,5b2649c2ca4b8a603bf9a50e677442dc64cbbe76b9744507294b973ccbf3ca20
cifar10_test_4637,Test,cat,770877063ba7b7916cdc5895db6fa0a5a48edd57f75053836d3ea0497ae451ed
cifar10_test_3674,Test,cat,1b168ed4248b0e9e13613e8df861b9904df0354f39a65c67cbfca1f435aa9838
cifar10_test_4404,Test,cat,0556730361651acfa074549fc45589b4eeeb1850ee5e27cd19bbbd4189320dd7
cifar10_test_2832,Test,cat,05acb1c985c31097f8d0b0a1f474ff54ea75606dcc050768cfb5f2d2cf793ba4
cifar10_test_5639,Test,cat,245758c9a049248d3e6558bfcf8193615932960aa2c1f5cf5644d21472512365
cifar10_test_438,Test,cat,fedebb8bd3e3817f7c819e2b6c04f82d98439631905ec5ca6e040340f0ea8039
cifar10_test_2524,Test,cat,77f0ab783e09afc1c7bf012456a86b2761a5aa518c697046ccd9c31a5bb4a47b
cifar10_test_3249,Test,cat,922c40674ee01f9886c76d7e62a61bf8d6c488538c97252a7b4fbc8cb02b71e3
cifar10_test_8642,Test,cat,f71130a4e94ae80d2bc16113bb9f0b2fbcec0409dae09839217326f54a0df385
cifar10_test_3073,Test,cat,a039b379201fa424cce6ce0f6e064d6f0b12c137701dabbb2d309e90b291b74f
cifar10_test_7211,Test,cat,6a85c73cf82893fbf5ae3d90e74aa5187cae13a32a49f4a4b04da00975aaff02
cifar10_test_2314,Test,cat,0e0e800dadcd4108fe3e5b00c151062f3e070ca921caa640dc16d6251d08b82a
cifar10_test_5525,Test,cat,9a1c94b37089ea9fe57c4267e734bd679763b3666e402211a3f295a78a02f6c6
cifar10_test_8175,Test,cat,c9937b551fd72f1f09c3497e7ecc6d475b07814a0b7d03bbc6e9e4e4300d795b
cifar10_test_7783,Test,cat,1d6fd17e7bfdd90c580756a2d93d0ebfe9a85c5bab4297ce4c5aa8eb5a80a93a
cifar10_test_3324,Test,cat,d7dd83bf5342f30a76663a78271fc455a58005d4aea03d99272a4c31131d2517
cifar10_test_3584,Test,cat,eb55f8e3e77b7b10a7d8985eb1bd8acedb320205bde38cc5ecf763823df5f493
cifar10_test_8337,Test,cat,46aca6b19d187cb6abfd509baadd6d4072f9307a597532fdb2d2cdd191597a7e
cifar10_test_2034,Test,cat,b694ffbf0791df14c41e50c36515eb047aec18a7afeb116d3624558b31ac0a4c
cifar10_test_3736,Test,cat,a13d6d8fa679aacec5383623a390ab70992b1c06db225ad7ca64a90658c5176c
cifar10_test_9243,Test,cat,4a3640775c456c9a91a7c927257a8e255b651756e142968552fab28b1e432047
cifar10_test_1033,Test,cat,1d6f9c639c49b830c1d0f25771a5e5983aacc9b97f9fcbfe7a28e5d2486bfd14
cifar10_test_2815,Test,cat,c92e493e114afb17283ae2a6e51d4b283dded1136c0d3b26c90a6876e1041d16
cifar10_test_3353,Test,cat,cb9f017f8d4969cdcb67b7c86e2a87bbf13ac211bb53d5bef1c3b2560c2aab06
cifar10_test_4210,Test,cat,ebf66f7973dd2073abe1a1ea61596bf6e2aa8394b9eebf076614bc5802972736
cifar10_test_6293,Test,cat,031b00307541eccec720ee79a3ebb4c601daab1c3e977f0fb9012aeb389cb49b
cifar10_test_2529,Test,cat,d3953a1d800e84a173ed0e8a1f04e2a3ec504fcda0178e4508d58936f3fe3d11
cifar10_test_7839,Test,cat,56628d22b356c7f508cf5bf730b9f34ad18d563c50d7a1a6f5d0d812a89443d9
cifar10_test_4112,Test,deer,7ef13359942480dbbd124be5a5acff60ac876f5260a220a72e916852cb45899d
cifar10_test_6447,Test,deer,a048567362445dac222eb04009a8ebb60badd136df296e69b9a27d34b3efc1ce
cifar10_test_3439,Test,deer,0d9cfbd181f352fa75e753bdc758176f3993a3e44c662949372712f24645d5f4
cifar10_test_2992,Test,deer,55d846027b5f4d72fa5f2a76ee7b3861813727ac6c166a23b1ab0c6dfd721fb0
cifar10_test_1537,Test,deer,a19c96915cb2c0dd8cf9db6c46389adc555babcd23dd06b1505009c8e5f9f17d
cifar10_test_9036,Test,deer,1651e89b4d59ba8e6f8ebd248f48899c6a10bc90a01a5b8964dad255e1f84fe3
cifar10_test_583,Test,deer,4e2ea445ccee4c1f0b37a12bb611213cf9149a51fcadd341924221a0ed12e738
cifar10_test_5931,Test,deer,aacee0dfb066623833714fa3e187f39586909ecb9dc51cad9f090cbe212b611c
cifar10_test_6606,Test,deer,3c9be0876ac793a722b174986bce0ad2f1e32e81bbfd102e80983658b5a3520b
cifar10_test_2032,Test,deer,ee3d8dbb0c6a11bf4ecd912f2b1c653e2c897b1f1b664563068a815f81f156ce
cifar10_test_1303,Test,deer,743c4e6614fa22fa1ca11e9120761838d2b21a53e359c645e88d52e90f7deaee
cifar10_test_4065,Test,deer,851de7a8d4e6f5a7e9d80fefdac2b03a3bc9a9dcf17ad412e286389e83723982
cifar10_test_3581,Test,deer,fbb51b3822144cb649e1c7cf13952bf90ad9619854e0ebf118d62d442738da3c
cifar10_test_6505,Test,deer,9e6aff61bcdb7632e91b250d36e8c058639b14ab504252b72d4a494352e00446
cifar10_test_2519,Test,deer,1080cb7b63ff3afc8b3204ef292d7b8421c74e07e94d88ad456b30748ddfcbb8
cifar10_test_2611,Test,deer,1766fafd4dc4b0b295c8a6056e2f2c82accb895baaf4799afb55237d9943d8e9
cifar10_test_8321,Test,deer,0433bd7c0694c8749a5e24c2307235d9b0377c3eb096eaec29fe69cc3d6edd35
cifar10_test_2917,Test,deer,22ec9101642369ac9ec40330078e41dd847e3819299dadd9549282181161e024
cifar10_test_1551,Test,deer,e0e3a0693812bb604dcf1972a842a189cc07d784c23425c67f224c46ffd7bf6a
cifar10_test_9711,Test,deer,1c2f59cd046f18e1b40a9fb5404ed82af44774e0f1facd8d8a3709e72dd01ae9
cifar10_test_8753,Test,deer,336cbb49358c2893dcbf9f3ea1727bcbe0252e30a28346c2556d0df4e05ebd28
cifar10_test_5317,Test,deer,d634d84577cb481c98f4a47e50e771e464e5ae4e81bb1802d7ce6dbace5e11f1
cifar10_test_3877,Test,deer,12ba94c7290bb52c430e9c937e1b029532f41c50ca1079f1a463feab8c4e73c1
cifar10_test_7095,Test,deer,b4e5ba3ab228785890e83b1ff5f357929cd6dec313f8dcba7b90957875046f6d
cifar10_test_7277,Test,deer,2965a50c3cf143c5919f0a85fbc0f5c0e5f08a28a2a9a690c1cba79f9c4327a5
cifar10_test_1380,Test,deer,b8fb121bf0b1b4acbb6c8e2a9958d3204e3f68b17df250222071857baa15e174
cifar10_test_6322,Test,deer,d564a617f31c662d7a3f4f8f446165f6b8dcbdb1b8b453736ead6965f183fe75
cifar10_test_8669,Test,deer,a553e8ea86cb152ec9dd3d988521183263ab53cb77c84c3916a1417aafa26615
cifar10_test_9555,Test,deer,bc3caceb4b19711a24546c3e97988a4bb5cedf40e24472d382d79feb6b678c70
cifar10_test_6866,Test,deer,aa9c58b57a3bddd9349f5053bd8a5e926b395205b3fd3b7076d26a8ef6ed5525
cifar10_test_7256,Test,deer,312642e0a48df388911b6491e5a776a2c75c880af7b5b2eb884faddca51d8c3f
cifar10_test_2500,Test,deer,39d96d66ff08f5f5cf582ca837633412135b379e3ee8909436e19a5b765acdf7
cifar10_test_8671,Test,deer,696e50238f873316eef772c6dac87314eb675df6cde284c751040f7c9011bab9
cifar10_test_5888,Test,deer,34dd42431f42ecd9f19de791b6119c220e1573b2317fdf25a98a62957593179b
cifar10_test_3300,Test,deer,b434e9fb805d33afb3833c9de92900069fa584c495561ba118524328ba4da829
cifar10_test_5897,Test,deer,5b4d01e6ca545f49d98e9ec73ae43c7c1b1da28f75fa1555be8602167e780426
cifar10_test_5145,Test,deer,de3c47e8c3c3b3018ed58df27e46a63b04732eada1935b4078d6ca8d26045cc9
cifar10_test_4717,Test,deer,ffb8bdf5206f446ee1e184916b38b8eb0578c06ef0e3ff579f275a519b3cf681
cifar10_test_9962,Test,deer,8c58f3643ece28de97af6e1f30dbbe389942b84cd7ed5e6d5576f2c58944d68c
cifar10_test_2785,Test,deer,1299c9660f541c6c674e42e2035379fb5d033f458d5507487fbf55416d3d64c5
cifar10_test_370,Test,deer,57a8cccfbd9a2d36d274926a151251a7e76ac0252898d32edc8c8ddf05d26513
cifar10_test_4111,Test,deer,f3c925f2773e9e73be0b3430201cf72e3a9527aa09f25ce1bfc92d3275cbb424
cifar10_test_797,Test,deer,543e73db85a622cc85d56d376e5a2ccb0209618b9eacca3192f7a06e4e91742c
cifar10_test_5812,Test,deer,f5cc8ea55d7ff960686344669131b8f56d4214de46698403d51568b51a9e0286
cifar10_test_9827,Test,deer,90474060fd34d384540b9710e03732f666ff400216543e4b43444c18979bb549
cifar10_test_4377,Test,deer,85b19ea6afd97a80cbb3d64db404b1799d2679ab88d98eff9f14a3fbff04ce4c
cifar10_test_1350,Test,deer,5a9e03ae15bef67838dfb72c47811be96d52b704261e1e7837f25c22b019cf7e
cifar10_test_2835,Test,deer,53d7248c7222a9957f9c8284a7fc48e04c321ad81bb0c35513e7060ac409baf5
cifar10_test_3054,Test,deer,d453993ead59a094bbe31b2737c0a9fb3e3c350c898e1b8aa3ed28402a4ffa41
cifar10_test_5505,Test,deer,49ba4012c6de1d4b89323d0fa6b410652ccde2f9a96c41ee30a35c7ef186715b
cifar10_test_6887,Test,deer,01773e60796250fc5a32954cac86e839f08635400c8d6d605be3bb9811f8f0aa
cifar10_test_7391,Test,deer,0b97bd401d6002caa8040d15d45e98a06e929cc925d95bf5e445ab3eb217f230
cifar10_test_4645,Test,deer,2e0538e13df38ea857bcf9fcc3d096b451269efa9c1cbe6ef34c54354602c0b4
cifar10_test_3447,Test,deer,c4b059de2340483e9a2e18fe93bf6a34f85380e8cd5717ad427004b62d2f6c3d
cifar10_test_8448,Test,deer,c0018660443a2acd743d8da1152f814939359f3febaad57fdc27276a996399b5
cifar10_test_6757,Test,deer,bff9915c66a432d9a2c36d9286e4d2d34a0d8a52f8fc18d206fb4ff166fe7812
cifar10_test_5510,Test,deer,14ba9b8bc26e1e4ce7184a789523561bdd99292816d915ab987aa1a8841cac9b
cifar10_test_455,Test,deer,3218f67da462ffbc0585ad924001c405aab994813ba69bcc392f4a89c5cf267b
cifar10_test_6695,Test,deer,6ed3c36efee2453c0c1d6edeeb982bb8e3f9026d1b4edb0868d49c97e86a2289
cifar10_test_7344,Test,deer,bbdd1d07b2ab87065ca1dd3838ed68c16ffa3f2195ffef285e2b363894ceae6f
cifar10_test_4488,Test,deer,b3640c8e8885dcf2485904b80f09e68fa096b69fd65b46b4deb866685170b647
cifar10_test_3576,Test,deer,25b4c76071cb96b4847c9504d89ef0ea1b7e9820dc493f7c497501b8429af0ea
cifar10_test_9858,Test,deer,9584a7213ef1f1b3b7672d25824cc3bbdd108d01fcfffc0aee0969a1382457c5
cifar10_test_2002,Test,deer,36e7580519490913726e2e345a2d589d3a5e003fd68b8d791669548ab1b59f86
cifar10_test_730,Test,deer,75cdb7173348dd7c57d0411ee4f4d1bf2574b528a15b86bfcb572a3aa2dc275f
cifar10_test_9840,Test,deer,91afbb109c5295072797045c863971a7233cac4fc043bdb79a8cda77c0712eaf
cifar10_test_5742,Test,deer,127ef243bf4a6c805e7844e174a0b8e6a649b4f9611f75a9c2c77098ed067ab5
cifar10_test_881,Test,deer,459920ec6deb31e6724d1f24223004e18fec0cc2af7e7c1f28b12d50a2ae8d39
cifar10_test_5651,Test,deer,0ec88cf1b913953ba709c7caa0c83f50c80cbf1fd164f0a8671018f7711c5639
cifar10_test_223,Test,deer,52b1c9353475e4472b3b5116ab894a11a5bb8aa991987327c7f4aed67c0e3378
cifar10_test_7550,Test,deer,3201effad275863fe232f47549fe1ef4fd0c319ebfd334d9d4311a8276031d4b
cifar10_test_1928,Test,deer,546376765c6a2d7a544a16c541c18215d682132bc45875875b1dde88d019d60e
cifar10_test_9715,Test,deer,0e89dba47570dfd7c3deb957c1368bd8de23b6123ffe3d5243cb058f9d6ff6c9
cifar10_test_9911,Test,deer,52803535ea2c645fbe4a08a59c018f82d940b269679e6923884999e5c8fe71fe
cifar10_test_7200,Test,deer,16950a49213a1abe3e64f9c42eece0fd16b10d8e5d8a7ba19c3d4764c71cf88c
cifar10_test_8647,Test,deer,05f591d9f746acc9a6bd7c30649c6feea22b53de4c2a45e7edb6cee03e2b8632
cifar10_test_167,Test,deer,e3a58cdec5ce4efb3864b62ab8aeecca2b19cf0ac95bc9dd04d1a481ffaece21
cifar10_test_6228,Test,deer,b2be4aac14383c49b374f04598e888f1747c016f23d46d6a2d647fa5a1855547
cifar10_test_4132,Test,deer,30f65bb454df716d842b8efa7b34e7a56a096c2ab8f3844a011f9e88c83a3ce2
cifar10_test_2653,Test,deer,94cd0b058540c76b81ab8ce93ef833e7ea5984cd7ef5696865220360047d96b2
cifar10_test_4524,Test,deer,4670cebf56130bb0135229c642543cd6c9326ba0c0cbc4a3e66b438e9fc59183
cifar10_test_2995,Test,deer,732ee1acb9f8be5c6adbadf023dc01641996f596c804b07e98a8fe5906e7f4f3
cifar10_test_1674,Test,deer,6a59c2f2d6857c8313310e0f627d4228b78f4c581e885f4e7bd013a0477716fb
cifar10_test_3822,Test,deer,de3c4dc3df1eb726ec4dce22a58cf97ea72d19ee72231df537c01f134efe24e8
cifar10_test_6855,Test,deer,4834eb720519401edb79252fb49b49f5d0dbf87bfa58a90e73d9b9b68a8fa5b7
cifar10_test_2638,Test,deer,355ee60855d1f87c174998fed863b057edb683b48ad7351ff52be897c50300c0
cifar10_test_6664,Test,deer,bcc7dff55fbc8908969878be86a487b09262c2175db3287957fd6c09da402927
cifar10_test_8855,Test,deer,457ce618efad8880680a148acbf9c3ae38fa97b3c55d0d5f1bd7b0b6f1bec612
cifar10_test_4679,Test,deer,252f7902a15284c0e83402dcf21294ee02e1b0f6f09c6e64df60237269be239d
cifar10_test_1049,Test,deer,adc475bda5d856442b56c247802f9d3ecea581146247715f710421ce03dca593
cifar10_test_8280,Test,deer,4bc59498372b2b31b1421e85b1f8e3260be1080f54ac0d215691ba1ba2ca8fe0
cifar10_test_7245,Test,deer,81c7f9253299eeeb3c87967e6063f46943eb95c1275172c4a6e03c7f6ba6dd51
cifar10_test_8699,Test,deer,e6dfb8af8716e464f14aa234d2a147b0c5e1b7300a1de279c379b5930be5865b
cifar10_test_9330,Test,deer,e1bfc347ab23d06ec49651e87af444af0a8930048a6339721d92f6901400b914
cifar10_test_1249,Test,deer,5a7162ce15eb61b7c5d8dda9a04b5766d791f87f14cf49e9833b3e95e30c3757
cifar10_test_9780,Test,deer,6fd3709d9476f6f139ed4b8a8aead61164dff67c4582166784b5e892e722dd5a
cifar10_test_2567,Test,deer,32ed7e17184a1d4536f58d4a829042f14e97a41dd186a8120063e96855ed9fd9
cifar10_test_5634,Test,deer,7328667a900278858093ce98a81adfb1d63f6007676a001e6e99d2114da0c271
cifar10_test_4310,Test,deer,ac95baf99a431afec44202d51804e610c2127749125eec2c21774e83c35a7a29
cifar10_test_1292,Test,deer,1c32ef59c3637746c8488c3c3050fc1a47c9196ddcd6e0568c66865161dc8cfa
cifar10_test_7506,Test,deer,3cbe160ac0e2e570e8965f17da8002400275bf7b2d30e6b3ef273c809bdf32b1
cifar10_test_8944,Test,deer,5dd7aa0259c86ca3b13b9a864a2acfc7e0007549d7c9b1a8793a60d97dcd8bf3
cifar10_test_735,Test,deer,ab0a122606a21bbddf5439631c051f4a3752c73dfaab992f3fac6241112a530d
cifar10_test_6254,Test,deer,f5f8cf391ccf4e555f692ece67d9b43ef43fdec26827eb2088da26a57632035f
cifar10_test_4946,Test,deer,f786a7605c878fca085263f89f2340f904531bc98176ef73ad034a575bcd15ce
cifar10_test_2419,Test,deer,3d60e4320a8d237390d2b80aac5903ca719ceada9cca8f389e908834ba1394be
cifar10_test_2826,Test,deer,ca78c1369e8773859330ee81e94c63955933d0b6dc8bb923cfe1efd029eae1da
cifar10_test_5018,Test,deer,173898419a7fd74f0f7b694ea534abee4320c2149001da0c73f3e5f86648eb1f
cifar10_test_7029,Test,deer,b2ccc3a036a902e0b6c458d6c5e96539cd18fde2d5bbaf764fd14057d6b3f0fd
cifar10_test_5658,Test,deer,068064e63414d02bd12b8c7dcbe0151faf5cd21408284d8afb58baae3ac4d760
cifar10_test_2413,Test,deer,f4df64ccb7bb4d35834568f1672e0d3f76ed007233cdab585dc13cdc78f41fdd
cifar10_test_6916,Test,deer,1db90aa391cbf9fe127a30ea0c920b649dd1a34388e6b8538acdc44f9b746000
cifar10_test_8914,Test,deer,89c5af4c9deb69ca7ebf12dfe6fc47efc0b13bf7b71d7e0539b4c1ee97eec228
cifar10_test_4600,Test,deer,e8eb75bbf5b68c39ce576e3d90bd46982805ff2fa0eb1d7f6c481b4fb1c59a1c
cifar10_test_2641,Test,deer,a348234b4b7e7696492ac9dff0a4ffa44d143a44b57691e05d36d268dba480c0
cifar10_test_4047,Test,deer,f8df4bd04f77b5929bfb91efe39c713144bbbec836673edc71f328ee1599bdc5
cifar10_test_5283,Test,deer,b2cae2634feb8f56d1c4b89afadb06290a7197bd272223211f17eb8297666a7e
cifar10_test_8277,Test,deer,eb6ce708276cb21c805fa65723a89b2209442db5eb528e85f3130d5142b852c3
cifar10_test_682,Test,deer,e6bdc16811dbb0616bc55a760bce87971578067b377ed3f0434387f3a80935de
cifar10_test_3433,Test,deer,a10212411245629f1dd4da06dd644b3ab4a8b3f49ba71847baf0ae04a73e0d41
cifar10_test_2581,Test,deer,96e402cc71a4bee881b094b2b7a6387159edf74b2ebd829d667ccf6d2a583d0c
cifar10_test_8456,Test,deer,8a2a40a2f129d85a3b4600799a99855263b57954cb15749b0afc9556b1fdedfa
cifar10_test_5379,Test,deer,46884b51c0d8513672fcc188d8542358976aeb39da483520a58e0533a4b6c867
cifar10_test_6736,Test,deer,13b395742d91f18431fd04621622ebde08e18fe6ffc75fff46e6b7ceea41cb0e
cifar10_test_5866,Test,deer,9099cd036e402ceb75151f068d974336122e26fcd46af4876d5948ae85331fd3
cifar10_test_1953,Test,deer,ddf42dd98f700a9e8156fcc929782c967c67cf8c9fd97417aff9e06aae6f02f9
cifar10_test_580,Test,deer,13ced3ed18734d25968ec0d25e3a5db744f97f517b6eaa8c8038593cef344867
cifar10_test_5345,Test,deer,a60519c5142f7ef9d9e37d7fad3277a84c7969035d8e904b314e45dd54e88d56
cifar10_test_5751,Test,deer,c98cd27244dd4985808bd63994a4adbc358fd5b464bb20cd05f70e005a14c433
cifar10_test_7537,Test,deer,b4c0a71f1d3ce3e66d0d87b631e9b3e19e50392ff14505819ab8292f40ac6e47
cifar10_test_9541,Test,deer,ee56a0adf7afeaa9f5403a3f41426cac4bee70c8b06cf1662b38ba4f90edc1ae
cifar10_test_6909,Test,deer,5919e33d1c924b3bcc31fe6f259cb6e39830195f5423c985ad92bc8afe1d99f2
cifar10_test_1186,Test,deer,b0c1d65bc7918cad2076bec3180fe61efb126ad26a634be92d701d46e3a5bd0d
cifar10_test_1800,Test,deer,79469b2394b271c46441459a4bdcfa2e7570db46f1fcba2c63e2fc7760d8cc30
cifar10_test_3309,Test,deer,ad3c5a07dcd67a91efe3c185670cbcc3457e3ad60dd55fd2a55b9328df82afb2
cifar10_test_3753,Test,deer,b17c893afbaad938e5756e3d471c6ad6fe6bcc6851202987b2e279bf3fde01cc
cifar10_test_4213,Test,deer,89e34a4684e52c8ecf609eeb17e45e4f007d9f71502a3b17c5cb986f8472d2be
cifar10_test_3503,Test,deer,aca8343656b5a0e31243ac94e000a28a7ba1e033eaef83f1fa9a29ca0e90916b
cifar10_test_1836,Test,deer,df00c4591528e945cc223118ead62fd430146ebc3340084b801d637821f93027
cifar10_test_1765,Test,deer,abc9ed24a670d8564692b7dabd0ff54fe59e1830a3fdc6d1304b772db6377860
cifar10_test_6161,Test,deer,525ba29ccb891af40953e441a20ac8d5bb428f94959d258319e7eb840f9d8202
cifar10_test_5066,Test,deer,8d37a9a76741f2341b335f9d78408ca3d83fa6a025d1ce8d5aa0da4142162e9f
cifar10_test_1393,Test,deer,cf4f25d3dfb90784216db1b2e7b096f1b3a25c8218068de18659d00b4b38dacb
cifar10_test_8928,Test,deer,4c4db118e5f1da644af83bb63306f908f6f4ee4a95b603ec3cddab6521565318
cifar10_test_2283,Test,deer,93fc7f88eeba2c15cda324bae7e43da38c14d0e9ba744680f8be8e25fb382a85
cifar10_test_2844,Test,deer,ca793fff7ece726651b16d4b7b4d346e7d772b781b3ceb36e05331a32385b427
cifar10_test_7848,Test,deer,22b915901555dcd9d069f6ade165cc9ccacce6332c7fffde5848f9f74bc75095
cifar10_test_5296,Test,deer,871463ca0e4e7ce525e12a839dfe13a8fdd7ce9b377552274fe4c0c639572d65
cifar10_test_4362,Test,deer,58fc859d17b4fcd6abb5b089efd8163bbd85639bf9643bd460cebc097530e112
cifar10_test_6210,Test,deer,07a1b139d4c78e35bb801c0ee84b4a375b51a326cd6b5d1224a9d045cb21063f
cifar10_test_2858,Test,deer,3b4c13fc3ecc57aca049c114ba5c73b015a1c7c016cb74c4a3dff08a883626bc
cifar10_test_9919,Test,deer,33a3e8baca37d4e428c14a8e191802c8cf396a5359a40bcb370600d979be7420
cifar10_test_835,Test,deer,0548530b3002be77bfa2c86256aabcaf696c689e50abadee5854604e84671300
cifar10_test_4564,Test,deer,b9c2f9759ddff832de5a06e2ffc63b01211add2761f682366a735d5f443acd9d
cifar10_test_1720,Test,deer,bf70551002098eb76ba462e13d0ced221aa4ed154439e12bc8de854d9a1cdf7c
cifar10_test_5863,Test,deer,a8d89650f7611ecf6330a84556bb2c470e81eaf10bd17fe84f883df52bfc1b1d
cifar10_test_1523,Test,deer,5ca9d2bbe7b5a56889cd3e2f76c9ebc94300f1992206d5235a2b140844b1aadd
cifar10_test_1986,Test,deer,e98e11a34c300a180f37b3012ea364c06b1ec8f20e3a3326a65b466d579e0e08
cifar10_test_7335,Test,deer,0b6816e14fd15fd4d47ffb35122b5d552c52516d0d96bebed12f321096bc6174
cifar10_test_3297,Test,deer,258b7c7f100c724494fd2f6cc3bc634fef70a0bafcc347cb8172786dd50bec02
cifar10_test_1554,Test,deer,4d5158d6364c7eb3ffec727f18344576150bba06e07d1e48fa6b20a374bfac50
cifar10_test_3809,Test,deer,de53c1901ffd62c85effcd13ed294c34eab5ab827e0c088ed3098617105b5030
cifar10_test_8309,Test,deer,ea2c054015909f761fbbe49d596556b3fbf236cb30b327012b07804adbc31070
cifar10_test_2015,Test,deer,917d54ae131b31cb395ec5eb77df3a07aa1cf17c05b292c0a808338c104532db
cifar10_test_1762,Test,deer,1a3f66551eebfab9ee0cca45409420bab5831b40123890bfab3f666817e9b08a
cifar10_test_6461,Test,deer,447f97054f0beafa2c31875db284e189d819cda18649dd200ce9ca1a6c54a0e9
cifar10_test_2260,Test,deer,713e2a1f26a1d3099121269db7f2b9e0274a34424ef5080711e13d0a3319f608
cifar10_test_4117,Test,deer,fc0022215823577ec37f1bd0dae8bbc6b220f1648e0eb89c683178cb0960b830
cifar10_test_2208,Test,deer,f5e4c4b6046ec2214d084dc5b059443a6e62f477d496d967405bc97c717c84c3
cifar10_test_4031,Test,deer,36eb8416605ed19b70aa829493e66956a7b4de2073bc59aec116ed29d4a759f9
cifar10_test_3043,Test,deer,2c8a2d393aa8f04d99d6d08ba5d60f8869aedef47db00d12242713726a9a2f8e
cifar10_test_3759,Test,deer,9d17b7182acfa851be3d11550ca9a77a9be78fd6b22baffd3961daaa8fcfdfd9
cifar10_test_3621,Test,deer,a49ef746b8411042ce0757baf46b55a1911e99e76daa0b8664f84b0100712031
cifar10_test_2605,Test,deer,bc51b9b547ad2e6076aa0e518e6a1279d0982b61ef03f84914c675b7918446bf
cifar10_test_9441,Test,deer,f0d106a7dc68d3e7a9ddca1512866655177b396e5b333d6d8242cc5f6c391b1c
cifar10_test_2134,Test,deer,7eb69e17f8669a42563bfb1c6586290086859e18b65dd5dc6f4e0879f28459cb
cifar10_test_5932,Test,deer,fffa9dd5c34c8395930f8eb2dbf3105a7fb3fb50af0204d2376bbacae88d4024
cifar10_test_324,Test,deer,10046a4721c5a11631af1e96b2c5bce85cd12bd2d8c2e51e2044209b07ef7d37
cifar10_test_8889,Test,deer,72c6e0b568b020d3789408ac871eed52b173da8964f0e82c3c43a85dbbdc753d
cifar10_test_7531,Test,deer,cc43b3a6687805cf514ad4d56baf4e19ae21a1ca9e07242a87b80a9ab5f170ae
cifar10_test_6153,Test,deer,0735c89ede9041e1a473a5beca0c0af71a9fa5d33de15b6a7f5f4c4e0fb928da
cifar10_test_7273,Test,deer,85db3debc166c42167668df3a06202c809357976378a83fdc64d7db70825047a
cifar10_test_8180,Test,deer,ef210df085919f8343cc5262137ee85cb3298b61c8bf33fa99370bc3db3fb390
cifar10_test_8122,Test,deer,a6057e366ef904510a31ce476b6630cdaa4fde29227a2ad58caf823183c22fce
cifar10_test_5829,Test,deer,aa419d1c5ac16168e6e848fb0f6adc9a2960d1bba7a793452b64996124e35f1c
cifar10_test_2981,Test,deer,f9014d6e2a52eece71137401cd0e5228c4b191fd6c3d14ca746e4be2baf718ce
cifar10_test_4712,Test,deer,5505cc7ec8d0076e66a2b0cb0a7ad8e2c93533cbd1f8a03c11978fbc2cd262ed
cifar10_test_7726,Test,deer,6c212f48749c41aa5f1dd988041c41b41e35ac13c5dd11807491f63f00cc9d91
cifar10_test_5193,Test,deer,407d51a2b5ca4b50881310bf589556253b47f0de09efdd2bf515798fa4640663
cifar10_test_9981,Test,deer,63fe54c70d60d8d2b1c281216d9f097bd9be82ecf4f12c4d034b0f1f65a8dce8
cifar10_test_6336,Test,deer,35bb81f150099a734f124e70fc340d88171f656c1b29d18a9170541685689e8b
cifar10_test_2905,Test,deer,28570a142b51bbebaef5d696c2c47325f08f1880ab77d4b7f4d677573fe199cb
cifar10_test_8322,Test,deer,2c3a4ba410289f7354d5ac644ef1dd4d6110f146c6a946c2bbe6c212125a2022
cifar10_test_7059,Test,deer,80f688ba460a5892ae61519d896e3f8cb66da48909b9cc6ddf039f73c2447168
cifar10_test_3016,Test,deer,d42346eb68bdf7a6a74b06dc9a94d119d8cd0a280533210a37d8a79d87eaa81d
cifar10_test_9335,Test,deer,c5022131ce0c2261c2f6578c6dbc36dded278f3a419c5fc6da610cea6c919ad1
cifar10_test_890,Test,deer,3c333e8c584530709fab1481ddd086880b8363e4e375b6a303f211c7eeadbd72
cifar10_test_4608,Test,deer,480ce60a0ebb058464018737b24b5326061a3b7667b982e92a4e71d9d10f89a1
cifar10_test_7140,Test,deer,0629325c8fad1aedc2cc0fd7455a0f0d17aa1e786dd3d61d6bd0a754b78f2bce
cifar10_test_7482,Test,deer,533efcc8738fdc80e07d95dfd9abed046dffa805d808ef64076a8d96318eb7eb
cifar10_test_5848,Test,deer,fb8c6c99f36e1593e217dd66eb53f22c46dcb0954142da2eec3efc627372dc29
cifar10_test_5172,Test,deer,19f0b3d87e01404c7a740ed8d45e1b1e65d6206fef6a5ca2d2f35ccecffcccab
cifar10_test_6367,Test,deer,c5ba63aaa8dffa0ebe2172331824b3197fa7e267a42e6945379ce88863a58737
cifar10_test_1217,Test,deer,27c02b184830dd9505abcff47201efe4dee987dd374c611340f438729fb6d87f
cifar10_test_9896,Test,deer,9a8503a44db89c80ed74269e156f3732f6e8b6e70db149c3f830d7773bb12045
cifar10_test_2367,Test,deer,ab2f1493f970d7919d427b178478841d05357de2f824c5141f23c9e399c0f56e
cifar10_test_7322,Test,deer,d25883475201576559d7d41e4c30e5b2b2ed991eb0b3b460930fde41fa9a2aed
cifar10_test_4027,Test,deer,a56a8d7984eb0981480871fdf694b13e29e74a634d7daf015f11310f79dd5056
cifar10_test_8703,Test,deer,ce982a09fca0016cfa86f7c61836329f97151e27617906124db8378bc4a8a201
cifar10_test_3914,Test,deer,3f9f060c1355d63be355bd5b28fb799c2889ed16085ac081a72b23bf9ee9425f
cifar10_test_5195,Test,deer,8a16b9948f54b81d128697bf2856e013caede51f5223e78144308d8bc85217fa
cifar10_test_7702,Test,deer,d660c0b53edc85a73cad432124c61a12e7a631797ce05040543a1121e9ac64f0
cifar10_test_4138,Test,deer,ef43415b56fb5621a57e1568d720ca26f0668c1b082c111c7de9e1b4d669d636
cifar10_test_4211,Test,deer,1ccb7e2a0bd67c375d2ebf755647f9a117b5af0e1617f6e9633038e0bf7b4cf3
cifar10_test_9290,Test,deer,4200acf5127119f4b1adec68c13750296cd7faa63844b949e71df9d7d2e96345
cifar10_test_58,Test,deer,c380214454d270c9e8e6ad3d3f6fea79bf6fc5d6a3721fd30dbc0d8fe2413604
cifar10_test_1645,Test,deer,02570d9db018e3e068e51eac5458c2ff2dbde12952a083a58dfff47773c414a6
cifar10_test_1628,Test,deer,7083f10afc004452ea1268d7ebadacea268e0209f14bb3af1a94560d5f7a5ef4
cifar10_test_1441,Test,deer,e63452c5d1124c13f0ccf02562b88c37f92e3c20a2d5dd678dd1b47585506fd9
cifar10_test_1267,Test,deer,5c433d3420cbec498f028222c7ae783516d59e1f3dba3ebec2d7c729210f8783
cifar10_test_3041,Test,deer,aebb19db2e7f8f640367107425fa950d63939bbc8aa5d81a8407f7e9a9ebd6f3
cifar10_test_8926,Test,deer,9748ec99a943771c5836cfce33754cc8a6c104cedd8e51864aebd58aa507a902
cifar10_test_2558,Test,deer,2b5ae8f2052d27397c504efb7bd3837d58ea43b548d6f1ffde9d0992e251f984
cifar10_test_4120,Test,deer,fb8ac5e270a4f72ae4e6385b0ab2aca16a1da5ac6b3e54f133588975511b24bf
cifar10_test_5854,Test,deer,c7ac569b5fcc9c795d2d8fdda255b7ce1452256de3edf482109aa5cc6b85a8a4
cifar10_test_9173,Test,deer,82e20104e94e7ab7360b0e66837af1cafcc2efae35ad0226c5d9559a90f14a34
cifar10_test_6438,Test,deer,cea1cc79879a33011b0dc9a29a48e507d6097905c56af1c5431e4618ac782303
cifar10_test_3952,Test,deer,a65d269fa2831c69ffc7283602da7d4053452222c741ba435e8a2a3f8126f09d
cifar10_test_7135,Test,deer,e798cd3799f65bebd461c4c26451eafb9abfab110cb15bdeede6d30b972232b6
cifar10_test_7081,Test,deer,a298bb8761e617ec75477a56d4cbc6a83ffb041953e38da2348e21fbe4885125
cifar10_test_5515,Test,deer,d4e130dcee005367afcd7c303ab38648706e392c26438f9c70bbe31bebc6ba6a
cifar10_test_8836,Test,deer,4c545c71c395d07adcf9494cd4be1bf5eedf6a28b90bdacc8c440561cb2b621b
cifar10_test_4571,Test,deer,d211a0bc4777b1126c80937f5285a21fbd6f6f39338df1685cbdb3475baf26c5
cifar10_test_5150,Test,deer,563e0f1e14722103c256f524b7e104397fc13d24bc60c12d6887531c5f2fbb85
cifar10_test_3188,Test,deer,0bb2b0dde0ddcac5b04140fe52747bba670da0b9842f8863785fc2578a234edb
cifar10_test_1194,Test,deer,9380a5149bdc33d8274eb782c5aa15aa699d5f5f8625d532bc2a9ca8f82991a5
cifar10_test_2030,Test,deer,b08b0244003292482bf126c2fb704359c199c64c00c0db6189b5091b06277369
cifar10_test_1590,Test,deer,d0139072e8fd20d68e9f3fd25371e90e2bc88b5d5898772fe93e823966bec8aa
cifar10_test_4350,Test,deer,4a609494cfcff5d4971a8aa6e88c56a2476433fb20c95bbafb088d8c3347a26d
cifar10_test_5903,Test,deer,4cbd1d04159056de759723d3d0e42360066cbbd227f9779c40185029890c2b1d
cifar10_test_7744,Test,deer,686ba3d19cc2fc57ccdfc4e91ecfbd003b6d4827a6a6f7c05758cd15dc5dab39
cifar10_test_9118,Test,deer,ea4752364ca347b77c0911b2f8b047a34a7a0a698fc316535cccbe6af4ed3a5b
cifar10_test_3431,Test,deer,9e1067a4cde4a772d7636738118bc326c23d53d7ac20650c4a55025d46245204
cifar10_test_4443,Test,deer,73a809f0fdbd7f0e8d9900f4cbdb4a38cceaf0b04b094a95fd150167fbd419aa
cifar10_test_8667,Test,deer,e57633f61cb12cb5ad11c5057a82a22c7c504d5b93cd9952de55a05b80b8e225
cifar10_test_3436,Test,deer,feef2ce385e323b281a3056bd97982d802485785af05664fb86d783643453b74
cifar10_test_6422,Test,deer,5a96ae9ef82b0544e80d193a534c0d232ffe31dd9549aaa12e62ed28f4beb6c8
cifar10_test_9417,Test,deer,2e2616f952e1b7946d6c6510e7dbe94ba9f3e64ae5f46b62b416d26d45d02a92
cifar10_test_5699,Test,deer,c45b1d76b74aa4b1b1d1f808d37016d54988ec85592da59dac572ed8d9c2385c
cifar10_test_9384,Test,deer,c87297454aa83c0464ac6eaee057ea0daf7271c2281bf3c732f3fef8f58c0dfb
cifar10_test_9406,Test,dog,9a515ae3c9562b8ae8e11f34401cfc699be7cd60248bd9bbb0c69d3ff1ac807f
cifar10_test_9838,Test,dog,a8f62f383731c360d83edeb0a596bba2bd7c1c01040f5d2e0a58b51c83596351
cifar10_test_1385,Test,dog,6801bb0a65c8ba15c9dc95a7a7e43095751fed1d8fb54ad83b55261195691597
cifar10_test_483,Test,dog,f23f14440dcd9daa90f64096bfe99b69dd0522c24fc9cbe3186c4ec383633f95
cifar10_test_8469,Test,dog,b36dcdd9275122a42c29777d3a81ab842b12def5714d0d743d8e37c3cec1b4d6
cifar10_test_9353,Test,dog,b9de173843d22da192517099cf10ef061c92965144ecaf261828e3f200fd75de
cifar10_test_7787,Test,dog,8512149029e2ca6a82f8269524c7f764be8d1910456b14c36202f7a7b8f238be
cifar10_test_2861,Test,dog,32452c40e253dfe941ece589d7b35794533c25a12e63cb3cd7f1330aa08b6a2b
cifar10_test_5062,Test,dog,2a66dd7782eea2711e1a751799cb6a56ca31754ec82fee1c987d473882a1165f
cifar10_test_3323,Test,dog,cbf0759ecc83d412e2e4b8fb9537b16ebd1186497f7e84a1352b15422cc7a7bb
cifar10_test_5229,Test,dog,d9c5b40f4fc64e9d38da73df14c5a7c085b18337f0365a3ac2073b10bafd3af1
cifar10_test_4143,Test,dog,87fe4199a4bd75ac5fcf9a623aaaf1cc34cbfe49cdace3ebd6d9345bebb93a7a
cifar10_test_2277,Test,dog,2a3b730d6ca7733ba94891304eea453f4d803274b8f8f5399eeb554659a34c12
cifar10_test_3268,Test,dog,dd591c0d1a3691b42d5339b897c53696b1342f7839b65c371de6589c164da9c8
cifar10_test_6199,Test,dog,abe3135aa68b052d9c835b48f6b0c44110e8eca35e1c2412840015e2daf4851a
cifar10_test_190,Test,dog,ee3f69ce4cd5bf963ec5bceeed2985de4f9b3ca54628744676378349e3231c59
cifar10_test_7971,Test,dog,b90de5661ac5646b2963d683eac4a9dd2fe2096716245a360fc1274c3d2148e2
cifar10_test_7137,Test,dog,a4c522dba71b6e8e463c08d8fd87e6cf2f5ac9d0e128c8fc17650b6546f518d0
cifar10_test_9058,Test,dog,f929ac6ed240403128b3724c3ff111d5291e92aa121eed37afc3f2375125f005
cifar10_test_9053,Test,dog,70f7f2b6046bc21ead5dc5b6a2152891130b9b3f4e904125b6ec41eb1ec7a21d
cifar10_test_8555,Test,dog,f1c092c2684a803afea465a7a4d41d9cc3d01a3285e45b2970acf1affe5081b6
cifar10_test_8458,Test,dog,d135f8f0fdafef2b0e3b113412ba935c4c6046e924ec51d1849bb1335d683865
cifar10_test_6224,Test,dog,b1e9b491754facef98a8f17dc7a32d300c6a5823cce02bbce239129ed9c9c823
cifar10_test_3306,Test,dog,633078207711c21569d226d963bc05482980fbcb841837d07d504127713e045f
cifar10_test_3623,Test,dog,6e3086fcc7e447cb267c8729b6e47ab6408f7a46e5b6f26c497356bc11871a31
cifar10_test_3945,Test,dog,c86515e8a3b90eff5fb53caddbf9d3f4b48dd7cd38f311cbb7153d07ae4111d1
cifar10_test_6920,Test,dog,eab87dd143933b181e9ab161951eac65affdb1f16456b072fbcdbe2beb7e5c16
cifar10_test_6031,Test,dog,d953eaceaac27271a690e380f3de477fddfca2a8db7e46c6eb4efa30c4c70381
cifar10_test_8212,Test,dog,f3c133165c037e070ff1f3003d5b0422195b31eb02f5c638001ed2cf0303689c
cifar10_test_5969,Test,dog,69d66c51f4e93761e723bc211a73dc7fdec70e0696fcec8cf4d4cd54dfbd5c51
cifar10_test_9523,Test,dog,9a8ece84da8a0338c8310b3cc9133a4a3b4d7f88afdb70ea2fbab20aa8b4be65
cifar10_test_9922,Test,dog,a8c347bfb305c44a1129052c379f1866b61fd367768969db17936cad6bd5f2e8
cifar10_test_9878,Test,dog,5fe216a054b9739d2b527de4147acdbfaf3de64d3edb9c3b04c3cb9942bc05df
cifar10_test_8317,Test,dog,a26c12e0055a0d623bd41c1cefea0c39d269baad4eec10f2a0699abb7127a6f2
cifar10_test_1675,Test,dog,0aaf6d15aa84390e392cb651c4b52a68807aeafb8680b765350ed4a692f3dfb4
cifar10_test_488,Test,dog,bb8695de1934ff7dc1a9b4a79addc798d25b29991632149a6a4cb6a549676baa
cifar10_test_4724,Test,dog,e2911c4490d834c3a09095f6fa5f9d4104a9e7fc6f616067b2186b5d67b4517f
cifar10_test_9586,Test,dog,632c56c9a57201c9ebc72347736cb451f7c7b1b6d0604ef65cc46cc56b1d154e
cifar10_test_1328,Test,dog,5e2dbb1f33e55771b1310d3b0a828d09b19cc33cb45972e974961ae0deca1aec
cifar10_test_652,Test,dog,9b83b49b6a7e49c711cce352c998723c3d457675242cd649e3369e1bf8683115
cifar10_test_9774,Test,dog,89de1e751e7c5cb77c576485edf62761917a71b8ade10bf68d1e191388c86040
cifar10_test_7368,Test,dog,89948b45e6acc872c5cc773a095fbf15d038a87bd7c398a93043be1fc47ccb20
cifar10_test_7852,Test,dog,d3c50ffc61ce2cc2a14e6d650d03ade5e9f420834afbe436f46f4a73a6766ee1
cifar10_test_9741,Test,dog,9333952ae2dad1b8ca380724e89889341cd656f1e2a597b26a5ce2e606ae1aa7
cifar10_test_8424,Test,dog,0957b46e6f8c1b12ce45430ab8ea56d826dbe1e1510e38c130f3c62c98a256f5
cifar10_test_9652,Test,dog,4c54269924138c6d8fd72bfcd97aa7a57f28c73810d08791399ce8315afd9a19
cifar10_test_9005,Test,dog,3b55bae2f5c8002b135bd7abcca8a387842985fd2831555635b1157ab3e5672b
cifar10_test_8847,Test,dog,83464eb279cc7f48cc2e9ff17edb4742c13cce88066f2b2a787a16c1fa29da32
cifar10_test_2392,Test,dog,4d2e796f30d2e6c66252e23e8b176dd4a10fb853a9cfb2f5ef36250808e8c6d0
cifar10_test_1872,Test,dog,47c307a09adf6f4e39d3254db4b7a598b1f06073d08e7ff57ad65ce943e9b171
cifar10_test_6257,Test,dog,9b8eae7757aafb2b46d37e74d6459f7b5e1e1f0cc4d4ab82d8beae544e110eef
cifar10_test_6837,Test,dog,da3ef5830d0fb25f329b9b5b34d4bcc168170648ad7c9e9da17a5087b4f4d56e
cifar10_test_6226,Test,dog,24eb2f73cf1a116437477839c0c6119df450f828b350d48b574cda1254bfb231
cifar10_test_5459,Test,dog,22ead715492d5aa9cab3f70eabdec5a89fab28dea78d77f7827b88f89945d8f3
cifar10_test_9892,Test,dog,4c94ccb64ea42f0f275cd6bab29a4e7a0e4b0ffd3941c60dd9663049da7bf214
cifar10_test_3006,Test,dog,929126d8d0fa0cf1f4d2b3d70259a5673b0fdd0f547e63e8c9065bf890babd26
cifar10_test_1362,Test,dog,cfec6ce81df928e81705c635716af4bc5191a95b33e55a84082858de2d5ae689
cifar10_test_2970,Test,dog,3a276d3f413c3f7581d5b36068e49f1974360491c103cfcb27e317014ce9a267
cifar10_test_3137,Test,dog,8bbaf7fde69ccd63192b94c4c4c860ab3b662f823acdce4d51c817cfc0a474a4
cifar10_test_2689,Test,dog,83563b085fb37b5303bf9b46ae94ad1e2dd008f36a8bf19609ec320f93bd2754
cifar10_test_446,Test,dog,5aceaaefe48967a991323cb649b07a1065b2c659526a110e217b1c91b180cbbe
cifar10_test_9928,Test,dog,6bd5218de2af168c3428197ae3fedfb70a8770b9a0ddabbfd343633737b7af66
cifar10_test_9376,Test,dog,346194d887d89ce388caf5bb218ffd3fae5210d975de3079788a376bd5898e1e
cifar10_test_1214,Test,dog,4baf237f4739bef45d9dbddfe5ed65aca91c15da4d0ecf7fe7c9e2effa0a51bb
cifar10_test_8263,Test,dog,d8ad8bd7a12d82d079169c60d7a28f61f00bd7d4174125f1d915220ce57240c0
cifar10_test_9304,Test,dog,908f06f3c31239e68f3866ef611e0de757281d7c333031cc359c9cf1927a9e15
cifar10_test_1908,Test,dog,d97af4fd39f7e795a410298fd7e55075456fc6516b57c58fdaac45317ee445b3
cifar10_test_3830,Test,dog,a2078dc96763ecba3805980dbea6091a29b92247fed39aa426de6e1889060ecb
cifar10_test_8618,Test,dog,d1c7bbccea576b0021afed1832058ca636c7a2335a84e4cd4c86cc9765e69ad4
cifar10_test_749,Test,dog,3a4b201d6884e5a65ec608eabbee1e7fcbe6570b07c748994992530c4b38d205
cifar10_test_3204,Test,dog,cc4546db76a4bac8b70f9e637aa01345f9c5ab880673ffcced7ff6b305b9c9b2
cifar10_test_8330,Test,dog,8031383b702372dceeae40cf4a4684658590a3b651adc13657f1485feed1304c
cifar10_test_3132,Test,dog,c187fabc47b6bd827a29f383730cea92ab31f5640ee598af17538508c480a499
cifar10_test_8301,Test,dog,2b3e4993d4b05f827507b7d572c2177b035317cc73b17c9af6b6f6cf74c96cc9
cifar10_test_2459,Test,dog,144a8736596f398c69c61e9fab027b27156b33bd32d04de6f591239301a91875
cifar10_test_9369,Test,dog,2525414e7a6304afa55bedc9621b5a421273c75be60ffaca66a6704915f9fe0a
cifar10_test_903,Test,dog,18a0f4a005614ba3289801cdf2830fe9fed9888fcedbab14d21ee972d29b215c
cifar10_test_7820,Test,dog,25c8d22292179e4530aae1098d7215814605a91e4897d1e36926e2a4728f7931
cifar10_test_6835,Test,dog,c480abc9a5faacab520e1d7c38ee325ff236bdbaac9fefc59da7540a7c1c4824
cifar10_test_6677,Test,dog,584864d6b212ca07b914d5ca42ba766374f663dce6dab2fdeea994a91d1451e0
cifar10_test_639,Test,dog,a51250f5ac8c09c24266521fbfdb6ef944eada299e912bc11bc361c458a460df
cifar10_test_4552,Test,dog,a3fe548997c64067f374a7c4101c7958119b4e993bc3802140b2e5e2a9bd0b59
cifar10_test_9309,Test,dog,e241e5fdbb8b96648ae3d07fdf1a63f0a03c24e69d5acb982cb661ff156b38d6
cifar10_test_6513,Test,dog,5c9160cb6fb0af0e5e8c4828496d75cd0651ba643f665c63cb70543658698953
cifar10_test_3017,Test,dog,309ea5e072b0b0133f346b73c634e8a07b83ff146677217302c46b329cdec034
cifar10_test_3404,Test,dog,47d613f637ef08d7bd390801afbe96d0d704ef71f29cdd9891d1920f61ec1ba8
cifar10_test_6993,Test,dog,0aae5170ce5df57bf33470ae249a72a56a8a37aff638af32667bb1c976db66b4
cifar10_test_3178,Test,dog,a572fd66fad6c77ae3e174875497111d61c7318bacd61e5c2be703db41b8c1d2
cifar10_test_1863,Test,dog,147343a82ed83c06bf82b176d81d09366b19b97d61ff12f0fa25699a3b17111e
cifar10_test_5615,Test,dog,4ea9b1407292ec02be0c17f06fa85672e5fa9bb038388eebe1111bdf332605b1
cifar10_test_6127,Test,dog,acde3f0183c6e62f88193ea9a8d8e3cd0a7b554c441ca394c537daf27c88c61f
cifar10_test_2472,Test,dog,0127eb09f20cd6490bc0b7adb5998e10a4c3d9234c7008d90cdc404e8d866847
cifar10_test_9107,Test,dog,e6b80ec5920924cd632ca958cd261783ed4cee92b749cec9c650884e98791d28
cifar10_test_3524,Test,dog,fe8f072a6f343a72b989a225866376429188b1f9732b5ca6b093f149d2989952
cifar10_test_5376,Test,dog,71d73e22c6eacc02411115bdcb025869e03dbe7f11fa3e12b55128f836738c9e
cifar10_test_9305,Test,dog,9cc83a5ad516dad35f2c5c447651adee8e5f6936a3c8dd0cef3157f8bda48674
cifar10_test_1698,Test,dog,febb6d98d4259e028cc1f6179e25382040d4d25cb96ea9cbe0f2b29576d10d23
cifar10_test_3275,Test,dog,f2db1b34fa5699bc720eb014875716e3e07aef3d3b878794f60219a6f48ff23f
cifar10_test_2201,Test,dog,5d4c6f91288e747686d3a5228ffc803015810ab2a4ace6669c2822b45812161d
cifar10_test_9311,Test,dog,d253784a38de798b7e8d51384b9eb656bb9108fe7191f8cb88264ffc1c637c14
cifar10_test_1559,Test,dog,64156ee4ed22f70b618edddba0a710c0bad3ffcbd811800047ce4a42189c7a3f
cifar10_test_8288,Test,dog,97959ea3220c152e9a200160597c8f73bc91050f826413a7701496e8f1b5abd7
cifar10_test_6683,Test,dog,1e27bd9ccb0f946b2448d320d78fad1445f000088bfb9aa36352b483432d43eb
cifar10_test_1561,Test,dog,de695da4c8f3ea5d89fb2c1f10c17bef2628fe6cc8992dda490374c0bafee4ec
cifar10_test_7716,Test,dog,bb0801d068bfe4bdc37a97456a11d8c72d14b2bea91b72cd74b9f6e449bd9bac
cifar10_test_4433,Test,dog,e13e248c879f8c7fce4d0be041f39c5c628ce88f3109fc6c903dfb65190e5784
cifar10_test_7386,Test,dog,d04c1078e6af71ca79f3f765cc2de88ce8beaf5099f3be7f1536d4877136e2b8
cifar10_test_9269,Test,dog,08c91099826e7e55b03c169fe592abf9a80920450d10ce251b2ff7821a7c848c
cifar10_test_9829,Test,dog,9fc8e4adc85f2ae93adff7939d87ca3dcf079f637ca27292091280f1d139aa3d
cifar10_test_2292,Test,dog,ddb47df13982ead098810a33ea88a1d3d254dfb28c9a99988a9cdfeaddade7d7
cifar10_test_7149,Test,dog,de134de1b0f0b2d5eb29adabcd615dce0e85ecdfa1c170097d26c0db5249598e
cifar10_test_3613,Test,dog,92e9fd5afb2ef0adc8691c44d6ffef2f6e522057e61347b73872459034529747
cifar10_test_817,Test,dog,09ae5a2bd88e40c09da597095654a4c79cd469ed35ded28956b7f1e35549110c
cifar10_test_6979,Test,dog,3121f609a500f96b76221054c0e8e0e71ef5cd6fdffb41b5c67829c37680194b
cifar10_test_6214,Test,dog,12abf8b60fe44d20f9cdb90258d4f18026068e0e68f2284bfad2da44482927e8
cifar10_test_2618,Test,dog,3063ec5aad30fbbd662faa4520eab84b544ad9534fffff35cb736c13968148dc
cifar10_test_4935,Test,dog,2f4ea993c5fadd9fa70916b2cd1ccb6a6a4c8cd5d216cc20064c42aca865ae38
cifar10_test_4160,Test,dog,9f8016fc55c7de5ec965e511269d8a5bc0e6068940514d0a3ab090bebbd49da6
cifar10_test_8045,Test,dog,e6750592a046e0c73adccb815a4c0c3ade14178ab29827c7e5b3081bc10c0b32
cifar10_test_5098,Test,dog,d6ac273c7cd9eba90737aff63b17ba04dc87f521ed4be65cfdd30b85df081f46
cifar10_test_3200,Test,dog,f70231058bd14ad9ed44ef65ae6590dca78eef4e69030e2ad103eba3ff235f46
cifar10_test_5955,Test,dog,714a24d43b070079c718384f25fce08055098ea459077771cfe469d8a8061f26
cifar10_test_2012,Test,dog,f7fb37b0848bf5d42c042d2a20088b815e90e729749c9b2fae9bee7f0cbce74a
cifar10_test_699,Test,dog,211e470d465b622b7256b1e5f3382cc487faab5e27cad8561b96e64de4ab2ecc
cifar10_test_7958,Test,dog,f1d4f716bff46194015b166bf368638472d3ab93c29389ab3e30353aad8d9d76
cifar10_test_7393,Test,dog,8870bda7ee4be9c94f8078871bcd94ecab22666f666704901ab3f75f0b0de8de
cifar10_test_7557,Test,dog,4279a1120a08ee9ef4aa23478126ba6b2554b77bdfd2610bab9b51b591d5982a
cifar10_test_5797,Test,dog,f91b1bb8f0cd38191e6b7e2ea8b469cb8ab89efd8ec4b009c327d315edd5ddef
cifar10_test_7265,Test,dog,acc5d72da6b8cd1c8de0c1f6660fb054a2ac5740b59309e90ede7657063319f9
cifar10_test_4259,Test,dog,eb7f70018b9bc5a3a2d841979e7d12306dd6371a5ec78dd0076f55452b6681e3
cifar10_test_9557,Test,dog,ee4b996eb84f684164c7e5f3ed0208222c4fb1d441e8524f13cb9fe8c3822dab
cifar10_test_4463,Test,dog,7fd23b8f69396c27f333bc6360b38d1f739725dfbe8901627593fdffea24b5e4
cifar10_test_6527,Test,dog,87c4bd91e9a7527bc5681aa3a64280a9f45ee83d6e71de1a42220f4e94f6637c
cifar10_test_3924,Test,dog,7519c69396a1e7b4721493401fe64463c1936c79ade8100e8a1ba77b2abcd558
cifar10_test_3115,Test,dog,0bc7e7e2e86715670b21d55ce8545fa0499d71030b39a96e2aeaf7db256aae9b
cifar10_test_7713,Test,dog,797fe341629c6aade936cca75365cf9fa988b89262668c5b3f22a5b14c0b9f61
cifar10_test_2573,Test,dog,93a170ee5dd4f3175bec3216f83c4b7ea270fdcfb460a2a373141e57d50081b3
cifar10_test_924,Test,dog,f793f7babc9c76ab7f1ec641fa121136903e45ade81008260c11eab9ce56e4cf
cifar10_test_8147,Test,dog,410974dd90fea0f41d84cbf60ae2fb5f0d3335e481a6c9f5064bbd65f2b621e8
cifar10_test_1588,Test,dog,4cd2bf609a2c8df3c8c7b4d58fa50e4fe6fc1e35cdb6b4656e0c324a157d22b6
cifar10_test_4631,Test,dog,9a5f3de3b4a90d84e3e5b174ea53fdd0c3462681f17bf7f107fafc712a794da9
cifar10_test_6120,Test,dog,6afbc2595db5f6205e06ff212bb1f269330382083df151db0cbb5f75ecd6c7db
cifar10_test_1045,Test,dog,7dcc13873e79e7beafc433992c157d79074428ef9f75819488dd127d7de3262c
cifar10_test_9844,Test,dog,a694d9928b8417431d74b0bb19e1e3b34d334ad61b097ed4108bbd7c5555c374
cifar10_test_5645,Test,dog,524b7888320f64386665e34d453dd68fc32f5d152ac865c2afcf3eb50afc1bcb
cifar10_test_8630,Test,dog,f230ea64cdd18b9535d90e5d1ad5b1893648b31e0d9eae5ccf3b8240cce8a9c6
cifar10_test_4061,Test,dog,f2e338990e75839bef95fc7fb56ea990c4d667747397da3c3722278d61ea990a
cifar10_test_7539,Test,dog,a1be97c7882ed9b8254572dbb6e3420ceeaf4944b5ad794e64b8c8ca35744b2d
cifar10_test_925,Test,dog,ff5df80b9906109bea7f69307729535db52831712a92b709c16586d93a963e81
cifar10_test_9260,Test,dog,0cac5f10eddb54d945098d1e7976337fbf5209efd77fc608c9be18b17b332382
cifar10_test_4358,Test,dog,dce341b9de66e4f40f615ce482a82c430598050190b1c5370d04558e24868251
cifar10_test_4420,Test,dog,8e3c98431e616b414a0b7f67bfacc070185645c7a74778f626f0ae88d2b2aaf9
cifar10_test_6178,Test,dog,3047daae04a9a1ad7bb580c04904309880bab1b991e78c3bbadb94356594067c
cifar10_test_3424,Test,dog,0d4069c2fd8f4ccfd6cbb7e4d8c7e550c39bef819a5cd7f7d8f00b43a67ab1a2
cifar10_test_3291,Test,dog,e3882a74ae1a73df737aab4e8126ccf8d0c39408d8cc0cf8fdefca0998b0204e
cifar10_test_9622,Test,dog,d8126f81c0583b14f2c02707fb44e4957427b7d70085e1e0b9e1090461b9de4d
cifar10_test_6116,Test,dog,986d8395cc10ef2899a1b3d73a22b2e24e606864e1a0c0da6f53f007c2f4a984
cifar10_test_31,Test,dog,747f33e70bc87528d69272e55cc46b5faffebf920f1e7e9ae98dd2c5f07c65ae
cifar10_test_9098,Test,dog,d3ee607f5b0dd44d4909b9070f1c15f4cf11dea72c8183e960878de8e8a383d6
cifar10_test_1543,Test,dog,b4617dc51f571afdbe4a6f9e7a1d822154c783a8c6425870f0b060ae4c48a7bc
cifar10_test_7295,Test,dog,05035000f00c9dc8757c89d02d8a1c59215c1c84cf7c05f3732749706c2e4a84
cifar10_test_457,Test,dog,67cb83f82068bfa9852d6000962a3bc0be6597633c3064d0b7fd4cda96d07011
cifar10_test_1701,Test,dog,da2bc265d0f26d91034085aa102da61d69927f07ff0de3c4a9deee4f88e3eac4
cifar10_test_2803,Test,dog,4912fc236a855a8483aa96b851ab03f6b62c41084fe1ea62d347b2554fba64a0
cifar10_test_598,Test,dog,3ba20457b393e5b81284f9ee9e369ac5849fcd72bb156c4b1b4f9b434dc664e3
cifar10_test_3546,Test,dog,b0bbfa05d2e9aec313fc5cb645c9e99dd35c5dde3f820ac15758eab38bc1b221
cifar10_test_2582,Test,dog,50ca17ddb4aab96d1e03fce738cf4c85468f6a9ce03bf32d810e426375d51fd2
cifar10_test_6929,Test,dog,a38099ad1c727360b5330261db60a71b5d165eb999c6e4881fec04ecb87bff85
cifar10_test_7438,Test,dog,1de484565e78e211d5488b6ae269ada1e5a9b5304cd55892fe197c913f6f2f3d
cifar10_test_3704,Test,dog,a3b8d10bd00531c5b5c2afe3ab6bc27c2d2f7bcf7bc0dbfaadf3e1bc1aa1f812
cifar10_test_1901,Test,dog,eb9d97cdfdc5d9a504b11e1b00fb01a231014df715eaa0cb53073d34f788c988
cifar10_test_7292,Test,dog,fe494056080cd8741214e2978c9bb0ec745d6ad779b44a56a3d961c4e10daf08
cifar10_test_1116,Test,dog,050cc4308c0e35e7d6f2eae9d96ce280141bbc1487c5eea473d191db23016c7b
cifar10_test_6959,Test,dog,717e6e2b0ec7c78d50b1a73b39f802e05ad62cf35e4ba828d4e1b1b4c271033d
cifar10_test_9215,Test,dog,770bdea70eb62b97c97f5b5cfad93556edd4728ed57a8146e6c9f7aa63803d3d
cifar10_test_7636,Test,dog,7d3023105a70b028da6106fb2f4f7e48518192e9a9ff14452b8a1fe6ccc83dea
cifar10_test_2115,Test,dog,a302cf350f20c11ea85df7829af1acf0f9999f936c7693fff5bcbb3524092df6
cifar10_test_2525,Test,dog,3dfa49874d1fa046ea74ec8923b866ec1e16ebaf50641b585961d88213fb172a
cifar10_test_2948,Test,dog,9ec59e88219f0c98d3bcc4972ea66f0def28649ad2585aa5a95ef310efb92b4c
cifar10_test_6733,Test,dog,a119080186e62ce1b627798b7996ee2bdc83678808ed0f6303931e89abb49028
cifar10_test_4225,Test,dog,36394b53daba45da7ff20b6a3dfd26b314960c4f8d3383c52c7c541a58bd082d
cifar10_test_6183,Test,dog,c01c6a8e35b3bb5822986fe8f5be7428797a4ff538ee6e45fb7eb2612e63c571
cifar10_test_5210,Test,dog,1807243c9559466175fbf0d697987f2265b7335c54b4158da9d24cc23cce4ec9
cifar10_test_4139,Test,dog,20b9d8acababfed07c16f495f4b464bf709adbbc4f338fbddf34bd8d55116b7b
cifar10_test_5550,Test,dog,9ea208c8c066c3a5f18239389d5e61edff00ce4f625a27d6df93ed38a05e2d23
cifar10_test_7278,Test,dog,ab9d31c164e0fa994ef0312c8c7694704f557c8be1cfc0746f07700a428c72d8
cifar10_test_3000,Test,dog,301854b2f4c7e5478e3e59b6aa38955c240d536840ef6a4eac524636defb2cb3
cifar10_test_318,Test,dog,96a6b96d37108c2c7f13a492265b09456c891e36410f22dece59941befb70f9c
cifar10_test_1019,Test,dog,5751c1202393b053cb89db4a64078bb04a60ffa27056cbfb2941f9cb1c2f7ca9
cifar10_test_8436,Test,dog,79a9586d40e9b55a123812d63436e43b4d7069eafc13ba9c031a4bc70ad4c29c
cifar10_test_2316,Test,dog,5597742f7d881e63b81fd55d46f4d3ca201ff5332e7c90c22d5517123f5675cd
cifar10_test_1700,Test,dog,5188e91d1cc4b3cc639503b6854c0d83a73fb0489b421007c917a0e5eadd8834
cifar10_test_6782,Test,dog,8dd299c89ba192220cf7568e4f07ad6fc52af43c1b1e9a89ee2a34b503511c55
cifar10_test_4052,Test,dog,8d4261f781cd1a38c653badff167daf10a571aea2bb7830195b85872e24222b5
cifar10_test_4906,Test,dog,51a8e911643217a88fc300936799cd874f840c9f1146edda22449ca47a285e20
cifar10_test_12,Test,dog,3dc597d07305887d229fe237847e86d84d38829dd481024383886b5091da35e9
cifar10_test_4152,Test,dog,f5d292a5c93ec21ad4ddd8cfd83ae361b66544250c79ba663a8582f855d14082
cifar10_test_3774,Test,dog,526bf0c4ba92466e8d040896bfb86d82755a432c094a6826db6efccbe59209ac
cifar10_test_9443,Test,dog,0abd61d8537f5c8d9021a287c35cec1f993995d82e3a73a9efd5d31bc86f4afe
cifar10_test_3018,Test,dog,4976d6828cd959e7a20f46aeebff29943d16ff99986b963f8e1bd534cf95ff42
cifar10_test_1752,Test,dog,df9fa9cdbb646bf840e76d188eeba79af59531649c1e0ea8ce0916b814ce5918
cifar10_test_4321,Test,dog,19f14afabd0eda54feb303626119abd1186564be5129ab48679d9b89fbb29e82
cifar10_test_6506,Test,dog,823d0d40e151265e22a393c057fdf9632909a7eaea158e86c9b785d596461bc8
cifar10_test_3411,Test,dog,01765a99af3782c93e5a856272bc575c9f061974e0dd22f3d5e4b9fd0c33ebbe
cifar10_test_239,Test,dog,4a0bc92268e354f8f9938ca7db9615c542bb161fa5e5039a935832b4823d385c
cifar10_test_3334,Test,dog,b938be9030cd4499e6603bd80a2ece2744edfc2ab2559d711aa2b78a99e744b5
cifar10_test_9465,Test,dog,4a1ec70f1c9106514b519bea3a30cf609241a2354a9814a43cc9004896d4ed17
cifar10_test_2003,Test,dog,8b11481d79365f94d113dc3d5e6f3aefa025392f08c11d2077bbfd9e12ac1829
cifar10_test_3290,Test,dog,ba78c61aeb8c91e492ba71063acb9552229ff49ed25760c0e69e6383bf6d600c
cifar10_test_8172,Test,dog,e1fef5dd2d2c09f70f855106f99493d0eaf8ecf074091102a482e3538b5f9a24
cifar10_test_8009,Test,dog,5abf77ba25d56361863b95183d5159a2202e9c4ad9b0447e4fa104f900cea406
cifar10_test_614,Test,dog,9ef65acbb41c13ef193b91507366fc8fe0ede0af554e13b1e163a295dd8ad4c8
cifar10_test_9596,Test,dog,87e8fbdfb633c9d5820694bc6d5d4102969a54af2ac69e7d11824cca98a6dd94
cifar10_test_148,Test,dog,13e07afe5c349159e7590f840e24935fe806ed477c90156989507169caa21749
cifar10_test_1438,Test,dog,c12b5872a3ab0fd957c9b3916735dd5ac041847749d38e9fde226f5c5cacd885
cifar10_test_1193,Test,dog,16776581bdbbfe71bd52bdc2d7e06c64bb881d50242d602b38ae3303128eb15a
cifar10_test_5035,Test,dog,3a2e43bd418e3f84b92af1dc63a878ee9690973e43381d2f2c8468f50f5404bb
cifar10_test_4810,Test,dog,6df6f3d40d1e9c89d745c095fc7f4511096192168f365e37b770cbf6d4b185cc
cifar10_test_2381,Test,dog,02a88badd853ea2cd2b8ec642c7ec02a4c13d2c54fade49fdef1031388d506e5
cifar10_test_550,Test,dog,a393915cfd731a7840dde28d501ffcbaf9389a9210412d15775ccd7b95b7c4a2
cifar10_test_3251,Test,dog,12a41e3ae1a38bd202bae6a6eb43c14a1e11446016f2be3e18df266edfc21293
cifar10_test_7433,Test,dog,248f5cd8f8977bc3b6f74726cf9073dcedb3d2f52bbede9cbca8feba6a7b84ad
cifar10_test_2479,Test,dog,b573e5a4459c34ecfb99c94a84bcd377a05cb0cc3f400dabcaec12f7f5659e93
cifar10_test_2335,Test,dog,af98a73f571c1772ca67eee1dd5c828b679ac2f8c66e613d054eacae8dc92f82
cifar10_test_5650,Test,dog,c6f2d8f69280618ba10609276206e6fcffda13dc2095caf101263ac72503a7c4
cifar10_test_2168,Test,dog,d4938766ad576acedfa8ee6380a3bccf2f0b36c6d36c7fbd74bf8346622550ed
cifar10_test_4078,Test,dog,1f1399740389f417c4d6dddb0e813fe8b1d02b9d270e5a1c1d94cb43c305e29f
cifar10_test_101,Test,dog,40246754dd599eb3d1af0f592d9ba228ba346bab6e2fa054dd0bd7b2f01466b7
cifar10_test_9993,Test,dog,4e22a387c8a02d10ea183099fc0eb12d3f9f9c5eaa5d36c05f0a0032a5c8be7a
cifar10_test_1804,Test,dog,14fbe0aade86a17fcea0fe16c48be796e18551316413c416ed027bf64c739935
cifar10_test_1316,Test,dog,f50141afeb39a764316123eaca6199f1a1b21874f98c79d86530ebb445d0c4ac
cifar10_test_2022,Test,dog,fd1beb996d7b51e4e1e09cddf8b7a73fab83a4e75dc64df492f08fb099d3f747
cifar10_test_2349,Test,dog,eaf2a1833ffda28d2e569e3d0597ce884beb81300a217f9fa9160a6dcc7e73ec
cifar10_test_2320,Test,dog,d1031ee2278d227a2faff575698e3fcbeb7e9ce4b47fc5dce71e33e225b3b89c
cifar10_test_8316,Test,dog,3869027899977cf8d006726f7257acd87d09f511bfbc176dabe134675a7aa340
cifar10_test_6760,Test,dog,eac5e65f3f869169a1704d1cc53e9c7900131f5bbf9655108e3e23ba1c17848e
cifar10_test_2936,Test,dog,a4bbba77fbc004485a8a81cdf29587d02877418fc8cb35dbdccfeb1541f66aa6
cifar10_test_2818,Test,dog,fb7869d02ed4c890efa61eb408cd2337a61c9875eb77a4cd147bc93bb8316485
cifar10_test_5251,Test,dog,7554134e3c2112b27eb0ce975fb9cf49e2e869dd900f5b17615a54311194233e
cifar10_test_810,Test,dog,94d243210861ccbca20a9958bfb2fd00224273f2997e557babbc4383f140de58
cifar10_test_1283,Test,dog,7e0133782a46145d0b2c710ef77cb11c8333db7e8fc0d6b81d967606ce0eb133
cifar10_test_4626,Test,dog,e0f19aab9228a00720d253c5f9cdddcd0dd9e7d6f9606998baf23cb766770dbd
cifar10_test_128,Test,dog,a9dae9f73f6ca45b0b104335ff5fa311e516f5f3dfa538a8ec021c5593794d95
cifar10_test_8170,Test,dog,3c347549af4e993180f44c059007132b349d8e71fab4efd56f73799bef58fdcb
cifar10_test_5947,Test,dog,f767289a1dddf3d6483eefe208b4d3a861cd0e1b411e1795711e66c46bb254cb
cifar10_test_1117,Test,dog,766edfae90458c5882815a9fa7e536c56e38171afc608878d1ce66c3dda92e4e
cifar10_test_275,Test,dog,e5fb281c6b8444b96f7b7cd0e63bcb205bef8375ef2b8d430aceb912fd21fca5
cifar10_test_3688,Test,dog,9016fa53c6454564bdce16d5fda7ed96d04834decc97028fa8d44aa59ce16439
cifar10_test_5553,Test,dog,b42b76af3e2be6f2da01a07c1061582b29844f572edbe8c059253025e2d59ee3
cifar10_test_553,Test,dog,f6533efc2b261f9e35b75102f739638eaa1eef02d37a540f248728a45e3be202
