window,hidden,lr,weight_decay,batch,loss,config_id,seed,train_end,validation_end,best_epoch,epochs_run,naive_mae,mae,gain_percent
5,64,0.0003,0.0,256,mse,1,42,874,999,6,16,5.986080000000007,5.983160325689836,0.0487743950994934
30,24,0.003,0.0,64,mae,2,42,874,999,0,10,5.986080000000007,5.986080000000007,0.0
30,24,0.001,0.01,64,mse,0,42,874,999,1,11,5.986080000000007,5.984449442850104,0.0272391473201794
5,24,0.0003,0.01,64,mae,6,42,874,999,0,10,5.986080000000007,5.986080000000007,0.0
10,24,0.0003,0.0,32,mae,5,42,874,999,0,10,5.986080000000007,5.986080000000007,0.0
20,4,0.0001,0.001,256,mae,8,42,874,999,0,10,5.986080000000007,5.986080000000007,0.0
60,4,0.001,0.0,256,mse,7,42,874,999,1,11,5.986080000000007,5.98598529012978,0.0015821684679728
60,64,0.001,0.1,64,mae,3,42,874,999,0,10,5.986080000000007,5.986080000000007,0.0
20,4,3e-05,0.0,32,mse,9,42,874,999,16,26,5.986080000000007,5.98457463044707,0.0251478355273837
5,8,0.003,0.01,64,mae,12,42,874,999,0,10,5.986080000000007,5.986080000000007,0.0
20,8,3e-05,0.0,64,mse,11,42,874,999,30,40,5.986080000000007,5.984538430438252,0.0257525719962958
10,4,0.003,0.0,32,mae,13,42,874,999,0,10,5.986080000000007,5.986080000000007,0.0
20,24,0.001,0.1,256,mae,15,42,874,999,0,10,5.986080000000007,5.986080000000007,0.0
20,24,0.0001,0.0,256,mse,16,42,874,999,3,13,5.986080000000007,5.98536348324649,0.0119697156322207
5,8,0.001,0.01,256,mse,17,42,874,999,12,22,5.986080000000007,5.983361555940142,0.045412758597696
30,4,0.003,0.1,64,mae,18,42,874,999,0,10,5.986080000000007,5.986080000000007,0.0
10,64,0.0001,0.01,256,mae,19,42,874,999,0,10,5.986080000000007,5.986080000000007,0.0
60,64,0.001,0.001,64,mae,14,42,874,999,0,10,5.986080000000007,5.986080000000007,0.0
60,8,0.001,0.1,256,mse,20,42,874,999,2,12,5.986080000000007,5.984842023128922,0.0206809276034558
10,8,3e-05,0.0,64,mse,21,42,874,999,1,11,5.986080000000007,5.986074025622873,9.980449867663664e-05
60,64,0.001,0.001,32,mse,4,42,874,999,12,22,5.986080000000007,5.983296505978582,0.0464994457378686
30,16,0.0003,0.001,256,mae,22,42,874,999,0,10,5.986080000000007,5.986080000000007,0.0
10,8,0.001,0.0,256,mse,25,42,874,999,10,20,5.986080000000007,5.984060204318797,0.0337415417303255
10,4,0.0001,0.001,32,mae,26,42,874,999,0,10,5.986080000000007,5.986080000000007,0.0
60,32,3e-05,0.0,256,mae,23,42,874,999,0,10,5.986080000000007,5.986080000000007,0.0
10,64,0.001,0.1,64,mae,27,42,874,999,0,10,5.986080000000007,5.986080000000007,0.0
5,64,0.0003,0.1,32,mae,28,42,874,999,0,10,5.986080000000007,5.986080000000007,0.0
5,4,0.0003,0.1,256,mse,30,42,874,999,8,18,5.986080000000007,5.983180084234688,0.0484443202449669
10,8,0.0003,0.0,64,mse,29,42,874,999,5,15,5.986080000000007,5.984141212969061,0.0323882579408629
10,4,3e-05,0.01,32,mse,24,42,874,999,27,37,5.986080000000007,5.984112204982935,0.032872848626686
60,64,3e-05,0.001,64,mse,10,42,874,999,18,28,5.986080000000007,5.984612520575729,0.0245148648911897
5,16,0.0003,0.1,256,mse,31,42,874,999,12,22,5.986080000000007,5.983331015867552,0.0459229434363606
5,8,0.0001,0.0,256,mae,35,42,874,999,0,10,5.986080000000007,5.986080000000007,0.0
10,24,0.0003,0.001,64,mae,34,42,874,999,0,10,5.986080000000007,5.986080000000007,0.0
5,64,0.0001,0.001,64,mse,32,42,874,999,5,15,5.986080000000007,5.984208896373169,0.0312575780283319
10,16,0.003,0.01,256,mse,38,42,874,999,5,15,5.986080000000007,5.982926363768651,0.0526828280169477
30,16,0.0003,0.01,64,mse,37,42,874,999,0,10,5.986080000000007,5.986080000000007,0.0
60,24,0.0003,0.0,64,mae,36,42,874,999,0,10,5.986080000000007,5.986080000000007,0.0
10,16,0.0003,0.1,256,mae,41,42,874,999,0,10,5.986080000000007,5.986080000000007,0.0
60,32,0.0003,0.1,64,mse,33,42,874,999,4,14,5.986080000000007,5.984499163817696,0.0264085375122236
60,24,0.003,0.1,256,mae,42,42,874,999,0,10,5.986080000000007,5.986080000000007,0.0
5,24,3e-05,0.01,64,mse,39,42,874,999,30,40,5.986080000000007,5.984487215876368,0.0266081329290512
60,8,0.001,0.01,32,mae,43,42,874,999,0,10,5.986080000000007,5.986080000000007,0.0
60,8,0.001,0.0,256,mae,44,42,874,999,0,10,5.986080000000007,5.986080000000007,0.0
30,32,0.0003,0.0,256,mae,46,42,874,999,0,10,5.986080000000007,5.986080000000007,0.0
20,24,0.0001,0.01,32,mae,45,42,874,999,0,10,5.986080000000007,5.986080000000007,0.0
60,16,3e-05,0.1,64,mse,47,42,874,999,1,11,5.986080000000007,5.985937754797064,0.0023762663202586
5,4,0.0001,0.0,256,mse,48,42,874,999,20,30,5.986080000000007,5.983397049269863,0.0448198275022182
10,8,0.001,0.001,256,mae,51,42,874,999,0,10,5.986080000000007,5.986080000000007,0.0
5,4,3e-05,0.1,32,mse,49,42,874,999,1,11,5.986080000000007,5.985945890955387,0.0022403483518562
60,64,0.0001,0.0,256,mae,40,42,874,999,0,10,5.986080000000007,5.986080000000007,0.0
30,16,0.003,0.01,32,mse,54,42,874,999,2,12,5.986080000000007,5.985031771948772,0.0175110932569499
30,64,3e-05,0.1,64,mae,50,42,874,999,0,10,5.986080000000007,5.986080000000007,0.0
20,8,0.003,0.01,256,mae,56,42,874,999,0,10,5.986080000000007,5.986080000000007,0.0
60,32,0.0003,0.001,64,mae,53,42,874,999,0,10,5.986080000000007,5.986080000000007,0.0
10,24,0.001,0.0,64,mae,55,42,874,999,0,10,5.986080000000007,5.986080000000007,0.0
30,24,0.003,0.0,256,mse,58,42,874,999,5,15,5.986080000000007,5.984545482317806,0.025634767363647
20,16,0.0001,0.1,64,mse,57,42,874,999,7,17,5.986080000000007,5.9842879389548616,0.0299371382464941
30,16,0.0003,0.001,64,mse,59,42,874,999,0,10,5.986080000000007,5.986080000000007,0.0
5,32,0.0003,0.01,64,mae,61,42,874,999,0,10,5.986080000000007,5.986080000000007,0.0
10,24,0.0001,0.0,32,mae,60,42,874,999,0,10,5.986080000000007,5.986080000000007,0.0
10,16,0.003,0.0,64,mae,63,42,874,999,0,10,5.986080000000007,5.986080000000007,0.0
30,32,0.003,0.1,32,mae,62,42,874,999,0,10,5.986080000000007,5.986080000000007,0.0
5,16,0.003,0.1,64,mse,65,42,874,999,4,14,5.986080000000007,5.983326063423332,0.0460056761131699
20,64,0.003,0.001,64,mse,52,42,874,999,22,32,5.986080000000007,5.982806932608397,0.0546779760980609
5,24,3e-05,0.0,256,mae,68,42,874,999,0,10,5.986080000000007,5.986080000000007,0.0
30,4,0.001,0.1,256,mae,67,42,874,999,0,10,5.986080000000007,5.986080000000007,0.0
10,4,3e-05,0.001,256,mse,64,42,874,999,45,55,5.986080000000007,5.983870715183292,0.0369070379399483
10,64,0.0003,0.1,256,mse,71,42,874,999,4,14,5.986080000000007,5.9833274117240105,0.0459831521796738
30,24,0.003,0.1,32,mae,69,42,874,999,0,10,5.986080000000007,5.986080000000007,0.0
10,16,0.0001,0.0,256,mae,72,42,874,999,0,10,5.986080000000007,5.986080000000007,0.0
20,64,0.0003,0.001,32,mse,66,42,874,999,1,11,5.986080000000007,5.98427598938765,0.0301367608243952
5,4,0.001,0.001,64,mae,74,42,874,999,0,10,5.986080000000007,5.986080000000007,0.0
60,16,0.001,0.001,64,mse,70,42,874,999,6,16,5.986080000000007,5.985250992013874,0.0138489292848209
10,8,3e-05,0.001,256,mse,77,42,874,999,1,11,5.986080000000007,5.986047927028032,0.0005357925716875
30,16,0.0001,0.1,32,mse,73,42,874,999,0,10,5.986080000000007,5.986080000000007,0.0
20,24,0.0003,0.1,32,mae,75,42,874,999,0,10,5.986080000000007,5.986080000000007,0.0
30,8,0.0001,0.1,32,mae,78,42,874,999,0,10,5.986080000000007,5.986080000000007,0.0
20,32,3e-05,0.01,64,mse,76,42,874,999,9,19,5.986080000000007,5.984831017697364,0.0208647779956661
30,24,3e-05,0.1,64,mae,80,42,874,999,0,10,5.986080000000007,5.986080000000007,0.0
20,32,3e-05,0.01,256,mae,81,42,874,999,0,10,5.986080000000007,5.986080000000007,0.0
20,8,0.0003,0.0,64,mse,83,42,874,999,3,13,5.986080000000007,5.984398016311227,0.028098249418329
30,32,0.003,0.0,32,mse,79,42,874,999,4,14,5.986080000000007,5.985525398083126,0.0092648597559974
20,24,0.003,0.01,64,mae,84,42,874,999,0,10,5.986080000000007,5.986080000000007,0.0
5,16,0.0001,0.0,256,mae,86,42,874,999,0,10,5.986080000000007,5.986080000000007,0.0
30,16,0.0001,0.001,256,mse,82,42,874,999,16,26,5.986080000000007,5.98396772020149,0.0352865280537018
20,32,0.0001,0.001,256,mae,88,42,874,999,0,10,5.986080000000007,5.986080000000007,0.0
5,64,3e-05,0.0,32,mse,85,42,874,999,1,11,5.986080000000007,5.985813904386871,0.0044452398420435
10,24,0.0003,0.1,32,mse,87,42,874,999,2,12,5.986080000000007,5.9842038653187535,0.0313416239217323
5,4,0.001,0.0,256,mse,92,42,874,999,3,13,5.986080000000007,5.982654861940204,0.0572183809739224
30,4,3e-05,0.001,64,mae,90,42,874,999,0,10,5.986080000000007,5.986080000000007,0.0
10,16,0.001,0.1,64,mse,91,42,874,999,2,12,5.986080000000007,5.983681618285982,0.0400659816444992
30,16,0.0001,0.001,64,mse,94,42,874,999,0,10,5.986080000000007,5.986080000000007,0.0
30,32,0.003,0.01,32,mae,95,42,874,999,0,10,5.986080000000007,5.986080000000007,0.0
10,24,0.001,0.001,256,mse,97,42,874,999,8,18,5.986080000000007,5.983140700511733,0.0491022420060272
20,16,3e-05,0.001,64,mse,96,42,874,999,20,30,5.986080000000007,5.9843433591638,0.0290113201996566
60,64,0.001,0.01,32,mae,89,42,874,999,0,10,5.986080000000007,5.986080000000007,0.0
10,8,0.0001,0.001,256,mse,100,42,874,999,1,11,5.986080000000007,5.985980007793232,0.0016704121357347
20,16,0.0003,0.0,64,mse,98,42,874,999,3,13,5.986080000000007,5.984046487647398,0.0339706845316034
5,32,0.0003,0.0,64,mse,102,42,874,999,3,13,5.986080000000007,5.984195611245055,0.0314795117163813
60,24,0.0001,0.1,64,mae,99,42,874,999,0,10,5.986080000000007,5.986080000000007,0.0
60,64,3e-05,0.0,256,mae,93,42,874,999,0,10,5.986080000000007,5.986080000000007,0.0
30,24,0.001,0.0,256,mse,103,42,874,999,7,17,5.986080000000007,5.984626708908489,0.0242778427872458
20,16,0.0001,0.1,32,mse,101,42,874,999,9,19,5.986080000000007,5.984122307209849,0.0327040866503369
60,4,0.0001,0.01,32,mae,104,42,874,999,0,10,5.986080000000007,5.986080000000007,0.0
10,32,0.0003,0.1,32,mae,106,42,874,999,0,10,5.986080000000007,5.986080000000007,0.0
30,24,3e-05,0.1,256,mse,105,42,874,999,20,30,5.986080000000007,5.984751699166951,0.0221898276176801
5,64,0.0003,0.001,64,mae,108,42,874,999,0,10,5.986080000000007,5.986080000000007,0.0
10,8,0.0001,0.001,64,mae,111,42,874,999,0,10,5.986080000000007,5.986080000000007,0.0
60,32,0.001,0.01,256,mse,107,42,874,999,2,12,5.986080000000007,5.985620499378607,0.0076761523634893
5,64,0.0003,0.1,64,mae,110,42,874,999,0,10,5.986080000000007,5.986080000000007,0.0
10,4,0.001,0.0,64,mae,114,42,874,999,0,10,5.986080000000007,5.986080000000007,0.0
20,24,0.001,0.0,256,mse,113,42,874,999,2,12,5.986080000000007,5.984363128822559,0.0286810596826003
20,8,0.001,0.1,32,mse,112,42,874,999,2,12,5.986080000000007,5.983749065859416,0.0389392413831957
30,4,0.003,0.01,256,mae,115,42,874,999,0,10,5.986080000000007,5.986080000000007,0.0
5,24,0.0003,0.1,64,mse,116,42,874,999,3,13,5.986080000000007,5.98437421367728,0.0284958824928405
30,64,0.0003,0.1,32,mae,109,42,874,999,0,10,5.986080000000007,5.986080000000007,0.0
60,4,0.0001,0.01,64,mae,117,42,874,999,0,10,5.986080000000007,5.986080000000007,0.0
5,64,0.0003,0.01,64,mse,118,42,874,999,2,12,5.986080000000007,5.984247493180941,0.0306128020184481
60,4,0.0001,0.001,256,mse,122,42,874,999,4,14,5.986080000000007,5.98526317741176,0.0136453670556924
5,16,0.0001,0.01,64,mse,121,42,874,999,15,25,5.986080000000007,5.983994722813943,0.03483543798386
30,64,0.003,0.0,64,mae,119,42,874,999,0,10,5.986080000000007,5.986080000000007,0.0
10,64,0.003,0.001,32,mse,120,42,874,999,3,13,5.986080000000007,5.984752580956758,0.0221750969457423
60,24,0.0003,0.001,64,mae,123,42,874,999,0,10,5.986080000000007,5.986080000000007,0.0
5,24,0.003,0.001,32,mae,126,42,874,999,0,10,5.986080000000007,5.986080000000007,0.0
30,24,3e-05,0.01,32,mae,125,42,874,999,0,10,5.986080000000007,5.986080000000007,0.0
20,16,0.0001,0.001,64,mse,129,42,874,999,7,17,5.986080000000007,5.984287349378172,0.0299469873746294
60,24,0.003,0.1,32,mae,127,42,874,999,0,10,5.986080000000007,5.986080000000007,0.0
60,64,0.003,0.01,64,mae,124,42,874,999,0,10,5.986080000000007,5.986080000000007,0.0
5,8,0.0001,0.001,256,mse,132,42,874,999,1,11,5.986080000000007,5.985955284877331,0.002083418909804
10,32,0.001,0.0,256,mae,133,42,874,999,0,10,5.986080000000007,5.986080000000007,0.0
5,32,0.003,0.01,32,mae,131,42,874,999,0,10,5.986080000000007,5.986080000000007,0.0
60,24,0.001,0.01,64,mae,130,42,874,999,0,10,5.986080000000007,5.986080000000007,0.0
20,24,0.0001,0.001,256,mse,135,42,874,999,3,13,5.986080000000007,5.985363443941378,0.0119703722407549
5,32,3e-05,0.1,32,mse,136,42,874,999,1,11,5.986080000000007,5.986016218915959,0.0010654900042927
60,16,3e-05,0.01,64,mae,138,42,874,999,0,10,5.986080000000007,5.986080000000007,0.0
30,32,0.0001,0.0,32,mae,137,42,874,999,0,10,5.986080000000007,5.986080000000007,0.0
60,4,3e-05,0.001,64,mse,128,42,874,999,46,56,5.986080000000007,5.984532455248189,0.025852390075276
20,24,3e-05,0.1,256,mse,139,42,874,999,10,20,5.986080000000007,5.985232047762482,0.014165401022459
30,32,3e-05,0.0,256,mae,141,42,874,999,0,10,5.986080000000007,5.986080000000007,0.0
20,4,0.0003,0.1,64,mae,142,42,874,999,0,10,5.986080000000007,5.986080000000007,0.0
5,16,0.0003,0.0,64,mae,144,42,874,999,0,10,5.986080000000007,5.986080000000007,0.0
10,24,0.003,0.001,32,mae,143,42,874,999,0,10,5.986080000000007,5.986080000000007,0.0
60,64,0.001,0.001,64,mse,140,42,874,999,2,12,5.986080000000007,5.983633666048461,0.0408670440680158
60,8,3e-05,0.01,256,mse,146,42,874,999,28,38,5.986080000000007,5.985214085325971,0.0144654711269454
10,32,0.0001,0.0,256,mse,147,42,874,999,12,22,5.986080000000007,5.983869048104192,0.0369348872019004
5,24,0.0003,0.001,256,mae,149,42,874,999,0,10,5.986080000000007,5.986080000000007,0.0
60,32,0.0001,0.001,32,mse,134,42,874,999,29,39,5.986080000000007,5.983952587733095,0.0355393223430478
60,64,0.001,0.001,256,mae,145,42,874,999,0,10,5.986080000000007,5.986080000000007,0.0
20,64,0.001,0.001,32,mae,148,42,874,999,0,10,5.986080000000007,5.986080000000007,0.0
10,16,0.003,0.1,256,mae,152,42,874,999,0,10,5.986080000000007,5.986080000000007,0.0
20,8,0.0003,0.1,256,mae,153,42,874,999,0,10,5.986080000000007,5.986080000000007,0.0
20,8,0.0001,0.01,32,mse,150,42,874,999,11,21,5.986080000000007,5.984238021461704,0.0307710310971986
10,16,0.0001,0.1,256,mae,156,42,874,999,0,10,5.986080000000007,5.986080000000007,0.0
30,32,0.001,0.1,64,mae,155,42,874,999,0,10,5.986080000000007,5.986080000000007,0.0
30,8,0.0001,0.1,64,mae,157,42,874,999,0,10,5.986080000000007,5.986080000000007,0.0
20,64,0.0001,0.001,64,mae,154,42,874,999,0,10,5.986080000000007,5.986080000000007,0.0
10,4,0.0001,0.1,256,mae,160,42,874,999,0,10,5.986080000000007,5.986080000000007,0.0
20,4,0.003,0.001,64,mse,158,42,874,999,1,11,5.986080000000007,5.9826723348251125,0.0569264890361465
30,64,0.0001,0.1,32,mae,151,42,874,999,0,10,5.986080000000007,5.986080000000007,0.0
5,8,3e-05,0.001,32,mse,162,42,874,999,0,10,5.986080000000007,5.986080000000007,0.0
20,8,0.0003,0.01,32,mse,159,42,874,999,4,14,5.986080000000007,5.984115137414945,0.0328238611088105
5,8,0.003,0.001,256,mse,165,42,874,999,8,18,5.986080000000007,5.982933438688916,0.0525646384794575
10,64,3e-05,0.0,256,mae,164,42,874,999,0,10,5.986080000000007,5.986080000000007,0.0
60,8,0.003,0.1,256,mse,167,42,874,999,2,12,5.986080000000007,5.9847517948544935,0.0221882291167818
30,24,3e-05,0.01,256,mse,163,42,874,999,20,30,5.986080000000007,5.98475205291296,0.0221839181408833
30,16,0.0001,0.01,32,mse,166,42,874,999,0,10,5.986080000000007,5.986080000000007,0.0
5,16,0.003,0.001,32,mse,169,42,874,999,0,10,5.986080000000007,5.986080000000007,0.0
60,16,0.0003,0.01,64,mae,168,42,874,999,0,10,5.986080000000007,5.986080000000007,0.0
10,4,0.001,0.001,32,mae,172,42,874,999,0,10,5.986080000000007,5.986080000000007,0.0
5,8,0.0001,0.1,256,mae,173,42,874,999,0,10,5.986080000000007,5.986080000000007,0.0
20,4,3e-05,0.01,32,mse,170,42,874,999,16,26,5.986080000000007,5.984574669752179,0.0251471789188939
60,8,0.001,0.1,64,mae,174,42,874,999,0,10,5.986080000000007,5.986080000000007,0.0
10,4,3e-05,0.01,256,mae,175,42,874,999,0,10,5.986080000000007,5.986080000000007,0.0
5,4,3e-05,0.001,64,mse,171,42,874,999,38,48,5.986080000000007,5.984208816950008,0.0312589048258593
30,4,0.001,0.01,256,mae,177,42,874,999,0,10,5.986080000000007,5.986080000000007,0.0
10,4,0.003,0.001,256,mse,178,42,874,999,7,17,5.986080000000007,5.983511458863724,0.0429085668130602
30,32,0.003,0.0,32,mae,176,42,874,999,0,10,5.986080000000007,5.986080000000007,0.0
60,16,0.0003,0.0,256,mse,179,42,874,999,4,14,5.986080000000007,5.984785856122832,0.0216192212128096
20,24,3e-05,0.0,256,mse,180,42,874,999,10,20,5.986080000000007,5.98523196915227,0.0141667142393275
5,4,0.0001,0.0,64,mae,181,42,874,999,0,10,5.986080000000007,5.986080000000007,0.0
20,8,0.003,0.0,256,mse,182,42,874,999,7,17,5.986080000000007,5.985255905152959,0.0137668532169343
20,4,0.001,0.001,256,mae,185,42,874,999,0,10,5.986080000000007,5.986080000000007,0.0
60,32,0.0003,0.0,32,mse,161,42,874,999,26,36,5.986080000000007,5.983381365716947,0.0450818278917131
20,24,0.001,0.0,64,mse,184,42,874,999,1,11,5.986080000000007,5.984708699373627,0.0229081573647649
10,16,0.0003,0.1,32,mae,186,42,874,999,0,10,5.986080000000007,5.986080000000007,0.0
30,24,0.0001,0.0,64,mae,187,42,874,999,0,10,5.986080000000007,5.986080000000007,0.0
60,32,0.001,0.1,32,mae,183,42,874,999,0,10,5.986080000000007,5.986080000000007,0.0
30,16,0.0001,0.1,256,mse,190,42,874,999,16,26,5.986080000000007,5.983968427693531,0.0352747090997196
60,24,3e-05,0.01,256,mae,191,42,874,999,0,10,5.986080000000007,5.986080000000007,0.0
5,24,0.0001,0.001,64,mae,193,42,874,999,0,10,5.986080000000007,5.986080000000007,0.0
60,16,3e-05,0.0,256,mse,188,42,874,999,26,36,5.986080000000007,5.984998378867334,0.0180689388159405
5,32,0.0001,0.0,256,mse,195,42,874,999,1,11,5.986080000000007,5.985709785143262,0.0061845958748474
20,32,0.001,0.1,256,mse,194,42,874,999,2,12,5.986080000000007,5.984271779403048,0.030207090399037
30,24,0.0003,0.0,64,mae,196,42,874,999,0,10,5.986080000000007,5.986080000000007,0.0
10,8,0.0001,0.0,32,mse,192,42,874,999,15,25,5.986080000000007,5.983982813364779,0.0350343903728012
60,8,0.0001,0.0,256,mse,197,42,874,999,8,18,5.986080000000007,5.985231536796013,0.0141739369335924
10,32,3e-05,0.0,256,mae,198,42,874,999,0,10,5.986080000000007,5.986080000000007,0.0
60,32,0.001,0.01,32,mse,189,42,874,999,10,20,5.986080000000007,5.982958886174172,0.0521395274676428
30,16,0.003,0.1,64,mae,201,42,874,999,0,10,5.986080000000007,5.986080000000007,0.0
20,32,0.0001,0.1,64,mse,199,42,874,999,3,13,5.986080000000007,5.984783497816088,0.0216586177251065
10,16,0.001,0.01,256,mse,202,42,874,999,8,18,5.986080000000007,5.983842847045444,0.0373725869778462
60,4,0.001,0.0,64,mse,200,42,874,999,2,12,5.986080000000007,5.984697811857413,0.0230900379312393
30,4,0.0003,0.01,256,mse,203,42,874,999,2,12,5.986080000000007,5.985039648422764,0.0173795134252086
5,8,0.003,0.001,64,mse,204,42,874,999,4,14,5.986080000000007,5.983615506273441,0.0411704107958099
5,16,0.0001,0.01,32,mae,206,42,874,999,0,10,5.986080000000007,5.986080000000007,0.0
5,32,0.0001,0.1,32,mse,207,42,874,999,1,11,5.986080000000007,5.986028757246913,0.0008560318788597
30,4,0.0001,0.001,32,mse,209,42,874,999,1,11,5.986080000000007,5.985592027025541,0.0081517950723308
30,64,0.001,0.0,64,mae,205,42,874,999,0,10,5.986080000000007,5.986080000000007,0.0
10,64,0.0003,0.0,64,mae,210,42,874,999,0,10,5.986080000000007,5.986080000000007,0.0
5,4,0.001,0.0,64,mae,213,42,874,999,0,10,5.986080000000007,5.986080000000007,0.0
20,24,3e-05,0.01,32,mse,208,42,874,999,13,23,5.986080000000007,5.984737314308632,0.0224301327642728
60,8,0.0003,0.0,32,mae,211,42,874,999,0,10,5.986080000000007,5.986080000000007,0.0
5,8,0.003,0.0,32,mae,214,42,874,999,0,10,5.986080000000007,5.986080000000007,0.0
30,32,0.0001,0.01,256,mse,212,42,874,999,7,17,5.986080000000007,5.984496531188097,0.0264525167039231
20,16,0.003,0.1,256,mae,217,42,874,999,0,10,5.986080000000007,5.986080000000007,0.0
30,32,0.0001,0.001,256,mae,215,42,874,999,0,10,5.986080000000007,5.986080000000007,0.0
20,4,0.003,0.0,32,mae,216,42,874,999,0,10,5.986080000000007,5.986080000000007,0.0
10,16,0.001,0.1,256,mse,220,42,874,999,8,18,5.986080000000007,5.983839348890401,0.0374310251384346
30,24,0.001,0.001,64,mae,218,42,874,999,0,10,5.986080000000007,5.986080000000007,0.0
10,4,0.0003,0.01,256,mae,222,42,874,999,0,10,5.986080000000007,5.986080000000007,0.0
20,16,3e-05,0.01,64,mae,221,42,874,999,0,10,5.986080000000007,5.986080000000007,0.0
10,32,0.001,0.001,64,mse,223,42,874,999,1,11,5.986080000000007,5.984094675715603,0.0331656824567039
30,4,0.0001,0.001,256,mse,224,42,874,999,6,16,5.986080000000007,5.9848697717255765,0.0202173755517898
60,32,0.0001,0.0,256,mae,219,42,874,999,0,10,5.986080000000007,5.986080000000007,0.0
30,4,0.0001,0.01,64,mae,228,42,874,999,0,10,5.986080000000007,5.986080000000007,0.0
10,8,0.0003,0.1,256,mse,229,42,874,999,11,21,5.986080000000007,5.98368091079395,0.0400778005983371
10,16,0.0003,0.001,32,mse,227,42,874,999,5,15,5.986080000000007,5.983749223079872,0.0389366149489367
5,8,0.0003,0.1,256,mae,230,42,874,999,0,10,5.986080000000007,5.986080000000007,0.0
60,8,0.0001,0.001,32,mae,231,42,874,999,0,10,5.986080000000007,5.986080000000007,0.0
20,32,0.0001,0.001,64,mse,232,42,874,999,3,13,5.986080000000007,5.984783733646751,0.0216546780740789
30,24,3e-05,0.0,64,mse,233,42,874,999,1,11,5.986080000000007,5.985911184540857,0.0028201336960131
20,24,0.0001,0.0,32,mae,234,42,874,999,0,10,5.986080000000007,5.986080000000007,0.0
60,64,0.003,0.001,32,mse,226,42,874,999,0,10,5.986080000000007,5.986080000000007,0.0
60,16,0.0001,0.1,256,mae,236,42,874,999,0,10,5.986080000000007,5.986080000000007,0.0
60,32,0.0003,0.1,256,mse,235,42,874,999,1,11,5.986080000000007,5.985577420975054,0.0083957953277202
10,32,0.0001,0.001,64,mae,238,42,874,999,0,10,5.986080000000007,5.986080000000007,0.0
10,32,0.0003,0.0,256,mae,240,42,874,999,0,10,5.986080000000007,5.986080000000007,0.0
60,32,0.003,0.001,256,mse,237,42,874,999,2,12,5.986080000000007,5.984309162902788,0.0295825832133833
20,16,0.003,0.0,64,mse,242,42,874,999,8,18,5.986080000000007,5.983129284138797,0.0492929573478906
5,4,3e-05,0.1,64,mse,241,42,874,999,38,48,5.986080000000007,5.984208228186266,0.031268740373358
60,4,3e-05,0.1,32,mse,225,42,874,999,60,60,5.986080000000007,5.98392739315584,0.0359602084196608
20,8,3e-05,0.01,256,mae,244,42,874,999,0,10,5.986080000000007,5.986080000000007,0.0
30,16,3e-05,0.001,32,mse,243,42,874,999,0,10,5.986080000000007,5.986080000000007,0.0
20,32,3e-05,0.001,32,mse,239,42,874,999,15,25,5.986080000000007,5.984563035438821,0.0253415350477403
20,16,0.0001,0.0,256,mae,246,42,874,999,0,10,5.986080000000007,5.986080000000007,0.0
30,4,3e-05,0.0,64,mse,245,42,874,999,1,11,5.986080000000007,5.98596420713792,0.0019343687703288
5,8,0.0003,0.001,32,mse,248,42,874,999,0,10,5.986080000000007,5.986080000000007,0.0
30,24,0.0003,0.0,256,mae,249,42,874,999,0,10,5.986080000000007,5.986080000000007,0.0
20,4,3e-05,0.1,256,mse,247,42,874,999,17,27,5.986080000000007,5.984995509594122,0.0181168712393597
10,32,0.0001,0.01,256,mae,250,42,874,999,0,10,5.986080000000007,5.986080000000007,0.0
10,4,0.0001,0.001,256,mae,251,42,874,999,0,10,5.986080000000007,5.986080000000007,0.0
20,24,0.0003,0.1,256,mse,253,42,874,999,1,11,5.986080000000007,5.985805076187949,0.0045927186415495
5,64,0.0001,0.01,256,mae,255,42,874,999,0,10,5.986080000000007,5.986080000000007,0.0
60,32,0.001,0.0,32,mae,254,42,874,999,0,10,5.986080000000007,5.986080000000007,0.0
5,64,0.001,0.1,32,mse,252,42,874,999,19,29,5.986080000000007,5.98297781416119,0.0518233274332646
5,16,0.0001,0.0,256,mse,256,42,874,999,1,11,5.986080000000007,5.98600260823305,0.0012928622229901876
10,16,3e-05,0.01,256,mse,260,42,874,999,1,11,5.986080000000007,5.986072217587698,0.0001300084915167865
30,16,0.0003,0.01,32,mae,259,42,874,999,0,10,5.986080000000007,5.986080000000007,0.0
30,24,0.0001,0.001,64,mse,257,42,874,999,1,11,5.986080000000007,5.985538729292686,0.009042156257876854
60,8,0.003,0.01,32,mse,258,42,874,999,2,12,5.986080000000007,5.984805979527619,0.021283051218634608
30,32,0.003,0.001,256,mae,261,42,874,999,0,10,5.986080000000007,5.986080000000007,0.0
20,16,0.001,0.0,256,mse,263,42,874,999,3,13,5.986080000000007,5.983476496016578,0.04349263597261954
10,24,0.0001,0.01,64,mae,264,42,874,999,0,10,5.986080000000007,5.986080000000007,0.0
20,4,3e-05,0.01,64,mae,265,42,874,999,0,10,5.986080000000007,5.986080000000007,0.0
20,16,0.0003,0.01,256,mae,267,42,874,999,0,10,5.986080000000007,5.986080000000007,0.0
10,64,0.0003,0.01,32,mse,262,42,874,999,1,11,5.986080000000007,5.984202882690925,0.0313580391355095
10,64,0.001,0.0,64,mae,266,42,874,999,0,10,5.986080000000007,5.986080000000007,0.0
30,8,0.0001,0.1,256,mae,271,42,874,999,0,10,5.986080000000007,5.986080000000007,0.0
10,32,0.003,0.001,64,mae,270,42,874,999,0,10,5.986080000000007,5.986080000000007,0.0
20,16,0.0003,0.001,32,mae,269,42,874,999,0,10,5.986080000000007,5.986080000000007,0.0
60,4,0.001,0.001,256,mse,272,42,874,999,1,11,5.986080000000007,5.985985447350231,0.0015795420337916255
10,16,0.001,0.001,64,mae,273,42,874,999,0,10,5.986080000000007,5.986080000000007,0.0
5,24,0.0001,0.0,256,mae,276,42,874,999,0,10,5.986080000000007,5.986080000000007,0.0
60,24,0.001,0.1,64,mae,274,42,874,999,0,10,5.986080000000007,5.986080000000007,0.0
60,8,0.001,0.1,32,mae,275,42,874,999,0,10,5.986080000000007,5.986080000000007,0.0
10,24,0.001,0.001,32,mae,278,42,874,999,0,10,5.986080000000007,5.986080000000007,0.0
30,4,0.003,0.001,64,mse,279,42,874,999,1,11,5.986080000000007,5.982676126006183,0.056863155751751826
10,8,0.003,0.001,32,mse,277,42,874,999,11,21,5.986080000000007,5.984335530670016,0.02914209850171101
60,8,3e-05,0.001,64,mae,282,42,874,999,0,10,5.986080000000007,5.986080000000007,0.0
20,64,0.003,0.0,64,mse,268,42,874,999,22,32,5.986080000000007,5.982809251610044,0.05463923619402067
60,16,0.001,0.01,256,mae,283,42,874,999,0,10,5.986080000000007,5.986080000000007,0.0
30,16,3e-05,0.1,256,mae,285,42,874,999,0,10,5.986080000000007,5.986080000000007,0.0
10,16,3e-05,0.001,32,mae,284,42,874,999,0,10,5.986080000000007,5.986080000000007,0.0
20,64,0.0001,0.001,32,mse,280,42,874,999,2,12,5.986080000000007,5.9844812414992266,0.026707937427850048
30,64,0.0001,0.0,256,mse,281,42,874,999,5,15,5.986080000000007,5.984389503366136,0.028240461769168945
60,4,3e-05,0.001,256,mae,286,42,874,999,0,10,5.986080000000007,5.986080000000007,0.0
5,8,0.003,0.0,256,mse,289,42,874,999,8,18,5.986080000000007,5.982933242163357,0.05256792152210643
10,64,0.0001,0.0,64,mse,288,42,874,999,3,13,5.986080000000007,5.984368789571743,0.028586494471583013
10,4,0.0001,0.0,256,mse,292,42,874,999,14,24,5.986080000000007,5.983769543010201,0.03859716191241258
60,16,0.0001,0.001,64,mse,287,42,874,999,18,28,5.986080000000007,5.984283929833362,0.03000411231800504
20,24,3e-05,0.1,32,mae,293,42,874,999,0,10,5.986080000000007,5.986080000000007,0.0
5,8,0.0003,0.0,256,mse,295,42,874,999,1,11,5.986080000000007,5.98575557559958,0.005419646921323018
60,16,0.0001,0.0,64,mse,290,42,874,999,18,28,5.986080000000007,5.984283733307801,0.030007395360676092
30,8,0.0003,0.1,64,mae,294,42,874,999,0,10,5.986080000000007,5.986080000000007,0.0
10,24,3e-05,0.1,32,mse,291,42,874,999,22,32,5.986080000000007,5.984385179803741,0.02831268870890913
5,24,0.0001,0.0,256,mse,297,42,874,999,1,11,5.986080000000007,5.985660103480784,0.00701454907423571
20,16,0.0001,0.0,64,mae,296,42,874,999,0,10,5.986080000000007,5.986080000000007,0.0
5,64,3e-05,0.01,256,mae,300,42,874,999,0,10,5.986080000000007,5.986080000000007,0.0
10,64,3e-05,0.01,256,mae,298,42,874,999,0,10,5.986080000000007,5.986080000000007,0.0
60,16,0.001,0.001,256,mae,301,42,874,999,0,10,5.986080000000007,5.986080000000007,0.0
10,32,0.003,0.01,256,mse,303,42,874,999,5,15,5.986080000000007,5.9833177315523915,0.04614486354368452
20,4,3e-05,0.01,64,mse,302,42,874,999,11,21,5.986080000000007,5.984821426436925,0.021025004060792885
10,32,0.003,0.0,64,mse,305,42,874,999,4,14,5.986080000000007,5.983298786488064,0.046461348861759344
30,64,3e-05,0.0,64,mae,299,42,874,999,0,10,5.986080000000007,5.986080000000007,0.0
30,24,0.0001,0.001,32,mse,304,42,874,999,1,11,5.986080000000007,5.985400925567475,0.011344225812748299
20,16,3e-05,0.0,32,mae,306,42,874,999,0,10,5.986080000000007,5.986080000000007,0.0
10,64,0.0003,0.001,64,mae,307,42,874,999,0,10,5.986080000000007,5.986080000000007,0.0
10,8,0.0003,0.1,256,mae,311,42,874,999,0,10,5.986080000000007,5.986080000000007,0.0
10,64,0.0001,0.001,32,mae,308,42,874,999,0,10,5.986080000000007,5.986080000000007,0.0
10,32,0.0003,0.001,256,mae,312,42,874,999,0,10,5.986080000000007,5.986080000000007,0.0
10,64,0.003,0.001,64,mae,310,42,874,999,0,10,5.986080000000007,5.986080000000007,0.0
20,64,0.0001,0.0,256,mse,309,42,874,999,3,13,5.986080000000007,5.985105052130337,0.01628691680816141
10,16,0.0001,0.001,256,mae,315,42,874,999,0,10,5.986080000000007,5.986080000000007,0.0
10,16,0.0003,0.01,32,mae,313,42,874,999,0,10,5.986080000000007,5.986080000000007,0.0
60,16,0.003,0.1,256,mse,316,42,874,999,2,12,5.986080000000007,5.984198850528699,0.03142539811209488
5,32,0.0001,0.01,32,mse,318,42,874,999,1,11,5.986080000000007,5.986028560721346,0.0008593149216418183
60,24,3e-05,0.0,32,mae,314,42,874,999,0,10,5.986080000000007,5.986080000000007,0.0
30,8,0.001,0.1,64,mse,319,42,874,999,1,11,5.986080000000007,5.985162826308491,0.01532177470926488
20,64,0.0001,0.1,32,mae,317,42,874,999,0,10,5.986080000000007,5.986080000000007,0.0
20,24,0.0003,0.0,32,mse,320,42,874,999,2,12,5.986080000000007,5.984476877818778,0.02678083455667224
60,4,0.0003,0.01,32,mae,321,42,874,999,0,10,5.986080000000007,5.986080000000007,0.0
10,64,0.0001,0.001,64,mse,322,42,874,999,3,13,5.986080000000007,5.984368868181966,0.028585181254525693
10,32,0.001,0.001,32,mae,324,42,874,999,0,10,5.986080000000007,5.986080000000007,0.0
10,24,0.003,0.01,64,mae,327,42,874,999,0,10,5.986080000000007,5.986080000000007,0.0
30,64,3e-05,0.01,32,mse,323,42,874,999,1,11,5.986080000000007,5.9857758963428624,0.005080180304051218
5,4,3e-05,0.0,64,mse,326,42,874,999,38,48,5.986080000000007,5.984208659729549,0.031261531260162734
30,64,3e-05,0.001,32,mse,325,42,874,999,1,11,5.986080000000007,5.985775778427524,0.00508215012969826
60,8,3e-05,0.01,64,mse,328,42,874,999,9,19,5.986080000000007,5.985874434260453,0.0034340626846596223
5,24,0.0001,0.0,64,mse,330,42,874,999,9,19,5.986080000000007,5.984466894320151,0.026947613126737657
5,16,0.0003,0.0,256,mse,331,42,874,999,11,21,5.986080000000007,5.9833356153786825,0.04584610665618882
5,8,3e-05,0.01,64,mse,334,42,874,999,1,11,5.986080000000007,5.9860463548235145,0.0005620569135889042
20,64,0.003,0.1,32,mae,329,42,874,999,0,10,5.986080000000007,5.986080000000007,0.0
30,24,0.0003,0.001,64,mae,333,42,874,999,0,10,5.986080000000007,5.986080000000007,0.0
10,24,0.001,0.0,256,mse,335,42,874,999,8,18,5.986080000000007,5.983140503986171,0.049105525048720455
20,64,0.0003,0.001,256,mse,332,42,874,999,2,12,5.986080000000007,5.9854764854455755,0.01008196606847589
10,64,0.001,0.1,256,mae,337,42,874,999,0,10,5.986080000000007,5.986080000000007,0.0
10,8,0.001,0.01,64,mse,339,42,874,999,2,12,5.986080000000007,5.984214079497582,0.03117099174125837
60,16,0.0001,0.001,64,mae,336,42,874,999,0,10,5.986080000000007,5.986080000000007,0.0
30,4,3e-05,0.1,64,mae,340,42,874,999,0,10,5.986080000000007,5.986080000000007,0.0
30,24,0.003,0.1,256,mse,341,42,874,999,5,15,5.986080000000007,5.984479410423312,0.026738526326008927
20,16,0.001,0.01,32,mae,342,42,874,999,0,10,5.986080000000007,5.986080000000007,0.0
20,8,0.001,0.01,256,mse,345,42,874,999,3,13,5.986080000000007,5.984284121208437,0.030000915316374943
20,64,0.003,0.0,256,mae,343,42,874,999,0,10,5.986080000000007,5.986080000000007,0.0
20,8,0.0003,0.1,32,mae,347,42,874,999,0,10,5.986080000000007,5.986080000000007,0.0
60,64,0.003,0.0,32,mae,338,42,874,999,0,10,5.986080000000007,5.986080000000007,0.0
10,24,0.0001,0.01,32,mae,348,42,874,999,0,10,5.986080000000007,5.986080000000007,0.0
20,4,0.0003,0.1,256,mse,349,42,874,999,2,12,5.986080000000007,5.985264591582878,0.013621742728620045
60,32,0.0003,0.0,64,mse,346,42,874,999,4,14,5.986080000000007,5.984502858498297,0.02634681630900859
30,4,0.0003,0.0,32,mse,344,42,874,999,22,32,5.986080000000007,5.983035806279781,0.05085454454712979
5,64,0.003,0.1,64,mse,352,42,874,999,6,16,5.986080000000007,5.984335379412978,0.029144625314547756
20,4,0.0001,0.1,32,mse,351,42,874,999,5,15,5.986080000000007,5.984536464369668,0.02578541600410933
5,16,0.001,0.01,64,mae,355,42,874,999,0,10,5.986080000000007,5.986080000000007,0.0
5,32,0.001,0.0,64,mse,354,42,874,999,2,12,5.986080000000007,5.983943856847589,0.035685175480748565
20,32,0.0003,0.0,256,mae,356,42,874,999,0,10,5.986080000000007,5.986080000000007,0.0
60,32,3e-05,0.01,256,mse,353,42,874,999,6,16,5.986080000000007,5.985354994155077,0.012111529497271789
30,16,3e-05,0.01,32,mae,358,42,874,999,0,10,5.986080000000007,5.986080000000007,0.0
60,16,0.001,0.01,64,mse,357,42,874,999,6,16,5.986080000000007,5.985249105368468,0.01388044649485165
30,16,0.003,0.0,256,mse,359,42,874,999,5,15,5.986080000000007,5.9829844626886555,0.05171226096797321
30,16,0.0003,0.001,32,mse,350,42,874,999,33,43,5.986080000000007,5.983229444679911,0.04761973311576684
30,4,0.003,0.01,32,mse,361,42,874,999,4,14,5.986080000000007,5.983238289143222,0.047471982612745656
20,24,0.001,0.01,64,mae,363,42,874,999,0,10,5.986080000000007,5.986080000000007,0.0
20,16,3e-05,0.0,256,mae,365,42,874,999,0,10,5.986080000000007,5.986080000000007,0.0
20,24,0.0003,0.001,256,mae,366,42,874,999,0,10,5.986080000000007,5.986080000000007,0.0
60,16,0.0001,0.01,64,mse,362,42,874,999,18,28,5.986080000000007,5.984284362189601,0.029996889624039902
5,16,0.0003,0.001,32,mae,367,42,874,999,0,10,5.986080000000007,5.986080000000007,0.0
60,8,0.001,0.1,32,mse,360,42,874,999,20,30,5.986080000000007,5.983144455912312,0.049039506449888304
10,64,0.003,0.1,256,mae,368,42,874,999,0,10,5.986080000000007,5.986080000000007,0.0
20,16,0.0003,0.1,256,mae,370,42,874,999,0,10,5.986080000000007,5.986080000000007,0.0
30,8,3e-05,0.01,256,mse,371,42,874,999,1,11,5.986080000000007,5.9860406555821735,0.0006572651523817363
5,4,0.0001,0.01,64,mse,369,42,874,999,11,21,5.986080000000007,5.984198519823416,0.031430922683806095
10,24,0.001,0.01,64,mae,373,42,874,999,0,10,5.986080000000007,5.986080000000007,0.0
60,24,0.0001,0.1,256,mae,372,42,874,999,0,10,5.986080000000007,5.986080000000007,0.0
5,64,0.0003,0.1,256,mse,374,42,874,999,6,16,5.986080000000007,5.983162330250578,0.04874090806386011
30,8,0.0003,0.001,64,mae,375,42,874,999,0,10,5.986080000000007,5.986080000000007,0.0
20,4,3e-05,0.0,256,mae,377,42,874,999,0,10,5.986080000000007,5.986080000000007,0.0
60,8,0.001,0.0,256,mse,376,42,874,999,2,12,5.986080000000007,5.984842455485168,0.020673704909379698
30,16,0.003,0.001,256,mae,378,42,874,999,0,10,5.986080000000007,5.986080000000007,0.0
5,4,0.001,0.0,256,mae,381,42,874,999,0,10,5.986080000000007,5.986080000000007,0.0
60,32,0.003,0.1,64,mse,364,42,874,999,18,28,5.986080000000007,5.98331720188273,0.04615371189956585
10,32,0.0003,0.01,256,mse,382,42,874,999,6,16,5.986080000000007,5.983901568883848,0.036391613813369084
10,4,0.001,0.001,256,mse,384,42,874,999,3,13,5.986080000000007,5.983444135981967,0.04403322404713528
20,64,3e-05,0.001,64,mae,379,42,874,999,0,10,5.986080000000007,5.986080000000007,0.0
60,32,0.0001,0.001,256,mse,383,42,874,999,2,12,5.986080000000007,5.9854092352106365,0.011205409706704916
5,64,3e-05,0.01,32,mse,386,42,874,999,1,11,5.986080000000007,5.9858139043868706,0.004445239842043591
60,24,0.0001,0.1,64,mse,380,42,874,999,9,19,5.986080000000007,5.984832943647889,0.02083260417700128
30,24,3e-05,0.01,256,mae,388,42,874,999,0,10,5.986080000000007,5.986080000000007,0.0
20,64,0.0003,0.0,256,mse,389,42,874,999,2,12,5.986080000000007,5.9854764854455755,0.01008196606847589
60,24,0.001,0.0,32,mae,387,42,874,999,0,10,5.986080000000007,5.986080000000007,0.0
60,8,0.0001,0.001,64,mae,391,42,874,999,0,10,5.986080000000007,5.986080000000007,0.0
20,8,0.0001,0.0,32,mse,390,42,874,999,11,21,5.986080000000007,5.984238100071924,0.030769717880207992
60,64,0.001,0.0,64,mse,385,42,874,999,2,12,5.986080000000007,5.983633783963802,0.04086507424233554
30,32,0.0001,0.001,64,mse,392,42,874,999,1,11,5.986080000000007,5.985565103023322,0.008601571924959917
5,32,0.001,0.1,64,mse,395,42,874,999,2,12,5.986080000000007,5.983955687686532,0.03548753630883139
10,64,0.0003,0.0,256,mse,397,42,874,999,4,14,5.986080000000007,5.983325603688832,0.04601335617258062
60,32,3e-05,0.001,32,mae,394,42,874,999,0,10,5.986080000000007,5.986080000000007,0.0
60,24,0.003,0.1,32,mse,396,42,874,999,0,10,5.986080000000007,5.986080000000007,0.0
5,32,3e-05,0.01,256,mae,400,42,874,999,0,10,5.986080000000007,5.986080000000007,0.0
5,64,0.001,0.01,32,mae,399,42,874,999,0,10,5.986080000000007,5.986080000000007,0.0
60,32,0.001,0.1,64,mae,398,42,874,999,0,10,5.986080000000007,5.986080000000007,0.0
60,64,0.001,0.0,256,mae,393,42,874,999,0,10,5.986080000000007,5.986080000000007,0.0
5,16,0.001,0.001,64,mae,403,42,874,999,0,10,5.986080000000007,5.986080000000007,0.0
10,16,0.001,0.01,64,mse,402,42,874,999,2,12,5.986080000000007,5.983679613725231,0.04009946868027692
10,16,0.003,0.1,32,mse,401,42,874,999,5,15,5.986080000000007,5.983598857982968,0.04144852753453776
10,16,0.0003,0.0,256,mae,406,42,874,999,0,10,5.986080000000007,5.986080000000007,0.0
10,8,0.003,0.0,256,mse,404,42,874,999,6,16,5.986080000000007,5.983215924534077,0.04784559287430712
10,16,3e-05,0.001,256,mse,409,42,874,999,1,11,5.986080000000007,5.986072217587698,0.0001300084915167865
5,8,0.0001,0.001,64,mae,408,42,874,999,0,10,5.986080000000007,5.986080000000007,0.0
5,16,0.0001,0.001,32,mse,407,42,874,999,0,10,5.986080000000007,5.986080000000007,0.0
30,32,0.0003,0.01,256,mse,405,42,874,999,4,14,5.986080000000007,5.984161375678952,0.03205143133828692
30,16,0.0003,0.001,32,mae,412,42,874,999,0,10,5.986080000000007,5.986080000000007,0.0
10,32,0.0003,0.01,32,mae,413,42,874,999,0,10,5.986080000000007,5.986080000000007,0.0
20,64,0.003,0.0,32,mae,411,42,874,999,0,10,5.986080000000007,5.986080000000007,0.0
30,8,0.003,0.01,256,mae,416,42,874,999,0,10,5.986080000000007,5.986080000000007,0.0
5,16,0.0001,0.1,256,mae,417,42,874,999,0,10,5.986080000000007,5.986080000000007,0.0
10,8,0.003,0.0,32,mse,415,42,874,999,11,21,5.986080000000007,5.98433533414446,0.02914538154430435
10,16,0.001,0.0,256,mae,419,42,874,999,0,10,5.986080000000007,5.986080000000007,0.0
5,8,0.001,0.0,256,mse,420,42,874,999,12,22,5.986080000000007,5.983362027601491,0.04540487929522996
60,16,0.0003,0.0,64,mse,421,42,874,999,7,17,5.986080000000007,5.984247140247857,0.030618697915008042
60,24,0.0003,0.01,256,mse,422,42,874,999,1,11,5.986080000000007,5.985739082903686,0.00569516438673201
20,32,0.0003,0.01,256,mae,423,42,874,999,0,10,5.986080000000007,5.986080000000007,0.0
60,64,0.003,0.1,256,mse,418,42,874,999,5,15,5.986080000000007,5.985097584158923,0.01641167243144892
60,16,0.003,0.0,256,mse,424,42,874,999,2,12,5.986080000000007,5.984183600144956,0.031680162227232245
10,32,0.0001,0.1,64,mse,426,42,874,999,5,15,5.986080000000007,5.984475188511877,0.026809055143439675
60,64,3e-05,0.0,64,mse,410,42,874,999,18,28,5.986080000000007,5.984612677796182,0.024512238456975144
60,16,0.0001,0.001,32,mse,425,42,874,999,1,11,5.986080000000007,5.985965633235879,0.0019105452003342904
5,64,0.003,0.0,256,mae,429,42,874,999,0,10,5.986080000000007,5.986080000000007,0.0
5,24,3e-05,0.01,32,mae,427,42,874,999,0,10,5.986080000000007,5.986080000000007,0.0
60,64,3e-05,0.01,64,mse,414,42,874,999,18,28,5.986080000000007,5.9846126384910745,0.02451289506543164
60,16,0.0001,0.01,256,mae,431,42,874,999,0,10,5.986080000000007,5.986080000000007,0.0
5,16,0.0001,0.0,32,mae,430,42,874,999,0,10,5.986080000000007,5.986080000000007,0.0
5,24,0.0003,0.0,256,mae,434,42,874,999,0,10,5.986080000000007,5.986080000000007,0.0
10,8,0.003,0.1,256,mae,435,42,874,999,0,10,5.986080000000007,5.986080000000007,0.0
10,32,3e-05,0.01,256,mse,436,42,874,999,1,11,5.986080000000007,5.98597674546887,0.001724910644995692
20,32,0.003,0.1,64,mae,432,42,874,999,3,13,5.986080000000007,5.985243760686075,0.013969731676366504
30,32,0.001,0.0,64,mse,433,42,874,999,1,11,5.986080000000007,5.983959584043172,0.03542244602203759
10,32,0.001,0.01,64,mae,437,42,874,999,0,10,5.986080000000007,5.986080000000007,0.0
5,64,0.0001,0.001,256,mae,439,42,874,999,0,10,5.986080000000007,5.986080000000007,0.0
60,64,0.0003,0.1,64,mae,428,42,874,999,0,10,5.986080000000007,5.986080000000007,0.0
30,4,0.0001,0.01,64,mse,440,42,874,999,1,11,5.986080000000007,5.985700666357116,0.0063369290569381675
30,16,0.003,0.0,64,mae,441,42,874,999,0,10,5.986080000000007,5.986080000000007,0.0
10,4,3e-05,0.1,32,mae,442,42,874,999,0,10,5.986080000000007,5.986080000000007,0.0
60,8,0.0001,0.0,64,mae,443,42,874,999,0,10,5.986080000000007,5.986080000000007,0.0
30,32,0.0001,0.0,256,mae,444,42,874,999,0,10,5.986080000000007,5.986080000000007,0.0
5,8,0.0003,0.001,256,mse,447,42,874,999,1,11,5.986080000000007,5.98575557559958,0.005419646921323018
10,24,0.001,0.1,64,mse,448,42,874,999,2,12,5.986080000000007,5.984053011483169,0.033861701093840235
20,32,0.003,0.0,64,mse,445,42,874,999,8,18,5.986080000000007,5.983160964059663,0.04876373086133423
20,8,0.0003,0.0,64,mae,449,42,874,999,0,10,5.986080000000007,5.986080000000007,0.0
10,8,0.0001,0.01,256,mae,451,42,874,999,0,10,5.986080000000007,5.986080000000007,0.0
10,16,0.0001,0.0,32,mse,446,42,874,999,12,22,5.986080000000007,5.983854285646187,0.037181500311067595
60,24,0.0003,0.1,32,mse,438,42,874,999,13,23,5.986080000000007,5.983956792567229,0.03546907880914718
60,8,0.003,0.001,32,mae,450,42,874,999,0,10,5.986080000000007,5.986080000000007,0.0
10,16,0.0001,0.001,64,mae,454,42,874,999,0,10,5.986080000000007,5.986080000000007,0.0
30,16,0.0003,0.001,256,mse,453,42,874,999,7,17,5.986080000000007,5.983912928061425,0.0362018539441844
30,24,3e-05,0.001,32,mse,452,42,874,999,1,11,5.986080000000007,5.98586901015492,0.0035246746633466053
30,24,0.001,0.0,32,mae,457,42,874,999,0,10,5.986080000000007,5.986080000000007,0.0
20,4,0.0003,0.001,32,mse,458,42,874,999,2,12,5.986080000000007,5.984570030935933,0.025224672307666562
5,4,3e-05,0.01,64,mse,455,42,874,999,38,48,5.986080000000007,5.984208345288658,0.0312667841283365
60,8,0.001,0.001,64,mse,459,42,874,999,3,13,5.986080000000007,5.983799769454828,0.03809221636161819
60,32,0.001,0.1,64,mse,456,42,874,999,6,16,5.986080000000007,5.9851921522601295,0.014831872274978508
5,4,0.0001,0.001,32,mae,462,42,874,999,0,10,5.986080000000007,5.986080000000007,0.0
20,4,3e-05,0.001,32,mae,463,42,874,999,0,10,5.986080000000007,5.986080000000007,0.0
20,64,0.0001,0.01,32,mae,460,42,874,999,0,10,5.986080000000007,5.986080000000007,0.0
5,64,0.0001,0.0,64,mae,464,42,874,999,0,10,5.986080000000007,5.986080000000007,0.0
10,64,0.0001,0.0,32,mae,465,42,874,999,0,10,5.986080000000007,5.986080000000007,0.0
5,4,0.001,0.1,32,mse,467,42,874,999,7,17,5.986080000000007,5.98322142724987,0.0477536676779744
20,64,0.001,0.0,64,mse,466,42,874,999,1,11,5.986080000000007,5.982646293425625,0.05736152163656749
5,8,0.0001,0.01,64,mse,468,42,874,999,20,30,5.986080000000007,5.9841002570416,0.03307244404363585
30,24,0.0001,0.01,32,mse,469,42,874,999,1,11,5.986080000000007,5.985400964872586,0.011343569204247395
30,4,0.0001,0.001,64,mae,471,42,874,999,0,10,5.986080000000007,5.986080000000007,0.0
5,8,0.0003,0.1,64,mae,472,42,874,999,0,10,5.986080000000007,5.986080000000007,0.0
60,24,0.0003,0.0,64,mse,470,42,874,999,4,14,5.986080000000007,5.984791004279672,0.021533219073843757
20,24,0.0003,0.0,32,mae,475,42,874,999,0,10,5.986080000000007,5.986080000000007,0.0
20,8,3e-05,0.0,256,mse,473,42,874,999,50,60,5.986080000000007,5.984701232215148,0.02303289940761566
10,24,0.003,0.001,256,mae,476,42,874,999,0,10,5.986080000000007,5.986080000000007,0.0
60,24,0.003,0.01,32,mae,474,42,874,999,0,10,5.986080000000007,5.986080000000007,0.0
10,8,0.003,0.01,32,mae,478,42,874,999,0,10,5.986080000000007,5.986080000000007,0.0
30,24,0.0001,0.1,32,mse,477,42,874,999,1,11,5.986080000000007,5.9854013186186,0.01133765972735068
60,64,0.001,0.1,32,mse,461,42,874,999,12,22,5.986080000000007,5.983309005817362,0.046290630640510866
30,4,0.0003,0.001,64,mae,481,42,874,999,0,10,5.986080000000007,5.986080000000007,0.0
10,64,3e-05,0.1,64,mae,480,42,874,999,0,10,5.986080000000007,5.986080000000007,0.0
5,8,0.0001,0.01,256,mae,483,42,874,999,0,10,5.986080000000007,5.986080000000007,0.0
60,32,0.001,0.001,32,mae,479,42,874,999,0,10,5.986080000000007,5.986080000000007,0.0
30,4,0.003,0.01,32,mae,484,42,874,999,0,10,5.986080000000007,5.986080000000007,0.0
20,24,0.0003,0.001,64,mse,486,42,874,999,2,12,5.986080000000007,5.98515768167627,0.015407717967974577
60,24,0.0003,0.1,64,mae,485,42,874,999,0,10,5.986080000000007,5.986080000000007,0.0
20,32,3e-05,0.0,64,mse,482,42,874,999,9,19,5.986080000000007,5.984830428120676,0.020874627123779188
20,16,0.003,0.1,32,mae,488,42,874,999,0,10,5.986080000000007,5.986080000000007,0.0
30,24,3e-05,0.0,32,mae,489,42,874,999,0,10,5.986080000000007,5.986080000000007,0.0
60,16,0.003,0.01,32,mse,487,42,874,999,5,15,5.986080000000007,5.983791217204642,0.03823508532070363
5,64,0.003,0.001,32,mae,491,42,874,999,0,10,5.986080000000007,5.986080000000007,0.0
20,8,0.0003,0.0,256,mae,494,42,874,999,0,10,5.986080000000007,5.986080000000007,0.0
10,8,0.001,0.001,64,mse,493,42,874,999,2,12,5.986080000000007,5.984213411310659,0.03118215408661751
20,32,0.001,0.0,32,mae,492,42,874,999,0,10,5.986080000000007,5.986080000000007,0.0
20,8,0.0001,0.001,64,mae,495,42,874,999,0,10,5.986080000000007,5.986080000000007,0.0
30,24,0.0001,0.1,64,mae,496,42,874,999,0,10,5.986080000000007,5.986080000000007,0.0
20,8,0.001,0.001,64,mse,498,42,874,999,1,11,5.986080000000007,5.984171635126298,0.031880042928078556
20,4,3e-05,0.1,256,mae,499,42,874,999,0,10,5.986080000000007,5.986080000000007,0.0
60,4,0.001,0.001,64,mse,497,42,874,999,2,12,5.986080000000007,5.984697654636941,0.02309266436577584
30,8,0.0003,0.01,64,mae,501,42,874,999,0,10,5.986080000000007,5.986080000000007,0.0
30,4,3e-05,0.01,256,mse,500,42,874,999,19,29,5.986080000000007,5.984811443751228,0.021191769050510345
10,64,0.003,0.01,32,mae,502,42,874,999,0,10,5.986080000000007,5.986080000000007,0.0
60,24,3e-05,0.01,32,mse,503,42,874,999,1,11,5.986080000000007,5.985822119155422,0.004308008656506157
10,8,0.0001,0.1,32,mse,504,42,874,999,15,25,5.986080000000007,5.9839837173823724,0.03501928837628121
5,64,0.001,0.1,256,mse,506,42,874,999,9,19,5.986080000000007,5.983254500739922,0.04720116102834293
60,24,0.001,0.1,256,mse,507,42,874,999,0,10,5.986080000000007,5.986080000000007,0.0
60,64,0.0003,0.1,32,mse,490,42,874,999,9,19,5.986080000000007,5.983900311933174,0.036412611706382325
5,16,0.001,0.01,32,mae,508,42,874,999,0,10,5.986080000000007,5.986080000000007,0.0
10,24,0.001,0.1,32,mae,511,42,874,999,0,10,5.986080000000007,5.986080000000007,0.0
30,4,3e-05,0.1,32,mse,509,42,874,999,2,12,5.986080000000007,5.98592289746445,0.0026244643499206965
60,4,0.0003,0.1,32,mae,510,42,874,999,0,10,5.986080000000007,5.986080000000007,0.0
5,4,0.0003,0.0,256,mse,512,42,874,999,8,18,5.986080000000007,5.983184525712424,0.048370123479524185
60,4,3e-05,0.01,256,mae,515,42,874,999,0,10,5.986080000000007,5.986080000000007,0.0
5,24,3e-05,0.01,32,mse,516,42,874,999,1,11,5.986080000000007,5.985944869022457,0.002257420173978897
20,4,0.003,0.001,256,mae,517,42,874,999,0,10,5.986080000000007,5.986080000000007,0.0
60,32,0.003,0.1,32,mse,513,42,874,999,0,10,5.986080000000007,5.986080000000007,0.0
30,64,0.0003,0.01,64,mae,514,42,874,999,0,10,5.986080000000007,5.986080000000007,0.0
20,16,3e-05,0.1,64,mae,518,42,874,999,0,10,5.986080000000007,5.986080000000007,0.0
20,4,0.003,0.001,64,mae,519,42,874,999,8,18,5.986080000000007,5.98577932537569,0.005022896859341319
60,8,3e-05,0.0,32,mae,520,42,874,999,0,10,5.986080000000007,5.986080000000007,0.0
10,8,0.003,0.001,32,mae,521,42,874,999,0,10,5.986080000000007,5.986080000000007,0.0
20,8,0.001,0.1,256,mse,523,42,874,999,3,13,5.986080000000007,5.984286833261224,0.029955609326703936
20,4,0.003,0.1,256,mse,524,42,874,999,1,11,5.986080000000007,5.98595970250139,0.0020096206301611907
60,32,0.0001,0.0,32,mse,505,42,874,999,29,39,5.986080000000007,5.983952705648437,0.035537352517345244
5,64,0.0003,0.01,256,mse,526,42,874,999,6,16,5.986080000000007,5.983160836656291,0.04876585918859311
20,32,0.0003,0.001,32,mae,527,42,874,999,0,10,5.986080000000007,5.986080000000007,0.0
20,16,3e-05,0.01,256,mse,525,42,874,999,44,54,5.986080000000007,5.984408762871377,0.027918723582553984
60,24,0.003,0.1,64,mse,522,42,874,999,7,17,5.986080000000007,5.9842281550654715,0.03093585342220928
20,8,0.0003,0.01,256,mae,529,42,874,999,0,10,5.986080000000007,5.986080000000007,0.0
5,16,0.001,0.001,256,mse,532,42,874,999,9,19,5.986080000000007,5.983109806693132,0.04961833632153301
10,24,0.0001,0.1,32,mse,528,42,874,999,6,16,5.986080000000007,5.984351102271013,0.028881968316396556
5,32,0.0003,0.001,256,mae,533,42,874,999,0,10,5.986080000000007,5.986080000000007,0.0
20,16,0.0003,0.001,64,mae,530,42,874,999,0,10,5.986080000000007,5.986080000000007,0.0
30,8,0.001,0.001,256,mae,534,42,874,999,0,10,5.986080000000007,5.986080000000007,0.0
5,16,0.001,0.1,64,mae,535,42,874,999,0,10,5.986080000000007,5.986080000000007,0.0
20,16,0.003,0.001,64,mse,531,42,874,999,8,18,5.986080000000007,5.9831290483081245,0.049296896999084794
5,16,0.0003,0.01,32,mae,536,42,874,999,0,10,5.986080000000007,5.986080000000007,0.0
10,8,0.0003,0.01,64,mae,540,42,874,999,0,10,5.986080000000007,5.986080000000007,0.0
30,4,0.003,0.001,32,mae,537,42,874,999,0,10,5.986080000000007,5.986080000000007,0.0
10,4,0.003,0.001,32,mse,538,42,874,999,4,14,5.986080000000007,5.982923415072246,0.05273208723840517
20,64,0.001,0.1,64,mae,539,42,874,999,0,10,5.986080000000007,5.986080000000007,0.0
20,8,3e-05,0.0,32,mae,542,42,874,999,0,10,5.986080000000007,5.986080000000007,0.0
5,32,0.0003,0.1,256,mse,543,42,874,999,17,27,5.986080000000007,5.9833978738642895,0.04480605230331447
10,8,0.001,0.1,256,mse,544,42,874,999,10,20,5.986080000000007,5.984061069031286,0.0337270963422065
10,16,0.003,0.001,64,mae,545,42,874,999,0,10,5.986080000000007,5.986080000000007,0.0
10,16,0.001,0.1,64,mae,546,42,874,999,0,10,5.986080000000007,5.986080000000007,0.0
60,32,0.0003,0.1,256,mae,547,42,874,999,0,10,5.986080000000007,5.986080000000007,0.0
60,4,3e-05,0.1,256,mse,548,42,874,999,14,24,5.986080000000007,5.985220649279793,0.014355817500177892
5,4,0.003,0.1,64,mae,550,42,874,999,9,19,5.986080000000007,5.985748745185056,0.005533751886899196
60,24,3e-05,0.1,32,mse,549,42,874,999,1,11,5.986080000000007,5.985821922629861,0.004311291699177211
60,64,0.0003,0.1,32,mae,541,42,874,999,0,10,5.986080000000007,5.986080000000007,0.0
30,4,0.003,0.01,64,mse,552,42,874,999,1,11,5.986080000000007,5.982677776820921,0.05683557819284868
5,8,3e-05,0.1,256,mse,555,42,874,999,1,11,5.986080000000007,5.986040773497514,0.0006552953267124906
10,64,0.0001,0.01,32,mse,551,42,874,999,3,13,5.986080000000007,5.984149152601831,0.0322556230149984
30,64,0.001,0.1,256,mae,553,42,874,999,0,10,5.986080000000007,5.986080000000007,0.0
10,16,0.0003,0.1,32,mse,554,42,874,999,5,15,5.986080000000007,5.983751149030393,0.03890444113032743
20,32,3e-05,0.0,32,mae,556,42,874,999,0,10,5.986080000000007,5.986080000000007,0.0
5,64,3e-05,0.01,256,mse,559,42,874,999,3,13,5.986080000000007,5.985866769763483,0.0035621013505404697
10,4,0.0001,0.001,64,mse,558,42,874,999,6,16,5.986080000000007,5.984500304478899,0.026389482284039367
30,24,0.001,0.1,32,mae,557,42,874,999,0,10,5.986080000000007,5.986080000000007,0.0
5,64,0.003,0.01,256,mae,561,42,874,999,0,10,5.986080000000007,5.986080000000007,0.0
10,24,3e-05,0.1,256,mae,562,42,874,999,0,10,5.986080000000007,5.986080000000007,0.0
10,4,0.001,0.001,64,mse,563,42,874,999,1,11,5.986080000000007,5.985119201970922,0.016050537732292813
10,16,0.0003,0.001,256,mse,565,42,874,999,8,18,5.986080000000007,5.983545347460175,0.042342443466047985
20,4,0.003,0.01,32,mae,564,42,874,999,0,10,5.986080000000007,5.986080000000007,0.0
30,8,0.003,0.01,64,mse,567,42,874,999,0,10,5.986080000000007,5.986080000000007,0.0
60,4,0.003,0.01,64,mae,568,42,874,999,0,10,5.986080000000007,5.986080000000007,0.0
60,8,0.0001,0.0,64,mse,560,42,874,999,27,37,5.986080000000007,5.984360574803169,0.028723725657497923
10,64,3e-05,0.01,64,mse,566,42,874,999,10,20,5.986080000000007,5.984464811149184,0.026982413379428305
30,24,0.003,0.01,32,mse,569,42,874,999,0,10,5.986080000000007,5.986080000000007,0.0
5,4,3e-05,0.001,256,mae,573,42,874,999,0,10,5.986080000000007,5.986080000000007,0.0
5,24,0.0003,0.1,32,mae,571,42,874,999,0,10,5.986080000000007,5.986080000000007,0.0
20,64,0.001,0.1,256,mse,570,42,874,999,2,12,5.986080000000007,5.984241165057785,0.030718515994143658
60,16,0.001,0.1,32,mae,572,42,874,999,0,10,5.986080000000007,5.986080000000007,0.0
5,4,0.003,0.1,64,mse,577,42,874,999,2,12,5.986080000000007,5.983693802057995,0.039862446576266475
20,64,0.0003,0.001,64,mae,576,42,874,999,0,10,5.986080000000007,5.986080000000007,0.0
20,16,0.001,0.1,256,mae,579,42,874,999,0,10,5.986080000000007,5.986080000000007,0.0
30,4,3e-05,0.0,256,mse,578,42,874,999,19,29,5.986080000000007,5.984810893479642,0.021200961570266852
20,4,3e-05,0.0,32,mae,580,42,874,999,0,10,5.986080000000007,5.986080000000007,0.0
60,64,0.0001,0.1,32,mae,574,42,874,999,0,10,5.986080000000007,5.986080000000007,0.0
60,64,0.001,0.1,256,mae,575,42,874,999,0,10,5.986080000000007,5.986080000000007,0.0
30,24,0.003,0.1,64,mse,582,42,874,999,3,13,5.986080000000007,5.985693877686506,0.00645033667276973
20,16,0.0001,0.001,32,mse,581,42,874,999,9,19,5.986080000000007,5.984120735005321,0.032730350992404844
5,8,3e-05,0.0,256,mse,586,42,874,999,1,11,5.986080000000007,5.986040812802629,0.0006546387181338709
60,4,0.001,0.0,32,mae,583,42,874,999,0,10,5.986080000000007,5.986080000000007,0.0
60,4,0.0003,0.01,256,mse,584,42,874,999,2,12,5.986080000000007,5.985497199239982,0.009735933365828675
20,4,0.0001,0.1,32,mae,585,42,874,999,0,10,5.986080000000007,5.986080000000007,0.0
20,4,0.0001,0.001,64,mse,587,42,874,999,3,13,5.986080000000007,5.984860653752368,0.020369695153410472
60,24,0.0003,0.0,256,mae,588,42,874,999,0,10,5.986080000000007,5.986080000000007,0.0
20,8,0.0001,0.001,256,mse,591,42,874,999,16,26,5.986080000000007,5.984652729706044,0.023843154350822182
60,16,3e-05,0.0,64,mse,590,42,874,999,1,11,5.986080000000007,5.985937518966386,0.002380205971541649
60,8,3e-05,0.0,64,mae,593,42,874,999,0,10,5.986080000000007,5.986080000000007,0.0
20,16,0.0003,0.001,32,mse,592,42,874,999,4,14,5.986080000000007,5.983987332639817,0.03495889397051588
10,4,0.0001,0.0,256,mae,596,42,874,999,0,10,5.986080000000007,5.986080000000007,0.0
30,4,0.0001,0.01,32,mse,594,42,874,999,1,11,5.986080000000007,5.9855921842459905,0.008149168638194038
30,64,0.003,0.001,256,mse,589,42,874,999,6,16,5.986080000000007,5.983213644837548,0.04788367616970213
30,4,0.001,0.01,32,mae,595,42,874,999,0,10,5.986080000000007,5.986080000000007,0.0
20,24,0.001,0.001,256,mae,598,42,874,999,0,10,5.986080000000007,5.986080000000007,0.0
10,16,0.003,0.0,32,mae,597,42,874,999,0,10,5.986080000000007,5.986080000000007,0.0
5,64,0.0001,0.0,32,mse,599,42,874,999,1,11,5.986080000000007,5.985295677589498,0.01310243783092524
20,32,0.0001,0.01,256,mse,601,42,874,999,4,14,5.986080000000007,5.9850989606508,0.016388677552048314
60,4,0.0001,0.1,256,mse,600,42,874,999,4,14,5.986080000000007,5.985263806293561,0.013634861319045122
20,16,0.001,0.001,256,mae,603,42,874,999,0,10,5.986080000000007,5.986080000000007,0.0
5,64,3e-05,0.1,256,mae,606,42,874,999,0,10,5.986080000000007,5.986080000000007,0.0
60,24,0.0001,0.001,256,mse,602,42,874,999,2,12,5.986080000000007,5.985460724908318,0.01034525251398799
20,4,0.001,0.1,32,mae,604,42,874,999,0,10,5.986080000000007,5.986080000000007,0.0
60,8,0.0001,0.1,256,mse,605,42,874,999,8,18,5.986080000000007,5.98523090791422,0.014184442670117647
60,16,0.0003,0.0,64,mae,607,42,874,999,0,10,5.986080000000007,5.986080000000007,0.0
60,24,0.001,0.1,256,mae,610,42,874,999,0,10,5.986080000000007,5.986080000000007,0.0
20,24,0.003,0.01,256,mae,611,42,874,999,0,10,5.986080000000007,5.986080000000007,0.0
5,64,3e-05,0.001,32,mae,609,42,874,999,0,10,5.986080000000007,5.986080000000007,0.0
10,8,0.0003,0.0,64,mae,613,42,874,999,0,10,5.986080000000007,5.986080000000007,0.0
60,4,0.003,0.001,32,mse,608,42,874,999,4,14,5.986080000000007,5.98289798466431,0.05315691296636782
20,24,0.003,0.01,256,mse,614,42,874,999,6,16,5.986080000000007,5.983608521890225,0.041287087873576045
10,32,0.001,0.01,32,mae,612,42,874,999,0,10,5.986080000000007,5.986080000000007,0.0
5,24,0.003,0.001,64,mse,616,42,874,999,4,14,5.986080000000007,5.983660388374619,0.04042063629935422
30,8,3e-05,0.1,64,mae,617,42,874,999,0,10,5.986080000000007,5.986080000000007,0.0
10,64,3e-05,0.0,32,mae,615,42,874,999,0,10,5.986080000000007,5.986080000000007,0.0
5,24,0.0003,0.0,32,mae,618,42,874,999,0,10,5.986080000000007,5.986080000000007,0.0
5,8,0.003,0.001,32,mae,619,42,874,999,0,10,5.986080000000007,5.986080000000007,0.0
5,64,0.001,0.01,64,mae,621,42,874,999,0,10,5.986080000000007,5.986080000000007,0.0
5,32,0.0001,0.001,256,mse,624,42,874,999,1,11,5.986080000000007,5.985709863753489,0.006183282657734601
20,32,0.001,0.01,64,mse,622,42,874,999,1,11,5.986080000000007,5.983444883592041,0.04402073490441527
5,64,0.003,0.01,256,mse,626,42,874,999,7,17,5.986080000000007,5.9825982831797955,0.058163553113421695
10,4,0.001,0.1,32,mae,625,42,874,999,0,10,5.986080000000007,5.986080000000007,0.0
10,24,0.0003,0.01,256,mae,627,42,874,999,0,10,5.986080000000007,5.986080000000007,0.0
20,16,3e-05,0.1,64,mse,623,42,874,999,20,30,5.986080000000007,5.9843437915200415,0.02900409750564714
30,32,3e-05,0.1,256,mse,620,42,874,999,22,32,5.986080000000007,5.984594086477863,0.02482281429825317
30,8,3e-05,0.01,256,mae,628,42,874,999,0,10,5.986080000000007,5.986080000000007,0.0
5,4,0.003,0.1,256,mse,632,42,874,999,8,18,5.986080000000007,5.983132900209166,0.049232549361877265
10,32,3e-05,0.001,64,mae,630,42,874,999,0,10,5.986080000000007,5.986080000000007,0.0
5,16,0.001,0.01,256,mse,633,42,874,999,9,19,5.986080000000007,5.983109138506227,0.049629498666581284
30,32,0.0003,0.01,32,mae,631,42,874,999,0,10,5.986080000000007,5.986080000000007,0.0
30,16,0.001,0.001,32,mae,634,42,874,999,0,10,5.986080000000007,5.986080000000007,0.0
60,32,0.0003,0.0,32,mae,629,42,874,999,0,10,5.986080000000007,5.986080000000007,0.0
20,4,3e-05,0.001,64,mse,635,42,874,999,11,21,5.986080000000007,5.9848211906062385,0.021028943712231296
5,32,0.003,0.1,32,mse,637,42,874,999,0,10,5.986080000000007,5.986080000000007,0.0
20,16,0.003,0.0,256,mse,640,42,874,999,6,16,5.986080000000007,5.983530803755519,0.04258540220792861
20,32,0.0003,0.0,32,mae,638,42,874,999,0,10,5.986080000000007,5.986080000000007,0.0
30,16,0.001,0.0,256,mse,642,42,874,999,8,18,5.986080000000007,5.985243799178252,0.013969088648246863
60,32,3e-05,0.01,256,mae,641,42,874,999,0,10,5.986080000000007,5.986080000000007,0.0
10,4,0.0001,0.001,64,mae,643,42,874,999,0,10,5.986080000000007,5.986080000000007,0.0
30,24,0.001,0.0,32,mse,636,42,874,999,21,31,5.986080000000007,5.983465864932956,0.04367023272410231
10,8,0.0001,0.001,64,mse,645,42,874,999,13,23,5.986080000000007,5.984217307667302,0.031117063799768196
10,64,0.0001,0.001,32,mse,644,42,874,999,3,13,5.986080000000007,5.984149349127385,0.03225233997243837
20,64,0.0001,0.0,256,mae,646,42,874,999,0,10,5.986080000000007,5.986080000000007,0.0
20,24,0.0001,0.1,32,mae,647,42,874,999,0,10,5.986080000000007,5.986080000000007,0.0
60,64,0.003,0.01,64,mse,639,42,874,999,6,16,5.986080000000007,5.983992954083857,0.03486498536856564
30,24,0.0001,0.0,256,mae,651,42,874,999,0,10,5.986080000000007,5.986080000000007,0.0
60,16,3e-05,0.01,32,mse,650,42,874,999,1,11,5.986080000000007,5.986023872299038,0.0009376370006641821
60,4,0.0003,0.0,32,mse,648,42,874,999,7,17,5.986080000000007,5.983783064781923,0.038371274992721194
5,32,0.003,0.01,256,mae,654,42,874,999,0,10,5.986080000000007,5.986080000000007,0.0
30,16,0.0001,0.001,32,mae,653,42,874,999,0,10,5.986080000000007,5.986080000000007,0.0
10,8,3e-05,0.1,32,mae,655,42,874,999,0,10,5.986080000000007,5.986080000000007,0.0
10,24,0.001,0.01,32,mse,652,42,874,999,4,14,5.986080000000007,5.983770447027799,0.03858205991581487
5,4,0.0003,0.1,256,mae,658,42,874,999,0,10,5.986080000000007,5.986080000000007,0.0
5,4,0.003,0.001,64,mse,656,42,874,999,2,12,5.986080000000007,5.983715419869986,0.039501311877243594
5,64,3e-05,0.0,256,mse,657,42,874,999,3,13,5.986080000000007,5.985866769763483,0.0035621013505404697
5,16,0.001,0.0,64,mse,659,42,874,999,3,13,5.986080000000007,5.9848614390416754,0.02035657656316303
60,64,0.003,0.001,32,mae,649,42,874,999,0,10,5.986080000000007,5.986080000000007,0.0
60,16,3e-05,0.1,32,mae,660,42,874,999,0,10,5.986080000000007,5.986080000000007,0.0
30,32,0.0003,0.0,32,mse,661,42,874,999,1,11,5.986080000000007,5.984547313393721,0.025604178465488125
60,16,3e-05,0.001,32,mse,662,42,874,999,1,11,5.986080000000007,5.9860239509092645,0.0009363237835624538
60,24,0.001,0.0,64,mae,663,42,874,999,0,10,5.986080000000007,5.986080000000007,0.0
10,4,0.0003,0.01,64,mse,664,42,874,999,2,12,5.986080000000007,5.984483481890653,0.02667051074083382
30,8,0.0001,0.01,64,mae,665,42,874,999,0,10,5.986080000000007,5.986080000000007,0.0
20,8,0.0003,0.01,64,mae,668,42,874,999,0,10,5.986080000000007,5.986080000000007,0.0
60,4,0.0003,0.1,256,mae,666,42,874,999,0,10,5.986080000000007,5.986080000000007,0.0
30,24,0.003,0.01,256,mse,669,42,874,999,5,15,5.986080000000007,5.984539232804887,0.025739168122040912
20,32,0.0001,0.0,256,mse,670,42,874,999,4,14,5.986080000000007,5.985099078566129,0.016386707726567806
5,8,0.0001,0.001,64,mse,671,42,874,999,20,30,5.986080000000007,5.984100846618298,0.03306259491536734
20,24,3e-05,0.01,256,mse,674,42,874,999,10,20,5.986080000000007,5.985231890542042,0.014168027456462617
20,64,0.0001,0.001,64,mse,672,42,874,999,2,12,5.986080000000007,5.98510454116387,0.016295452719261583
60,32,0.0003,0.1,32,mae,673,42,874,999,0,10,5.986080000000007,5.986080000000007,0.0
30,32,0.003,0.01,256,mae,676,42,874,999,0,10,5.986080000000007,5.986080000000007,0.0
10,64,0.0001,0.01,64,mae,675,42,874,999,0,10,5.986080000000007,5.986080000000007,0.0
20,16,0.001,0.0,256,mae,677,42,874,999,0,10,5.986080000000007,5.986080000000007,0.0
20,8,0.001,0.1,256,mae,679,42,874,999,0,10,5.986080000000007,5.986080000000007,0.0
30,8,0.001,0.0,64,mae,680,42,874,999,0,10,5.986080000000007,5.986080000000007,0.0
60,16,0.0001,0.1,64,mae,681,42,874,999,0,10,5.986080000000007,5.986080000000007,0.0
5,8,3e-05,0.01,32,mse,682,42,874,999,0,10,5.986080000000007,5.986080000000007,0.0
30,64,0.003,0.0,32,mae,678,42,874,999,0,10,5.986080000000007,5.986080000000007,0.0
60,4,0.0003,0.1,64,mse,684,42,874,999,4,14,5.986080000000007,5.984672342144353,0.02351552026793602
30,16,3e-05,0.01,64,mae,686,42,874,999,0,10,5.986080000000007,5.986080000000007,0.0
10,32,3e-05,0.0,256,mse,687,42,874,999,1,11,5.986080000000007,5.98597674546887,0.001724910644995692
5,32,3e-05,0.001,256,mse,688,42,874,999,1,11,5.986080000000007,5.985961613000474,0.001977704934341684
60,4,3e-05,0.01,32,mse,667,42,874,999,60,60,5.986080000000007,5.983925781646227,0.03598712936980775
5,32,0.0003,0.01,32,mae,689,42,874,999,0,10,5.986080000000007,5.986080000000007,0.0
60,64,0.003,0.01,256,mae,683,42,874,999,0,10,5.986080000000007,5.986080000000007,0.0
30,32,0.001,0.0,32,mse,685,42,874,999,12,22,5.986080000000007,5.983817135538302,0.03780210858701505
5,64,3e-05,0.0,64,mse,690,42,874,999,17,27,5.986080000000007,5.984264395192336,0.030330446764348373
5,32,0.0001,0.01,64,mae,693,42,874,999,0,10,5.986080000000007,5.986080000000007,0.0
5,16,0.0001,0.1,32,mse,692,42,874,999,0,10,5.986080000000007,5.986080000000007,0.0
60,4,0.001,0.001,32,mae,691,42,874,999,0,10,5.986080000000007,5.986080000000007,0.0
20,4,3e-05,0.001,256,mae,697,42,874,999,0,10,5.986080000000007,5.986080000000007,0.0
5,64,0.0003,0.01,64,mae,698,42,874,999,0,10,5.986080000000007,5.986080000000007,0.0
30,32,0.0001,0.01,32,mse,694,42,874,999,1,11,5.986080000000007,5.985480793556533,0.010009997251525515
60,16,0.003,0.01,32,mae,696,42,874,999,0,10,5.986080000000007,5.986080000000007,0.0
10,32,0.001,0.01,256,mae,700,42,874,999,0,10,5.986080000000007,5.986080000000007,0.0
20,4,0.0003,0.001,64,mae,699,42,874,999,0,10,5.986080000000007,5.986080000000007,0.0
60,8,3e-05,0.01,256,mae,701,42,874,999,0,10,5.986080000000007,5.986080000000007,0.0
5,32,0.003,0.1,256,mae,704,42,874,999,0,10,5.986080000000007,5.986080000000007,0.0
20,16,0.0003,0.0,256,mse,702,42,874,999,6,16,5.986080000000007,5.984130167419449,0.03257277852213303
20,24,0.0003,0.01,64,mse,703,42,874,999,2,12,5.986080000000007,5.985157720981393,0.01540706135926273
60,8,0.001,0.1,64,mse,705,42,874,999,3,13,5.986080000000007,5.983800948608207,0.03807251810534762
20,16,0.003,0.01,256,mse,707,42,874,999,6,16,5.986080000000007,5.9835327297060505,0.04255322838914166
20,4,0.0003,0.1,32,mse,706,42,874,999,2,12,5.986080000000007,5.984564449609943,0.025317910720612513
5,32,0.001,0.01,256,mae,709,42,874,999,0,10,5.986080000000007,5.986080000000007,0.0
60,64,0.001,0.1,64,mse,695,42,874,999,2,12,5.986080000000007,5.983633823268905,0.04086441763395676
10,24,0.0001,0.01,256,mse,711,42,874,999,14,24,5.986080000000007,5.9838889527555965,0.036602371575567005
5,24,0.0003,0.0,32,mse,710,42,874,999,1,11,5.986080000000007,5.9848418496441065,0.020683825740730466
5,24,0.0001,0.1,32,mse,713,42,874,999,1,11,5.986080000000007,5.985624139302634,0.007615345892031389
30,64,0.0003,0.001,64,mse,712,42,874,999,1,11,5.986080000000007,5.984802638593048,0.021338862944686454
20,8,3e-05,0.001,32,mae,715,42,874,999,0,10,5.986080000000007,5.986080000000007,0.0
60,16,0.003,0.001,64,mse,708,42,874,999,23,33,5.986080000000007,5.983479610608503,0.04344060539624994
10,32,3e-05,0.01,256,mae,718,42,874,999,0,10,5.986080000000007,5.986080000000007,0.0
30,4,0.0001,0.0,64,mse,717,42,874,999,1,11,5.986080000000007,5.985700823577565,0.006334302622790222
60,8,3e-05,0.001,32,mae,716,42,874,999,0,10,5.986080000000007,5.986080000000007,0.0
10,8,0.0001,0.0,32,mae,721,42,874,999,0,10,5.986080000000007,5.986080000000007,0.0
30,32,0.001,0.0,64,mae,720,42,874,999,0,10,5.986080000000007,5.986080000000007,0.0
10,24,0.0001,0.01,32,mse,719,42,874,999,6,16,5.986080000000007,5.984351495322135,0.028875402231054448
60,32,0.001,0.1,32,mse,714,42,874,999,10,20,5.986080000000007,5.982984709633236,0.051708135654249254
10,8,3e-05,0.1,64,mse,723,42,874,999,1,11,5.986080000000007,5.986074025622873,9.980449867663665e-05
30,24,0.0003,0.001,32,mse,722,42,874,999,1,11,5.986080000000007,5.984898621678311,0.01973542488066249
20,8,0.001,0.001,32,mse,724,42,874,999,2,12,5.986080000000007,5.983747886706034,0.038958939639521795
10,64,0.0003,0.0,64,mse,725,42,874,999,1,11,5.986080000000007,5.984433367871945,0.027507686634042905
10,8,3e-05,0.1,32,mse,728,42,874,999,0,10,5.986080000000007,5.986080000000007,0.0
10,16,0.0001,0.0,64,mse,727,42,874,999,11,21,5.986080000000007,5.984064371473693,0.033671927644041144
60,24,3e-05,0.01,32,mae,726,42,874,999,0,10,5.986080000000007,5.986080000000007,0.0
20,64,0.003,0.01,256,mae,730,42,874,999,0,10,5.986080000000007,5.986080000000007,0.0
10,4,3e-05,0.0,64,mse,731,42,874,999,21,31,5.986080000000007,5.984504588736186,0.026317911952744577
20,4,0.0003,0.0,32,mae,734,42,874,999,0,10,5.986080000000007,5.986080000000007,0.0
20,16,0.0001,0.0,32,mse,733,42,874,999,9,19,5.986080000000007,5.9841203812593085,0.03273626046926825
10,32,3e-05,0.001,32,mse,732,42,874,999,19,29,5.986080000000007,5.9842513852000305,0.030547784192269667
10,8,0.001,0.01,32,mae,737,42,874,999,0,10,5.986080000000007,5.986080000000007,0.0
10,4,0.0001,0.01,256,mae,738,42,874,999,0,10,5.986080000000007,5.986080000000007,0.0
30,64,0.001,0.001,64,mse,736,42,874,999,1,11,5.986080000000007,5.983772530198781,0.03854725966285777
20,4,0.001,0.1,256,mae,740,42,874,999,0,10,5.986080000000007,5.986080000000007,0.0
60,24,0.001,0.001,64,mae,739,42,874,999,0,10,5.986080000000007,5.986080000000007,0.0
60,32,0.0001,0.01,64,mse,735,42,874,999,10,20,5.986080000000007,5.984634806574642,0.024142567846818785
30,16,0.0003,0.0,64,mse,742,42,874,999,0,10,5.986080000000007,5.986080000000007,0.0
10,16,3e-05,0.0,64,mae,743,42,874,999,0,10,5.986080000000007,5.986080000000007,0.0
10,4,0.0001,0.001,32,mse,741,42,874,999,7,17,5.986080000000007,5.984139129798096,0.03242305819354252
10,16,0.001,0.0,64,mae,746,42,874,999,0,10,5.986080000000007,5.986080000000007,0.0
20,32,0.0001,0.001,32,mae,744,42,874,999,0,10,5.986080000000007,5.986080000000007,0.0
60,32,0.0001,0.01,32,mse,729,42,874,999,29,39,5.986080000000007,5.983953334530239,0.03552684678067575
10,24,0.003,0.0,256,mae,747,42,874,999,0,10,5.986080000000007,5.986080000000007,0.0
10,4,0.0003,0.0,32,mae,748,42,874,999,0,10,5.986080000000007,5.986080000000007,0.0
20,64,3e-05,0.0,64,mae,750,42,874,999,0,10,5.986080000000007,5.986080000000007,0.0
20,64,0.0003,0.0,32,mae,749,42,874,999,0,10,5.986080000000007,5.986080000000007,0.0
5,8,0.003,0.001,256,mae,753,42,874,999,0,10,5.986080000000007,5.986080000000007,0.0
10,4,3e-05,0.0,32,mae,752,42,874,999,0,10,5.986080000000007,5.986080000000007,0.0
20,32,0.0001,0.1,64,mae,754,42,874,999,0,10,5.986080000000007,5.986080000000007,0.0
60,64,0.003,0.1,256,mae,745,42,874,999,0,10,5.986080000000007,5.986080000000007,0.0
5,32,0.0001,0.001,64,mae,756,42,874,999,0,10,5.986080000000007,5.986080000000007,0.0
10,16,0.003,0.001,64,mse,751,42,874,999,42,52,5.986080000000007,5.983561965933557,0.04206482483445351
10,64,0.001,0.01,64,mae,755,42,874,999,0,10,5.986080000000007,5.986080000000007,0.0
5,4,0.0003,0.1,64,mae,758,42,874,999,0,10,5.986080000000007,5.986080000000007,0.0
60,4,0.003,0.1,256,mse,759,42,874,999,0,10,5.986080000000007,5.986080000000007,0.0
60,4,0.0003,0.01,256,mae,760,42,874,999,0,10,5.986080000000007,5.986080000000007,0.0
30,8,0.001,0.1,256,mse,761,42,874,999,4,14,5.986080000000007,5.984257044323325,0.030453246142425616
20,64,0.0003,0.01,256,mse,757,42,874,999,2,12,5.986080000000007,5.985476053089335,0.010089188762474333
30,16,0.003,0.0,64,mse,763,42,874,999,0,10,5.986080000000007,5.986080000000007,0.0
10,16,0.003,0.1,256,mse,766,42,874,999,5,15,5.986080000000007,5.982912253233178,0.052918550484271076
10,64,0.003,0.0,64,mae,764,42,874,999,0,10,5.986080000000007,5.986080000000007,0.0
10,16,0.001,0.01,256,mae,768,42,874,999,0,10,5.986080000000007,5.986080000000007,0.0
60,32,0.0001,0.1,64,mae,762,42,874,999,0,10,5.986080000000007,5.986080000000007,0.0
20,64,0.0003,0.01,32,mae,765,42,874,999,0,10,5.986080000000007,5.986080000000007,0.0
20,8,0.0003,0.0,32,mse,767,42,874,999,4,14,5.986080000000007,5.984114469228027,0.03283502345408085
10,32,0.0001,0.1,32,mae,770,42,874,999,0,10,5.986080000000007,5.986080000000007,0.0
10,24,0.003,0.1,256,mse,772,42,874,999,11,21,5.986080000000007,5.983241146489619,0.04742424943181556
20,8,0.003,0.1,64,mae,773,42,874,999,0,10,5.986080000000007,5.986080000000007,0.0
5,32,3e-05,0.01,256,mse,774,42,874,999,1,11,5.986080000000007,5.985961613000474,0.001977704934341684
5,32,0.001,0.1,32,mse,769,42,874,999,15,25,5.986080000000007,5.983558272065908,0.04212653245695419
10,32,0.0001,0.01,32,mae,775,42,874,999,0,10,5.986080000000007,5.986080000000007,0.0
5,24,0.001,0.01,32,mae,777,42,874,999,0,10,5.986080000000007,5.986080000000007,0.0
60,32,3e-05,0.0,32,mse,776,42,874,999,1,11,5.986080000000007,5.9858257352258,0.004247600670337359
60,4,0.001,0.01,32,mae,778,42,874,999,0,10,5.986080000000007,5.986080000000007,0.0
30,8,0.0001,0.0,256,mae,780,42,874,999,0,10,5.986080000000007,5.986080000000007,0.0
30,64,0.0001,0.001,256,mse,779,42,874,999,5,15,5.986080000000007,5.9843893461456865,0.02824308820331689
30,24,3e-05,0.0,256,mse,781,42,874,999,20,30,5.986080000000007,5.984752013607853,0.022184574749328778
60,24,3e-05,0.1,64,mse,771,42,874,999,34,44,5.986080000000007,5.984778466761645,0.021742663618973257
60,32,0.001,0.0,64,mae,783,42,874,999,0,10,5.986080000000007,5.986080000000007,0.0
20,64,3e-05,0.001,32,mse,784,42,874,999,7,17,5.986080000000007,5.9845289972111875,0.025910158047004472
30,16,0.0003,0.0,32,mse,782,42,874,999,33,43,5.986080000000007,5.983229405374806,0.047620389724178924
30,64,0.003,0.1,256,mse,786,42,874,999,6,16,5.986080000000007,5.983270008369198,0.046942099517710556
10,64,0.0001,0.0,256,mae,787,42,874,999,0,10,5.986080000000007,5.986080000000007,0.0
10,4,3e-05,0.0,256,mae,790,42,874,999,0,10,5.986080000000007,5.986080000000007,0.0
30,8,0.0001,0.001,256,mse,788,42,874,999,20,30,5.986080000000007,5.9842548047448325,0.030490659249038377
60,64,0.003,0.1,64,mae,785,42,874,999,0,10,5.986080000000007,5.986080000000007,0.0
30,16,0.001,0.0,64,mse,789,42,874,999,0,10,5.986080000000007,5.986080000000007,0.0
30,8,0.003,0.0,256,mse,791,42,874,999,6,16,5.986080000000007,5.9828258776727195,0.054361490780074906
20,24,0.0001,0.01,256,mse,792,42,874,999,3,13,5.986080000000007,5.985363404636258,0.011971028849411258
20,4,0.0003,0.0,64,mse,794,42,874,999,1,11,5.986080000000007,5.985033989299454,0.017474051475308006
30,8,0.0003,0.01,64,mse,795,42,874,999,1,11,5.986080000000007,5.985633100868355,0.007465639143677816
10,16,0.0003,0.1,64,mae,796,42,874,999,0,10,5.986080000000007,5.986080000000007,0.0
5,16,0.0003,0.01,64,mae,799,42,874,999,0,10,5.986080000000007,5.986080000000007,0.0
60,32,0.001,0.001,256,mse,793,42,874,999,2,12,5.986080000000007,5.985620695904157,0.007672869320995979
30,4,0.0001,0.001,32,mae,797,42,874,999,0,10,5.986080000000007,5.986080000000007,0.0
10,24,3e-05,0.1,32,mae,798,42,874,999,0,10,5.986080000000007,5.986080000000007,0.0
20,32,3e-05,0.0,256,mae,801,42,874,999,0,10,5.986080000000007,5.986080000000007,0.0
20,8,0.001,0.1,32,mae,802,42,874,999,0,10,5.986080000000007,5.986080000000007,0.0
30,32,0.0001,0.0,256,mse,803,42,874,999,7,17,5.986080000000007,5.98449680632388,0.026447920444228057
10,64,3e-05,0.1,64,mse,800,42,874,999,10,20,5.986080000000007,5.984464142962255,0.026993575724887364
30,24,3e-05,0.01,32,mse,804,42,874,999,1,11,5.986080000000007,5.98586901015492,0.0035246746633466053
30,16,0.0001,0.1,256,mae,806,42,874,999,0,10,5.986080000000007,5.986080000000007,0.0
20,24,0.003,0.1,256,mae,808,42,874,999,0,10,5.986080000000007,5.986080000000007,0.0
20,64,3e-05,0.1,32,mae,807,42,874,999,0,10,5.986080000000007,5.986080000000007,0.0
10,24,3e-05,0.0,64,mse,810,42,874,999,15,25,5.986080000000007,5.9847574385263504,0.022093949189738726
5,8,0.003,0.01,64,mse,812,42,874,999,4,14,5.986080000000007,5.983614523645614,0.041186826009564914
60,8,0.0001,0.1,64,mse,809,42,874,999,27,37,5.986080000000007,5.984361282295202,0.02871190670363788
10,4,0.001,0.01,32,mae,813,42,874,999,0,10,5.986080000000007,5.986080000000007,0.0
10,16,0.0001,0.01,32,mse,811,42,874,999,12,22,5.986080000000007,5.983854364256395,0.037180187094265627
10,8,0.001,0.1,64,mse,815,42,874,999,2,12,5.986080000000007,5.984225281454704,0.030983858306321554
20,24,0.0001,0.1,256,mae,816,42,874,999,0,10,5.986080000000007,5.986080000000007,0.0
5,4,0.003,0.001,32,mse,814,42,874,999,4,14,5.986080000000007,5.983863947927563,0.03702008781113486
60,24,0.001,0.1,32,mse,805,42,874,999,20,30,5.986080000000007,5.982988089872932,0.05165166731944115
20,16,0.0003,0.1,64,mae,817,42,874,999,0,10,5.986080000000007,5.986080000000007,0.0
10,32,0.001,0.01,64,mse,821,42,874,999,1,11,5.986080000000007,5.9840946757156015,0.03316568245672613
30,16,3e-05,0.0,32,mae,819,42,874,999,0,10,5.986080000000007,5.986080000000007,0.0
20,32,0.001,0.01,64,mae,820,42,874,999,0,10,5.986080000000007,5.986080000000007,0.0
60,4,0.003,0.001,64,mse,818,42,874,999,10,20,5.986080000000007,5.984129559952511,0.032582926514446164
60,8,0.0003,0.1,64,mae,824,42,874,999,0,10,5.986080000000007,5.986080000000007,0.0
30,24,0.0003,0.1,64,mse,822,42,874,999,1,11,5.986080000000007,5.985167665174897,0.015240939397909159
20,16,0.001,0.01,256,mae,826,42,874,999,0,10,5.986080000000007,5.986080000000007,0.0
5,16,0.0001,0.001,64,mae,825,42,874,999,0,10,5.986080000000007,5.986080000000007,0.0
5,64,0.0003,0.001,64,mse,827,42,874,999,2,12,5.986080000000007,5.984248279283189,0.030599669847697353
5,4,0.003,0.1,32,mae,829,42,874,999,0,10,5.986080000000007,5.986080000000007,0.0
10,24,0.0003,0.01,32,mse,828,42,874,999,2,12,5.986080000000007,5.984203747403404,0.03134359374754592
60,16,0.0001,0.1,64,mse,823,42,874,999,18,28,5.986080000000007,5.984284833850946,0.029989010321629372
30,32,0.003,0.1,256,mse,832,42,874,999,7,17,5.986080000000007,5.9833265743898085,0.045997140201914366
30,32,0.001,0.01,64,mse,833,42,874,999,1,11,5.986080000000007,5.983959859178956,0.03541784976230922
10,24,0.001,0.001,256,mae,835,42,874,999,0,10,5.986080000000007,5.986080000000007,0.0
30,8,0.003,0.0,32,mae,834,42,874,999,0,10,5.986080000000007,5.986080000000007,0.0
5,24,0.0003,0.0,64,mse,837,42,874,999,3,13,5.986080000000007,5.984373584795488,0.028506388229343482
10,16,0.0001,0.01,64,mse,836,42,874,999,11,21,5.986080000000007,5.984064057032785,0.03367718051250357
5,24,0.003,0.1,64,mae,838,42,874,999,0,10,5.986080000000007,5.986080000000007,0.0
10,16,0.0003,0.0,64,mae,839,42,874,999,0,10,5.986080000000007,5.986080000000007,0.0
20,8,0.001,0.1,64,mse,840,42,874,999,1,11,5.986080000000007,5.984170770413828,0.031894488315886704
60,64,0.001,0.01,256,mse,831,42,874,999,1,11,5.986080000000007,5.985600610991552,0.008008396286973696
20,8,0.0003,0.001,32,mae,841,42,874,999,0,10,5.986080000000007,5.986080000000007,0.0
5,32,0.0001,0.001,32,mse,843,42,874,999,1,11,5.986080000000007,5.986028324890667,0.0008632545729470031
60,4,0.003,0.01,32,mae,842,42,874,999,0,10,5.986080000000007,5.986080000000007,0.0
20,8,0.0003,0.01,32,mae,846,42,874,999,0,10,5.986080000000007,5.986080000000007,0.0
30,8,0.001,0.1,32,mse,844,42,874,999,18,28,5.986080000000007,5.983171038095341,0.04859543983152248
60,24,3e-05,0.001,256,mae,847,42,874,999,0,10,5.986080000000007,5.986080000000007,0.0
60,32,0.0003,0.01,32,mae,845,42,874,999,0,10,5.986080000000007,5.986080000000007,0.0
20,8,0.0003,0.1,64,mae,850,42,874,999,0,10,5.986080000000007,5.986080000000007,0.0
60,64,0.001,0.01,32,mse,830,42,874,999,12,22,5.986080000000007,5.9832959164018815,0.04650929486619271
5,24,0.001,0.001,32,mae,849,42,874,999,0,10,5.986080000000007,5.986080000000007,0.0
10,64,0.0001,0.1,256,mse,848,42,874,999,9,19,5.986080000000007,5.983619005241421,0.04111195905478482
5,16,0.003,0.0,32,mae,851,42,874,999,0,10,5.986080000000007,5.986080000000007,0.0
30,16,0.003,0.01,64,mae,852,42,874,999,0,10,5.986080000000007,5.986080000000007,0.0
5,16,0.003,0.0,32,mse,853,42,874,999,0,10,5.986080000000007,5.986080000000007,0.0
5,64,3e-05,0.0,64,mae,857,42,874,999,0,10,5.986080000000007,5.986080000000007,0.0
30,16,0.001,0.01,32,mae,856,42,874,999,0,10,5.986080000000007,5.986080000000007,0.0
60,8,0.0003,0.0,64,mse,855,42,874,999,8,18,5.986080000000007,5.984325671863085,0.02930679404421488
20,4,0.0001,0.0,64,mse,860,42,874,999,3,13,5.986080000000007,5.984860653752366,0.02036969515344378
20,64,0.0001,0.01,256,mae,858,42,874,999,0,10,5.986080000000007,5.986080000000007,0.0
10,8,0.0003,0.001,256,mae,861,42,874,999,0,10,5.986080000000007,5.986080000000007,0.0
5,32,0.001,0.001,256,mse,862,42,874,999,10,20,5.986080000000007,5.983276236467247,0.04683805650376183
20,64,0.003,0.01,32,mae,859,42,874,999,0,10,5.986080000000007,5.986080000000007,0.0
20,16,3e-05,0.001,32,mse,863,42,874,999,0,10,5.986080000000007,5.986080000000007,0.0
30,24,0.0001,0.01,256,mse,864,42,874,999,7,17,5.986080000000007,5.98473695974968,0.022436055821639656
10,64,0.003,0.1,32,mae,866,42,874,999,0,10,5.986080000000007,5.986080000000007,0.0
10,32,0.0003,0.1,256,mae,868,42,874,999,0,10,5.986080000000007,5.986080000000007,0.0
60,32,0.0001,0.1,256,mae,867,42,874,999,0,10,5.986080000000007,5.986080000000007,0.0
30,64,0.0001,0.1,256,mse,865,42,874,999,5,15,5.986080000000007,5.9843896605865865,0.028237835334987693
5,24,0.0003,0.1,32,mse,870,42,874,999,1,11,5.986080000000007,5.984844522391764,0.020639176359871225
10,24,0.0003,0.0,64,mae,871,42,874,999,0,10,5.986080000000007,5.986080000000007,0.0
5,32,0.0003,0.1,256,mae,873,42,874,999,0,10,5.986080000000007,5.986080000000007,0.0
30,32,0.0001,0.1,256,mse,869,42,874,999,7,17,5.986080000000007,5.98449676701876,0.026448577052895494
60,16,0.001,0.0,64,mse,872,42,874,999,6,16,5.986080000000007,5.985251031318993,0.013848272676186824
30,32,0.003,0.01,256,mse,875,42,874,999,7,17,5.986080000000007,5.983363757026444,0.045375988519424926
60,4,3e-05,0.0,32,mse,854,42,874,999,60,60,5.986080000000007,5.983925742341109,0.03598778597845298
30,32,0.0003,0.001,32,mae,874,42,874,999,0,10,5.986080000000007,5.986080000000007,0.0
5,24,0.001,0.001,64,mse,876,42,874,999,2,12,5.986080000000007,5.984416540133201,0.027788801132067054
60,8,3e-05,0.1,256,mae,879,42,874,999,0,10,5.986080000000007,5.986080000000007,0.0
5,16,3e-05,0.1,64,mae,880,42,874,999,0,10,5.986080000000007,5.986080000000007,0.0
10,4,0.0003,0.001,256,mae,882,42,874,999,0,10,5.986080000000007,5.986080000000007,0.0
10,4,3e-05,0.1,256,mse,878,42,874,999,45,55,5.986080000000007,5.983870675878185,0.03690769454839371
30,24,3e-05,0.1,32,mse,877,42,874,999,1,11,5.986080000000007,5.985868459883337,0.003533867183047601
20,16,0.0003,0.01,32,mse,881,42,874,999,4,14,5.986080000000007,5.983986860978448,0.03496677327331499
10,24,0.0001,0.0,64,mae,884,42,874,999,0,10,5.986080000000007,5.986080000000007,0.0
10,8,0.001,0.0,64,mae,886,42,874,999,0,10,5.986080000000007,5.986080000000007,0.0
60,32,0.0001,0.01,256,mae,883,42,874,999,0,10,5.986080000000007,5.986080000000007,0.0
30,4,3e-05,0.01,32,mae,887,42,874,999,0,10,5.986080000000007,5.986080000000007,0.0
10,4,0.003,0.1,32,mse,889,42,874,999,4,14,5.986080000000007,5.982903369464762,0.053066957595704345
20,64,0.0001,0.01,256,mse,888,42,874,999,3,13,5.986080000000007,5.985105209350786,0.016284290374013466
60,8,0.003,0.001,64,mse,890,42,874,999,5,15,5.986080000000007,5.983882820345078,0.03670481608882836
30,64,0.0001,0.0,32,mse,885,42,874,999,1,11,5.986080000000007,5.985102521151673,0.016329197877973378
20,64,0.0003,0.0,256,mae,893,42,874,999,0,10,5.986080000000007,5.986080000000007,0.0
60,32,0.0003,0.1,64,mae,894,42,874,999,0,10,5.986080000000007,5.986080000000007,0.0
10,16,0.0003,0.0,64,mse,895,42,874,999,4,14,5.986080000000007,5.983984935840875,0.034998933511276586
20,24,3e-05,0.001,32,mse,891,42,874,999,13,23,5.986080000000007,5.984737314308626,0.022430132764361677
10,64,3e-05,0.001,256,mse,892,42,874,999,30,40,5.986080000000007,5.9838327071392925,0.037541978401811615
5,4,3e-05,0.1,32,mae,896,42,874,999,0,10,5.986080000000007,5.986080000000007,0.0
20,16,3e-05,0.001,256,mae,899,42,874,999,0,10,5.986080000000007,5.986080000000007,0.0
5,4,0.0003,0.0,64,mse,900,42,874,999,3,13,5.986080000000007,5.984243995838828,0.0306712265987108
30,32,0.0003,0.0,32,mae,897,42,874,999,0,10,5.986080000000007,5.986080000000007,0.0
30,64,0.0001,0.01,256,mae,898,42,874,999,0,10,5.986080000000007,5.986080000000007,0.0
60,4,0.0003,0.0,32,mae,901,42,874,999,0,10,5.986080000000007,5.986080000000007,0.0
30,24,0.001,0.01,64,mae,903,42,874,999,0,10,5.986080000000007,5.986080000000007,0.0
60,16,0.0001,0.0,32,mae,902,42,874,999,0,10,5.986080000000007,5.986080000000007,0.0
60,16,0.0001,0.0,256,mae,904,42,874,999,0,10,5.986080000000007,5.986080000000007,0.0
30,16,3e-05,0.0,64,mse,905,42,874,999,0,10,5.986080000000007,5.986080000000007,0.0
60,16,0.001,0.1,256,mae,906,42,874,999,0,10,5.986080000000007,5.986080000000007,0.0
20,16,0.001,0.001,256,mse,909,42,874,999,3,13,5.986080000000007,5.983476692542142,0.043489352929881875
5,8,3e-05,0.1,32,mse,908,42,874,999,0,10,5.986080000000007,5.986080000000007,0.0
60,4,0.0001,0.0,256,mse,907,42,874,999,4,14,5.986080000000007,5.985263216716876,0.01364471044709159
10,4,0.0001,0.01,256,mse,911,42,874,999,14,24,5.986080000000007,5.98376977884088,0.038593222261096294
30,8,0.0003,0.1,256,mae,912,42,874,999,0,10,5.986080000000007,5.986080000000007,0.0
20,64,0.001,0.01,256,mae,910,42,874,999,0,10,5.986080000000007,5.986080000000007,0.0
30,24,0.0003,0.001,256,mse,913,42,874,999,3,13,5.986080000000007,5.984492050405239,0.026527370078066603
20,4,3e-05,0.01,32,mae,914,42,874,999,0,10,5.986080000000007,5.986080000000007,0.0
30,16,0.001,0.1,64,mae,916,42,874,999,0,10,5.986080000000007,5.986080000000007,0.0
30,24,0.003,0.0,256,mae,917,42,874,999,3,13,5.986080000000007,5.985718825319198,0.0060335759095919705
5,8,0.003,0.0,64,mse,918,42,874,999,4,14,5.986080000000007,5.983615545578552,0.04116975418730906
30,4,0.0003,0.0,256,mae,921,42,874,999,0,10,5.986080000000007,5.986080000000007,0.0
5,4,0.003,0.0,32,mae,920,42,874,999,0,10,5.986080000000007,5.986080000000007,0.0
30,4,0.003,0.001,32,mse,919,42,874,999,4,14,5.986080000000007,5.983229838543979,0.04761315344981032
10,32,0.0001,0.001,32,mse,922,42,874,999,6,16,5.986080000000007,5.984212355223086,0.031199796476522046
60,32,0.0003,0.0,256,mae,923,42,874,999,0,10,5.986080000000007,5.986080000000007,0.0
5,16,0.0003,0.001,32,mse,915,42,874,999,34,44,5.986080000000007,5.983138099597951,0.0491456913715993
30,64,0.0001,0.0,256,mae,924,42,874,999,0,10,5.986080000000007,5.986080000000007,0.0
20,4,0.0001,0.001,32,mse,927,42,874,999,5,15,5.986080000000007,5.984540866542295,0.0257118758471786
30,64,0.003,0.001,256,mae,926,42,874,999,3,13,5.986080000000007,5.985908079436955,0.002872005770926389
60,32,0.003,0.01,32,mae,928,42,874,999,0,10,5.986080000000007,5.986080000000007,0.0
5,4,0.003,0.0,32,mse,930,42,874,999,4,14,5.986080000000007,5.983862925994614,0.03703715963357945
20,8,3e-05,0.01,32,mse,931,42,874,999,1,11,5.986080000000007,5.9860522505904195,0.00046356563206950696
5,24,0.003,0.001,256,mse,932,42,874,999,12,22,5.986080000000007,5.982988807665924,0.05163967628369903
5,16,0.001,0.001,32,mae,934,42,874,999,0,10,5.986080000000007,5.986080000000007,0.0
20,32,0.003,0.1,256,mse,933,42,874,999,6,16,5.986080000000007,5.984513920312293,0.026162024024312114
30,16,3e-05,0.001,256,mse,935,42,874,999,1,11,5.986080000000007,5.986058814544254,0.000353912005068846
60,24,0.001,0.01,32,mse,925,42,874,999,19,29,5.986080000000007,5.982970874233555,0.051939261861733144
60,24,0.0003,0.001,32,mse,929,42,874,999,12,22,5.986080000000007,5.983958129753994,0.035446740538280785
30,32,0.001,0.1,32,mae,936,42,874,999,0,10,5.986080000000007,5.986080000000007,0.0
60,24,0.0001,0.01,256,mse,937,42,874,999,2,12,5.986080000000007,5.985460685603206,0.010345909122522201
20,4,0.0003,0.001,32,mae,939,42,874,999,0,10,5.986080000000007,5.986080000000007,0.0
30,8,0.003,0.001,256,mse,940,42,874,999,6,16,5.986080000000007,5.982826034893167,0.05435886434596027
30,4,0.003,0.001,256,mse,941,42,874,999,2,12,5.986080000000007,5.982980610787614,0.05177660860519184
10,32,0.0001,0.1,64,mae,942,42,874,999,0,10,5.986080000000007,5.986080000000007,0.0
10,8,0.0003,0.01,256,mae,945,42,874,999,0,10,5.986080000000007,5.986080000000007,0.0
5,16,0.0001,0.001,64,mse,944,42,874,999,15,25,5.986080000000007,5.983994997949734,0.03483084172402062
30,32,0.0003,0.01,32,mse,943,42,874,999,1,11,5.986080000000007,5.984546998952821,0.02560943133380622
20,24,0.001,0.01,32,mse,946,42,874,999,4,14,5.986080000000007,5.984006395619473,0.034640438826982756
20,32,3e-05,0.1,32,mae,947,42,874,999,0,10,5.986080000000007,5.986080000000007,0.0
60,64,0.0003,0.01,256,mse,938,42,874,999,1,11,5.986080000000007,5.985590391662247,0.008179114508333196
10,64,0.001,0.0,256,mse,949,42,874,999,8,18,5.986080000000007,5.9833145077202134,0.04619871902470374
5,4,0.0001,0.001,32,mse,950,42,874,999,1,11,5.986080000000007,5.985645364063505,0.007260777278328412
30,64,0.001,0.1,64,mse,948,42,874,999,1,11,5.986080000000007,5.983770604248248,0.038579433481666925
10,24,0.001,0.1,64,mae,954,42,874,999,0,10,5.986080000000007,5.986080000000007,0.0
5,4,0.0003,0.1,32,mae,952,42,874,999,0,10,5.986080000000007,5.986080000000007,0.0
10,24,0.0001,0.0,32,mse,951,42,874,999,6,16,5.986080000000007,5.984350984355657,0.028883938142332255
30,32,0.003,0.0,256,mse,953,42,874,999,7,17,5.986080000000007,5.98336788406328,0.04530704462232249
20,32,0.001,0.0,256,mse,956,42,874,999,2,12,5.986080000000007,5.984269499706514,0.030245173694531946
5,24,0.003,0.01,64,mse,955,42,874,999,4,14,5.986080000000007,5.983660231154179,0.04042326273334673
30,8,0.003,0.1,64,mae,957,42,874,999,0,10,5.986080000000007,5.986080000000007,0.0
5,16,3e-05,0.01,64,mae,961,42,874,999,0,10,5.986080000000007,5.986080000000007,0.0
30,32,0.0003,0.0,256,mse,959,42,874,999,4,14,5.986080000000007,5.984161257763615,0.03205340116390065
30,8,3e-05,0.0,32,mse,958,42,874,999,1,11,5.986080000000007,5.986042620837803,0.0006244347253048232
30,24,0.0003,0.01,64,mse,963,42,874,999,1,11,5.986080000000007,5.985168962243624,0.015219271315836114
30,16,0.001,0.001,32,mse,960,42,874,999,15,25,5.986080000000007,5.983503559348999,0.04304053155000931
60,24,0.003,0.01,64,mae,965,42,874,999,0,10,5.986080000000007,5.986080000000007,0.0
20,32,3e-05,0.01,32,mse,962,42,874,999,15,25,5.986080000000007,5.984563035438809,0.025341535047951336
10,4,0.003,0.001,256,mae,968,42,874,999,0,10,5.986080000000007,5.986080000000007,0.0
60,8,0.0003,0.1,32,mse,964,42,874,999,16,26,5.986080000000007,5.983757004679257,0.038806620037667994
10,8,0.001,0.0,32,mse,966,42,874,999,3,13,5.986080000000007,5.983873426423148,0.036861745530614165
5,64,0.0003,0.1,256,mae,969,42,874,999,0,10,5.986080000000007,5.986080000000007,0.0
60,32,3e-05,0.001,32,mse,967,42,874,999,1,11,5.986080000000007,5.985825656615576,0.004248913887405781
60,24,0.001,0.1,64,mse,970,42,874,999,3,13,5.986080000000007,5.98402593107344,0.03431409080011383
20,8,3e-05,0.1,64,mae,973,42,874,999,0,10,5.986080000000007,5.986080000000007,0.0
60,24,3e-05,0.001,32,mae,972,42,874,999,0,10,5.986080000000007,5.986080000000007,0.0
5,32,0.0001,0.1,64,mae,974,42,874,999,0,10,5.986080000000007,5.986080000000007,0.0
5,4,0.0001,0.001,256,mae,977,42,874,999,0,10,5.986080000000007,5.986080000000007,0.0
20,16,0.0003,0.01,256,mse,975,42,874,999,6,16,5.986080000000007,5.984130246029689,0.03257146530482036
30,32,0.001,0.1,32,mse,971,42,874,999,13,23,5.986080000000007,5.983788757246905,0.03827617995587618
20,4,3e-05,0.001,256,mse,979,42,874,999,17,27,5.986080000000007,5.984995981255462,0.01810899193704918
5,4,3e-05,0.01,256,mae,980,42,874,999,0,10,5.986080000000007,5.986080000000007,0.0
30,32,0.0001,0.1,32,mae,976,42,874,999,0,10,5.986080000000007,5.986080000000007,0.0
10,8,0.0001,0.0,256,mse,981,42,874,999,1,11,5.986080000000007,5.985980007793232,0.0016704121357347113
10,64,0.0003,0.1,64,mae,983,42,874,999,0,10,5.986080000000007,5.986080000000007,0.0
20,64,0.0001,0.1,256,mae,982,42,874,999,0,10,5.986080000000007,5.986080000000007,0.0
60,8,0.0001,0.1,32,mae,984,42,874,999,0,10,5.986080000000007,5.986080000000007,0.0
30,64,3e-05,0.1,32,mse,978,42,874,999,1,11,5.986080000000007,5.985775896342859,0.005080180304117832
10,8,0.001,0.0,64,mse,987,42,874,999,2,12,5.986080000000007,5.984213018259525,0.03118872017217056
10,4,0.001,0.1,256,mse,988,42,874,999,3,13,5.986080000000007,5.983436628705438,0.044158636278990304
20,4,0.0001,0.01,256,mse,989,42,874,999,5,15,5.986080000000007,5.9850560394677155,0.017105694081798184
30,24,0.0001,0.1,32,mae,985,42,874,999,0,10,5.986080000000007,5.986080000000007,0.0
10,16,0.003,0.01,64,mae,991,42,874,999,0,10,5.986080000000007,5.986080000000007,0.0
20,4,3e-05,0.0,64,mse,990,42,874,999,11,21,5.986080000000007,5.984820758249998,0.021036166406218637
60,24,0.001,0.01,256,mse,992,42,874,999,0,10,5.986080000000007,5.986080000000007,0.0
20,8,0.0001,0.001,256,mae,994,42,874,999,0,10,5.986080000000007,5.986080000000007,0.0
20,32,0.0003,0.001,256,mse,993,42,874,999,2,12,5.986080000000007,5.985191248242542,0.014846974271409685
10,8,0.003,0.001,256,mae,997,42,874,999,0,10,5.986080000000007,5.986080000000007,0.0
10,4,3e-05,0.1,64,mae,995,42,874,999,0,10,5.986080000000007,5.986080000000007,0.0
30,4,3e-05,0.001,256,mae,998,42,874,999,0,10,5.986080000000007,5.986080000000007,0.0
5,64,0.0003,0.1,64,mse,1000,42,874,999,2,12,5.986080000000007,5.984245645840636,0.030643662620144507
10,32,0.001,0.1,256,mse,1001,42,874,999,7,17,5.986080000000007,5.9831947851597835,0.04819873506909378
10,64,3e-05,0.1,256,mse,996,42,874,999,30,40,5.986080000000007,5.9838330215802,0.037536725533371396
10,8,0.0001,0.001,32,mse,999,42,874,999,15,25,5.986080000000007,5.983982813364775,0.03503439037287892
20,16,0.0003,0.001,256,mae,1004,42,874,999,0,10,5.986080000000007,5.986080000000007,0.0
60,32,0.0001,0.0,256,mse,1002,42,874,999,2,12,5.986080000000007,5.985409274515749,0.011204753098170706
20,16,0.0001,0.0,32,mae,1005,42,874,999,0,10,5.986080000000007,5.986080000000007,0.0
30,64,0.0001,0.01,64,mae,1003,42,874,999,0,10,5.986080000000007,5.986080000000007,0.0
60,32,0.0003,0.001,32,mse,986,42,874,999,26,36,5.986080000000007,5.983382780701008,0.045058189984092945
30,32,0.0003,0.001,32,mse,1006,42,874,999,1,11,5.986080000000007,5.984547195478385,0.025606148291079656
30,16,0.0003,0.1,256,mse,1008,42,874,999,7,17,5.986080000000007,5.983910255313753,0.03624650332528789
5,24,0.0003,0.001,64,mae,1010,42,874,999,0,10,5.986080000000007,5.986080000000007,0.0
20,8,0.003,0.1,32,mae,1009,42,874,999,0,10,5.986080000000007,5.986080000000007,0.0
10,4,0.001,0.0,32,mse,1007,42,874,999,16,26,5.986080000000007,5.984194020337367,0.03150608850266412
20,8,0.001,0.1,64,mae,1013,42,874,999,0,10,5.986080000000007,5.986080000000007,0.0
5,64,0.001,0.0,64,mse,1012,42,874,999,2,12,5.986080000000007,5.983887257485283,0.03663069178367895
20,8,0.003,0.01,64,mae,1016,42,874,999,0,10,5.986080000000007,5.986080000000007,0.0
30,64,0.001,0.0,256,mae,1014,42,874,999,0,10,5.986080000000007,5.986080000000007,0.0
10,64,0.0003,0.1,32,mse,1015,42,874,999,1,11,5.986080000000007,5.984203354352281,0.03135015983292133
5,8,0.0003,0.01,64,mse,1019,42,874,999,7,17,5.986080000000007,5.984076438143295,0.03347034882114075
30,32,0.003,0.001,32,mae,1018,42,874,999,0,10,5.986080000000007,5.986080000000007,0.0
60,64,0.003,0.01,32,mae,1011,42,874,999,0,10,5.986080000000007,5.986080000000007,0.0
5,24,0.0001,0.1,256,mae,1021,42,874,999,0,10,5.986080000000007,5.986080000000007,0.0
10,64,0.001,0.001,256,mae,1022,42,874,999,0,10,5.986080000000007,5.986080000000007,0.0
10,32,0.0003,0.1,32,mse,1020,42,874,999,2,12,5.986080000000007,5.9841849826002615,0.03165706772622068
60,4,0.001,0.1,64,mae,1023,42,874,999,0,10,5.986080000000007,5.986080000000007,0.0
60,64,0.003,0.001,64,mae,1017,42,874,999,0,10,5.986080000000007,5.986080000000007,0.0
10,8,0.0003,0.1,64,mse,1025,42,874,999,5,15,5.986080000000007,5.984141802545754,0.03237840881267218
5,4,0.003,0.01,64,mae,1027,42,874,999,0,10,5.986080000000007,5.986080000000007,0.0
30,32,3e-05,0.1,64,mse,1024,42,874,999,1,11,5.986080000000007,5.985920774988361,0.0026599212113231907
5,16,0.0001,0.01,256,mae,1029,42,874,999,0,10,5.986080000000007,5.986080000000007,0.0
5,16,3e-05,0.001,256,mae,1031,42,874,999,0,10,5.986080000000007,5.986080000000007,0.0
30,4,0.001,0.001,256,mae,1030,42,874,999,0,10,5.986080000000007,5.986080000000007,0.0
10,4,0.0003,0.1,32,mae,1028,42,874,999,0,10,5.986080000000007,5.986080000000007,0.0
5,32,0.003,0.1,256,mse,1034,42,874,999,11,21,5.986080000000007,5.983197496399638,0.04815344265979293
30,64,0.0001,0.0,64,mae,1026,42,874,999,0,10,5.986080000000007,5.986080000000007,0.0
5,64,0.0001,0.1,256,mse,1036,42,874,999,14,24,5.986080000000007,5.983478921819662,0.043452111905373236
10,64,0.003,0.001,32,mae,1035,42,874,999,0,10,5.986080000000007,5.986080000000007,0.0
5,32,0.0003,0.0,256,mse,1037,42,874,999,17,27,5.986080000000007,5.983398581356318,0.04479423334953214
60,16,0.001,0.001,32,mse,1033,42,874,999,12,22,5.986080000000007,5.982885582138946,0.053364102401920466
30,8,0.001,0.001,32,mae,1039,42,874,999,0,10,5.986080000000007,5.986080000000007,0.0
60,16,0.003,0.1,32,mae,1038,42,874,999,0,10,5.986080000000007,5.986080000000007,0.0
10,24,0.0001,0.1,256,mse,1040,42,874,999,14,24,5.986080000000007,5.983889267196512,0.03659711870699356
20,16,3e-05,0.01,256,mae,1041,42,874,999,0,10,5.986080000000007,5.986080000000007,0.0
60,8,0.0001,0.0,32,mae,1042,42,874,999,0,10,5.986080000000007,5.986080000000007,0.0
60,24,0.001,0.0,32,mse,1032,42,874,999,19,29,5.986080000000007,5.982964192364405,0.05205088531395896
30,32,3e-05,0.001,64,mse,1044,42,874,999,1,11,5.986080000000007,5.985920696378138,0.0026612344283583056
20,24,0.001,0.001,32,mse,1043,42,874,999,4,14,5.986080000000007,5.984006474229707,0.0346391256097589
30,8,0.0003,0.0,64,mse,1045,42,874,999,1,11,5.986080000000007,5.985633611834819,0.0074571032326331554
20,8,0.0003,0.01,64,mse,1047,42,874,999,3,13,5.986080000000007,5.984398723803253,0.028086430464580037
5,32,0.0001,0.0,64,mae,1049,42,874,999,0,10,5.986080000000007,5.986080000000007,0.0
30,24,0.001,0.01,256,mae,1048,42,874,999,0,10,5.986080000000007,5.986080000000007,0.0
10,8,0.001,0.1,256,mae,1050,42,874,999,0,10,5.986080000000007,5.986080000000007,0.0
5,64,0.003,0.01,32,mae,1046,42,874,999,0,10,5.986080000000007,5.986080000000007,0.0
5,24,0.0003,0.1,256,mae,1054,42,874,999,0,10,5.986080000000007,5.986080000000007,0.0
5,16,3e-05,0.0,32,mae,1053,42,874,999,0,10,5.986080000000007,5.986080000000007,0.0
5,24,0.0001,0.01,64,mse,1055,42,874,999,9,19,5.986080000000007,5.984466461963914,0.026954835820669487
20,4,0.003,0.01,32,mse,1052,42,874,999,4,14,5.986080000000007,5.983257233394609,0.04715551087520753
10,4,0.0001,0.01,64,mae,1056,42,874,999,0,10,5.986080000000007,5.986080000000007,0.0
10,8,0.0001,0.1,64,mae,1059,42,874,999,0,10,5.986080000000007,5.986080000000007,0.0
30,64,0.001,0.001,32,mae,1051,42,874,999,0,10,5.986080000000007,5.986080000000007,0.0
60,8,0.003,0.0,32,mae,1058,42,874,999,0,10,5.986080000000007,5.986080000000007,0.0
5,24,0.0003,0.0,256,mse,1062,42,874,999,8,18,5.986080000000007,5.983378547675675,0.045128904463898056
20,16,0.001,0.001,64,mae,1061,42,874,999,0,10,5.986080000000007,5.986080000000007,0.0
30,32,0.0003,0.1,64,mae,1060,42,874,999,0,10,5.986080000000007,5.986080000000007,0.0
5,8,3e-05,0.0,32,mse,1064,42,874,999,0,10,5.986080000000007,5.986080000000007,0.0
20,32,0.003,0.001,256,mse,1065,42,874,999,6,16,5.986080000000007,5.984551417389823,0.025535619473582294
10,64,0.0001,0.0,32,mse,1063,42,874,999,3,13,5.986080000000007,5.984149427737611,0.032251026755347745
10,16,0.0001,0.01,32,mae,1066,42,874,999,0,10,5.986080000000007,5.986080000000007,0.0
5,8,0.0001,0.0,256,mse,1069,42,874,999,1,11,5.986080000000007,5.985955284877331,0.0020834189098040135
60,64,3e-05,0.001,256,mae,1057,42,874,999,0,10,5.986080000000007,5.986080000000007,0.0
20,4,0.0001,0.0,64,mae,1068,42,874,999,0,10,5.986080000000007,5.986080000000007,0.0
30,24,0.001,0.001,256,mse,1070,42,874,999,7,17,5.986080000000007,5.98462698404428,0.024273246527395376
30,24,0.0001,0.01,32,mae,1072,42,874,999,0,10,5.986080000000007,5.986080000000007,0.0
30,16,0.001,0.01,32,mse,1067,42,874,999,15,25,5.986080000000007,5.9835052887739515,0.04301164077419317
10,64,0.0003,0.001,32,mse,1071,42,874,999,1,11,5.986080000000007,5.98420201797844,0.03137248452355079
5,16,0.0001,0.1,256,mse,1074,42,874,999,1,11,5.986080000000007,5.986002883368838,0.001288265963195201
5,32,0.003,0.1,64,mae,1075,42,874,999,0,10,5.986080000000007,5.986080000000007,0.0
10,16,0.0003,0.01,32,mse,1078,42,874,999,5,15,5.986080000000007,5.983749301690092,0.03893530173194604
30,8,0.001,0.01,256,mae,1079,42,874,999,0,10,5.986080000000007,5.986080000000007,0.0
60,32,3e-05,0.1,256,mse,1076,42,874,999,6,16,5.986080000000007,5.98535424735794,0.012124005059521714
10,8,3e-05,0.01,32,mse,1080,42,874,999,0,10,5.986080000000007,5.986080000000007,0.0
20,32,0.0001,0.001,256,mse,1082,42,874,999,4,14,5.986080000000007,5.985098999955906,0.01638802094360292
5,16,0.0003,0.01,32,mse,1077,42,874,999,34,44,5.986080000000007,5.983137943190437,0.04914830422531047
60,4,0.003,0.0,64,mae,1084,42,874,999,0,10,5.986080000000007,5.986080000000007,0.0
30,32,3e-05,0.001,32,mse,1083,42,874,999,1,11,5.986080000000007,5.985901279652459,0.002985599048943577
60,24,3e-05,0.001,64,mse,1073,42,874,999,34,44,5.986080000000007,5.984778388151431,0.021743976835864043
10,16,0.0003,0.001,64,mse,1085,42,874,999,4,14,5.986080000000007,5.98398497514598,0.0349982769028645
30,8,0.001,0.1,64,mae,1087,42,874,999,0,10,5.986080000000007,5.986080000000007,0.0
10,16,3e-05,0.1,32,mse,1088,42,874,999,0,10,5.986080000000007,5.986080000000007,0.0
20,64,0.0003,0.001,256,mae,1086,42,874,999,0,10,5.986080000000007,5.986080000000007,0.0
20,4,0.0003,0.001,256,mse,1090,42,874,999,2,12,5.986080000000007,5.985265220464673,0.01361123699206157
10,8,0.0003,0.01,256,mse,1092,42,874,999,11,21,5.986080000000007,5.98368043913261,0.04008567990065881
20,64,0.001,0.01,256,mse,1089,42,874,999,2,12,5.986080000000007,5.9842429337878436,0.030688968609904332
5,8,3e-05,0.1,64,mae,1093,42,874,999,0,10,5.986080000000007,5.986080000000007,0.0
10,8,0.0001,0.1,256,mae,1094,42,874,999,0,10,5.986080000000007,5.986080000000007,0.0
5,64,0.003,0.01,32,mse,1091,42,874,999,4,14,5.986080000000007,5.986076023407268,6.643066480238602e-05
60,24,0.0001,0.01,32,mse,1081,42,874,999,23,33,5.986080000000007,5.984131936962458,0.03254321755721268
5,24,0.0001,0.0,32,mse,1095,42,874,999,1,11,5.986080000000007,5.985623274590156,0.00762979127995056
20,64,0.001,0.1,256,mae,1098,42,874,999,0,10,5.986080000000007,5.986080000000007,0.0
30,4,0.0003,0.0,64,mse,1099,42,874,999,1,11,5.986080000000007,5.985030098093313,0.017539055720838803
60,24,0.0001,0.01,32,mae,1096,42,874,999,0,10,5.986080000000007,5.986080000000007,0.0
30,32,0.003,0.1,256,mae,1102,42,874,999,0,10,5.986080000000007,5.986080000000007,0.0
10,64,0.0001,0.0,64,mae,1100,42,874,999,0,10,5.986080000000007,5.986080000000007,0.0
5,4,3e-05,0.01,256,mse,1101,42,874,999,60,60,5.986080000000007,5.98354145625401,0.04240744771197846
30,4,0.003,0.0,256,mae,1103,42,874,999,0,10,5.986080000000007,5.986080000000007,0.0
20,4,0.0003,0.0,32,mse,1104,42,874,999,2,12,5.986080000000007,5.98457022746149,0.02522138926505102
20,24,0.0003,0.1,64,mse,1106,42,874,999,2,12,5.986080000000007,5.98515453726725,0.015460246651521903
5,16,3e-05,0.0,256,mse,1107,42,874,999,1,11,5.986080000000007,5.98605331182846,0.00044583720143487326
20,4,0.001,0.01,64,mae,1108,42,874,999,0,10,5.986080000000007,5.986080000000007,0.0
20,4,0.001,0.0,64,mae,1109,42,874,999,0,10,5.986080000000007,5.986080000000007,0.0
5,32,3e-05,0.0,256,mse,1110,42,874,999,1,11,5.986080000000007,5.985961613000474,0.001977704934341684
5,24,0.003,0.01,32,mae,1111,42,874,999,0,10,5.986080000000007,5.986080000000007,0.0
10,64,3e-05,0.01,32,mse,1105,42,874,999,12,22,5.986080000000007,5.984210429272567,0.031231970295098055
5,32,0.003,0.1,64,mse,1113,42,874,999,4,14,5.986080000000007,5.983951997343471,0.03554918505158655
60,4,0.001,0.001,32,mse,1112,42,874,999,2,12,5.986080000000007,5.983318045993279,0.04613961067557737
5,32,0.003,0.01,32,mse,1115,42,874,999,0,10,5.986080000000007,5.986080000000007,0.0
20,32,0.001,0.0,64,mae,1116,42,874,999,0,10,5.986080000000007,5.986080000000007,0.0
10,16,0.0001,0.0,64,mae,1118,42,874,999,0,10,5.986080000000007,5.986080000000007,0.0
30,8,0.0001,0.1,256,mse,1117,42,874,999,20,30,5.986080000000007,5.984255158490856,0.030484749771997333
60,32,3e-05,0.01,64,mse,1097,42,874,999,37,47,5.986080000000007,5.984628557061731,0.02424696860510167
5,8,0.001,0.01,32,mse,1114,42,874,999,19,29,5.986080000000007,5.983459616232967,0.043774619902181566
20,4,0.001,0.1,64,mse,1119,42,874,999,1,11,5.986080000000007,5.98566609330935,0.006914486452869184
5,8,0.001,0.1,32,mae,1120,42,874,999,0,10,5.986080000000007,5.986080000000007,0.0
20,64,0.0001,0.1,256,mse,1121,42,874,999,3,13,5.986080000000007,5.98510544518146,0.0162803507228082
20,16,0.0003,0.1,256,mse,1125,42,874,999,6,16,5.986080000000007,5.984128831045616,0.032595103212640364
60,24,0.0001,0.1,32,mae,1123,42,874,999,0,10,5.986080000000007,5.986080000000007,0.0
20,4,0.0003,0.01,256,mae,1126,42,874,999,0,10,5.986080000000007,5.986080000000007,0.0
30,64,0.001,0.0,256,mse,1124,42,874,999,1,11,5.986080000000007,5.984231952209968,0.030872420516248056
10,4,0.003,0.1,64,mae,1127,42,874,999,0,10,5.986080000000007,5.986080000000007,0.0
30,8,3e-05,0.1,256,mse,1130,42,874,999,1,11,5.986080000000007,5.9860406555821735,0.0006572651523817363
20,8,0.0003,0.001,256,mae,1131,42,874,999,0,10,5.986080000000007,5.986080000000007,0.0
20,64,0.003,0.0,32,mse,1122,42,874,999,7,17,5.986080000000007,5.9847615425224525,0.022025390197843997
60,8,3e-05,0.0,32,mse,1129,42,874,999,1,11,5.986080000000007,5.9859872792390885,0.0015489395550849494
60,32,0.0003,0.0,256,mse,1128,42,874,999,1,11,5.986080000000007,5.985577892636394,0.008387916025398567
10,4,0.003,0.0,256,mse,1135,42,874,999,7,17,5.986080000000007,5.983512048440399,0.04289871768515807
5,32,0.001,0.0,32,mae,1132,42,874,999,0,10,5.986080000000007,5.986080000000007,0.0
10,8,3e-05,0.001,32,mse,1134,42,874,999,0,10,5.986080000000007,5.986080000000007,0.0
5,8,0.0003,0.01,32,mse,1136,42,874,999,0,10,5.986080000000007,5.986080000000007,0.0
30,64,0.003,0.01,256,mae,1133,42,874,999,3,13,5.986080000000007,5.985906389317102,0.0029002399384081556
20,8,3e-05,0.0,64,mae,1139,42,874,999,0,10,5.986080000000007,5.986080000000007,0.0
60,4,3e-05,0.0,256,mse,1138,42,874,999,14,24,5.986080000000007,5.985220452754229,0.014359100542904457
30,64,0.0003,0.1,64,mae,1137,42,874,999,0,10,5.986080000000007,5.986080000000007,0.0
30,8,0.001,0.01,64,mse,1141,42,874,999,1,11,5.986080000000007,5.985158463440979,0.015394658257628091
5,8,3e-05,0.001,256,mse,1142,42,874,999,1,11,5.986080000000007,5.986040812802629,0.0006546387181338709
5,16,0.003,0.1,64,mae,1145,42,874,999,0,10,5.986080000000007,5.986080000000007,0.0
20,64,0.001,0.001,256,mse,1140,42,874,999,2,12,5.986080000000007,5.984243169618523,0.030685028958588045
10,8,0.0001,0.0,256,mae,1146,42,874,999,0,10,5.986080000000007,5.986080000000007,0.0
5,8,0.0003,0.01,32,mae,1143,42,874,999,0,10,5.986080000000007,5.986080000000007,0.0
5,16,0.003,0.0,256,mse,1147,42,874,999,5,15,5.986080000000007,5.9828152934835,0.05453830414072769
30,8,0.0003,0.01,32,mse,1144,42,874,999,1,11,5.986080000000007,5.985997902733429,0.0013714695857536263
30,24,0.0001,0.0,256,mse,1151,42,874,999,7,17,5.986080000000007,5.98473688113945,0.022437369038785793
5,4,0.001,0.0,32,mse,1150,42,874,999,7,17,5.986080000000007,5.983183733646767,0.04838335527157511
10,4,0.001,0.01,256,mse,1152,42,874,999,3,13,5.986080000000007,5.98344366432061,0.04404110334972344
10,24,0.003,0.1,64,mse,1149,42,874,999,23,33,5.986080000000007,5.983657073192458,0.04047601782048993
10,24,0.001,0.0,256,mae,1155,42,874,999,0,10,5.986080000000007,5.986080000000007,0.0
60,24,0.003,0.01,64,mse,1148,42,874,999,7,17,5.986080000000007,5.984185076661921,0.03165549638638465
20,8,0.001,0.001,256,mse,1157,42,874,999,3,13,5.986080000000007,5.984283963987988,0.03000354175052289
10,4,0.003,0.0,32,mse,1154,42,874,999,4,14,5.986080000000007,5.982923454377369,0.05273143062970442
30,16,0.003,0.001,32,mse,1153,42,874,999,2,12,5.986080000000007,5.985036016900949,0.01744017953415611
5,8,0.0001,0.01,256,mse,1159,42,874,999,1,11,5.986080000000007,5.985955363487555,0.002082105692746694
5,4,3e-05,0.1,64,mae,1161,42,874,999,0,10,5.986080000000007,5.986080000000007,0.0
30,8,0.0001,0.0,32,mse,1158,42,874,999,1,11,5.986080000000007,5.985999003276582,0.0013530845465736796
5,8,0.0001,0.01,32,mae,1160,42,874,999,0,10,5.986080000000007,5.986080000000007,0.0
10,64,0.003,0.0,32,mae,1156,42,874,999,0,10,5.986080000000007,5.986080000000007,0.0
60,8,0.003,0.0,256,mae,1163,42,874,999,0,10,5.986080000000007,5.986080000000007,0.0
20,24,3e-05,0.0,256,mae,1165,42,874,999,0,10,5.986080000000007,5.986080000000007,0.0
5,4,3e-05,0.0,256,mae,1167,42,874,999,0,10,5.986080000000007,5.986080000000007,0.0
10,8,0.001,0.001,32,mse,1162,42,874,999,3,13,5.986080000000007,5.983873426423144,0.03686174553069188
20,16,0.0003,0.0,32,mse,1164,42,874,999,4,14,5.986080000000007,5.98398764708072,0.03495364110215338
10,4,0.0001,0.0,64,mse,1168,42,874,999,6,16,5.986080000000007,5.984500658224912,0.02638357280717596
10,24,0.0001,0.001,32,mae,1170,42,874,999,0,10,5.986080000000007,5.986080000000007,0.0
60,4,0.003,0.0,64,mse,1169,42,874,999,10,20,5.986080000000007,5.984130581885429,0.03256585469252338
5,32,0.003,0.01,64,mae,1172,42,874,999,0,10,5.986080000000007,5.986080000000007,0.0
10,64,3e-05,0.0,256,mse,1166,42,874,999,30,40,5.986080000000007,5.9838329429699675,0.03753803875056194
10,4,0.0001,0.001,256,mse,1173,42,874,999,14,24,5.986080000000007,5.98376934648464,0.03860044495509474
20,16,0.0001,0.1,64,mae,1176,42,874,999,0,10,5.986080000000007,5.986080000000007,0.0
5,4,0.003,0.1,32,mse,1174,42,874,999,4,14,5.986080000000007,5.983955450229979,0.03549150312104343
20,4,0.0003,0.0,64,mae,1177,42,874,999,0,10,5.986080000000007,5.986080000000007,0.0
20,64,0.0003,0.1,64,mse,1175,42,874,999,2,12,5.986080000000007,5.985405068055758,0.011275023792700622
30,16,3e-05,0.1,64,mae,1179,42,874,999,0,10,5.986080000000007,5.986080000000007,0.0
60,64,0.0003,0.1,256,mae,1171,42,874,999,0,10,5.986080000000007,5.986080000000007,0.0
20,8,0.0003,0.001,64,mae,1180,42,874,999,0,10,5.986080000000007,5.986080000000007,0.0
60,4,0.001,0.0,32,mse,1178,42,874,999,2,12,5.986080000000007,5.983318203213754,0.04613698424099644
30,8,3e-05,0.1,64,mse,1181,42,874,999,1,11,5.986080000000007,5.9860338557976664,0.0007708584305765598
30,32,0.0003,0.1,256,mae,1182,42,874,999,0,10,5.986080000000007,5.986080000000007,0.0
20,8,0.001,0.0,256,mse,1185,42,874,999,3,13,5.986080000000007,5.9842836888522,0.030008138010306773
20,16,0.0003,0.01,64,mae,1184,42,874,999,0,10,5.986080000000007,5.986080000000007,0.0
5,64,0.003,0.0,64,mae,1188,42,874,999,0,10,5.986080000000007,5.986080000000007,0.0
30,24,0.003,0.001,64,mse,1186,42,874,999,3,13,5.986080000000007,5.985539133457713,0.009035404510038259
20,24,3e-05,0.01,32,mae,1187,42,874,999,0,10,5.986080000000007,5.986080000000007,0.0
30,8,0.003,0.0,64,mae,1190,42,874,999,0,10,5.986080000000007,5.986080000000007,0.0
20,16,0.003,0.01,64,mse,1191,42,874,999,8,18,5.986080000000007,5.983130502597296,0.04927260248294152
60,64,0.0001,0.01,64,mae,1183,42,874,999,0,10,5.986080000000007,5.986080000000007,0.0
10,24,0.001,0.001,64,mse,1193,42,874,999,2,12,5.986080000000007,5.984060400844355,0.03373825868768776
60,16,0.003,0.01,256,mae,1194,42,874,999,0,10,5.986080000000007,5.986080000000007,0.0
30,64,0.0001,0.001,32,mae,1189,42,874,999,0,10,5.986080000000007,5.986080000000007,0.0
30,32,0.001,0.1,256,mae,1196,42,874,999,0,10,5.986080000000007,5.986080000000007,0.0
30,8,0.0003,0.01,256,mae,1198,42,874,999,0,10,5.986080000000007,5.986080000000007,0.0
10,4,0.003,0.01,32,mae,1197,42,874,999,0,10,5.986080000000007,5.986080000000007,0.0
20,4,0.0003,0.001,256,mae,1200,42,874,999,0,10,5.986080000000007,5.986080000000007,0.0
30,8,0.001,0.001,64,mse,1199,42,874,999,1,11,5.986080000000007,5.985157638033617,0.015408447036968642
20,64,3e-05,0.0,32,mse,1192,42,874,999,7,17,5.986080000000007,5.9845292330418705,0.025906218395621572
20,8,0.0003,0.001,256,mse,1202,42,874,999,6,16,5.986080000000007,5.984481831075931,0.02669808829945941
30,8,0.003,0.001,64,mse,1201,42,874,999,0,10,5.986080000000007,5.986080000000007,0.0
30,8,0.003,0.01,256,mse,1204,42,874,999,6,16,5.986080000000007,5.982826899605656,0.054344418957841256
20,32,0.001,0.1,64,mse,1203,42,874,999,1,11,5.986080000000007,5.983446259270988,0.04399775360536262
10,24,0.0001,0.1,32,mae,1205,42,874,999,0,10,5.986080000000007,5.986080000000007,0.0
5,64,0.003,0.1,64,mae,1206,42,874,999,0,10,5.986080000000007,5.986080000000007,0.0
10,8,0.003,0.001,64,mse,1209,42,874,999,4,14,5.986080000000007,5.984750677234022,0.022206899439791705
60,24,0.0003,0.01,64,mse,1207,42,874,999,4,14,5.986080000000007,5.984790218177422,0.021546351244638995
20,16,0.0003,0.0,32,mae,1210,42,874,999,0,10,5.986080000000007,5.986080000000007,0.0
10,8,0.001,0.1,32,mae,1211,42,874,999,0,10,5.986080000000007,5.986080000000007,0.0
60,32,3e-05,0.01,32,mse,1208,42,874,999,1,11,5.986080000000007,5.9858255387002375,0.00425088371304172
60,4,3e-05,0.0,256,mae,1212,42,874,999,0,10,5.986080000000007,5.986080000000007,0.0
20,64,0.0003,0.1,256,mae,1214,42,874,999,0,10,5.986080000000007,5.986080000000007,0.0
20,64,0.001,0.0,32,mae,1213,42,874,999,0,10,5.986080000000007,5.986080000000007,0.0
5,8,0.003,0.01,32,mae,1216,42,874,999,0,10,5.986080000000007,5.986080000000007,0.0
60,8,0.001,0.01,64,mae,1217,42,874,999,0,10,5.986080000000007,5.986080000000007,0.0
5,4,3e-05,0.001,256,mse,1218,42,874,999,60,60,5.986080000000007,5.983541770694923,0.042402194843449426
10,4,0.0003,0.0,64,mae,1219,42,874,999,0,10,5.986080000000007,5.986080000000007,0.0
5,32,0.001,0.01,64,mae,1220,42,874,999,0,10,5.986080000000007,5.986080000000007,0.0
60,64,0.0001,0.0,32,mae,1215,42,874,999,0,10,5.986080000000007,5.986080000000007,0.0
60,24,0.003,0.1,256,mse,1221,42,874,999,2,12,5.986080000000007,5.985744507009246,0.00560455240761204
20,32,0.0001,0.1,32,mae,1223,42,874,999,0,10,5.986080000000007,5.986080000000007,0.0
20,8,0.001,0.001,64,mae,1225,42,874,999,0,10,5.986080000000007,5.986080000000007,0.0
5,8,0.001,0.001,32,mse,1222,42,874,999,19,29,5.986080000000007,5.983463428828902,0.04371092887341943
10,32,3e-05,0.1,256,mse,1226,42,874,999,1,11,5.986080000000007,5.98597674546887,0.001724910644995692
10,4,0.003,0.0,64,mae,1227,42,874,999,0,10,5.986080000000007,5.986080000000007,0.0
10,4,0.001,0.01,32,mse,1224,42,874,999,16,26,5.986080000000007,5.984188556926698,0.03159735709027389
60,64,3e-05,0.001,32,mse,1195,42,874,999,24,34,5.986080000000007,5.984173875517739,0.031842616240806976
10,8,3e-05,0.01,256,mae,1231,42,874,999,0,10,5.986080000000007,5.986080000000007,0.0
5,64,0.0003,0.1,32,mse,1228,42,874,999,1,11,5.986080000000007,5.984036252053709,0.03414167445637828
30,4,0.0003,0.0,64,mae,1230,42,874,999,0,10,5.986080000000007,5.986080000000007,0.0
5,32,0.0001,0.0,256,mae,1233,42,874,999,0,10,5.986080000000007,5.986080000000007,0.0
30,32,0.0001,0.0,64,mae,1229,42,874,999,0,10,5.986080000000007,5.986080000000007,0.0
5,64,3e-05,0.01,64,mae,1232,42,874,999,0,10,5.986080000000007,5.986080000000007,0.0
60,24,0.0001,0.0,64,mae,1234,42,874,999,0,10,5.986080000000007,5.986080000000007,0.0
20,16,3e-05,0.0,64,mse,1235,42,874,999,21,31,5.986080000000007,5.984343398468903,0.029010663591266805
20,16,0.0001,0.01,32,mse,1236,42,874,999,9,19,5.986080000000007,5.984120617089988,0.032732320817951965
10,64,0.0003,0.01,32,mae,1238,42,874,999,0,10,5.986080000000007,5.986080000000007,0.0
10,8,0.001,0.0,256,mae,1241,42,874,999,0,10,5.986080000000007,5.986080000000007,0.0
60,64,0.001,0.01,64,mae,1237,42,874,999,0,10,5.986080000000007,5.986080000000007,0.0
20,32,0.0001,0.0,64,mae,1242,42,874,999,0,10,5.986080000000007,5.986080000000007,0.0
5,24,3e-05,0.1,256,mae,1244,42,874,999,0,10,5.986080000000007,5.986080000000007,0.0
5,24,3e-05,0.1,64,mse,1240,42,874,999,31,41,5.986080000000007,5.984486546876519,0.02661930885469177
20,32,0.003,0.1,256,mae,1243,42,874,999,0,10,5.986080000000007,5.986080000000007,0.0
60,4,0.0003,0.1,32,mse,1239,42,874,999,7,17,5.986080000000007,5.983784754901768,0.038343040825372654
30,8,0.003,0.1,256,mse,1246,42,874,999,6,16,5.986080000000007,5.982833660085049,0.05423148228821395
10,16,0.0003,0.01,256,mae,1249,42,874,999,0,10,5.986080000000007,5.986080000000007,0.0
30,24,0.0003,0.0,256,mse,1248,42,874,999,3,13,5.986080000000007,5.984492168320574,0.026525400252475073
5,4,0.0003,0.0,64,mae,1251,42,874,999,0,10,5.986080000000007,5.986080000000007,0.0
5,24,0.0001,0.0,32,mae,1250,42,874,999,0,10,5.986080000000007,5.986080000000007,0.0
10,4,0.003,0.01,64,mse,1252,42,874,999,1,11,5.986080000000007,5.984349057592202,0.02891612554134504
5,24,3e-05,0.001,64,mse,1247,42,874,999,30,40,5.986080000000007,5.984487648232607,0.02660091023508615
5,64,0.0001,0.01,32,mae,1253,42,874,999,0,10,5.986080000000007,5.986080000000007,0.0
20,4,0.0001,0.01,64,mse,1254,42,874,999,3,13,5.986080000000007,5.9848610861086105,0.020362472459389824
20,8,0.003,0.001,32,mae,1255,42,874,999,0,10,5.986080000000007,5.986080000000007,0.0
10,16,0.001,0.0,32,mae,1257,42,874,999,0,10,5.986080000000007,5.986080000000007,0.0
5,16,0.0003,0.1,32,mae,1258,42,874,999,0,10,5.986080000000007,5.986080000000007,0.0
10,64,0.003,0.01,256,mse,1256,42,874,999,10,20,5.986080000000007,5.983548798720805,0.04228478869647834
5,64,3e-05,0.001,256,mae,1261,42,874,999,0,10,5.986080000000007,5.986080000000007,0.0
30,8,0.001,0.01,32,mae,1259,42,874,999,0,10,5.986080000000007,5.986080000000007,0.0
5,8,0.001,0.1,64,mae,1263,42,874,999,0,10,5.986080000000007,5.986080000000007,0.0
10,24,0.001,0.001,32,mse,1260,42,874,999,4,14,5.986080000000007,5.983770682858478,0.03857812026449858
20,24,0.003,0.0,32,mae,1262,42,874,999,0,10,5.986080000000007,5.986080000000007,0.0
30,8,0.0001,0.0,64,mae,1266,42,874,999,0,10,5.986080000000007,5.986080000000007,0.0
5,32,0.0003,0.001,32,mse,1264,42,874,999,1,11,5.986080000000007,5.985440831370788,0.010677582478346714
20,8,0.003,0.0,32,mse,1265,42,874,999,10,20,5.986080000000007,5.984245246826084,0.03065032832711978
30,24,0.003,0.001,32,mse,1269,42,874,999,0,10,5.986080000000007,5.986080000000007,0.0
5,32,0.001,0.001,32,mse,1267,42,874,999,14,24,5.986080000000007,5.983561219949352,0.04207728681633327
10,64,3e-05,0.01,256,mse,1268,42,874,999,30,40,5.986080000000007,5.983832589223957,0.03754394822739204
30,4,0.0003,0.1,256,mse,1270,42,874,999,2,12,5.986080000000007,5.985038980235849,0.017390675770423414
10,16,0.001,0.0,64,mse,1271,42,874,999,2,12,5.986080000000007,5.98367882762298,0.04011260085109436
10,64,0.001,0.001,64,mae,1272,42,874,999,0,10,5.986080000000007,5.986080000000007,0.0
5,8,0.0001,0.01,32,mse,1274,42,874,999,0,10,5.986080000000007,5.986080000000007,0.0
20,32,3e-05,0.0,64,mae,1276,42,874,999,0,10,5.986080000000007,5.986080000000007,0.0
60,16,0.0001,0.001,256,mse,1275,42,874,999,9,19,5.986080000000007,5.984966501607985,0.0186014619253716
5,16,0.0003,0.01,256,mse,1277,42,874,999,11,21,5.986080000000007,5.9833356153786825,0.04584610665618882
20,4,3e-05,0.001,64,mae,1278,42,874,999,0,10,5.986080000000007,5.986080000000007,0.0
60,8,0.0003,0.01,256,mae,1279,42,874,999,0,10,5.986080000000007,5.986080000000007,0.0
60,64,3e-05,0.1,32,mse,1245,42,874,999,24,34,5.986080000000007,5.984174779535324,0.03182751424444241
20,8,3e-05,0.0,256,mae,1280,42,874,999,0,10,5.986080000000007,5.986080000000007,0.0
5,24,0.001,0.1,64,mae,1281,42,874,999,0,10,5.986080000000007,5.986080000000007,0.0
20,4,0.0001,0.0,256,mse,1283,42,874,999,5,15,5.986080000000007,5.985055725026803,0.01711094695032722
60,64,0.0003,0.001,256,mse,1273,42,874,999,1,11,5.986080000000007,5.98559062749292,0.008175174857127931
10,32,3e-05,0.1,32,mae,1282,42,874,999,0,10,5.986080000000007,5.986080000000007,0.0
10,8,0.001,0.001,256,mse,1286,42,874,999,10,20,5.986080000000007,5.984060400844355,0.03373825868768776
30,16,0.001,0.1,256,mse,1287,42,874,999,8,18,5.986080000000007,5.98523990797209,0.014034092894132932
60,4,0.001,0.01,32,mse,1284,42,874,999,2,12,5.986080000000007,5.983318163908629,0.04613764084975269
60,8,0.001,0.01,64,mse,1289,42,874,999,3,13,5.986080000000007,5.9838007520826375,0.038075801148163
20,8,3e-05,0.1,256,mae,1291,42,874,999,0,10,5.986080000000007,5.986080000000007,0.0
30,32,3e-05,0.01,32,mse,1290,42,874,999,1,11,5.986080000000007,5.985901279652459,0.002985599048943577
10,4,0.001,0.001,32,mse,1288,42,874,999,16,26,5.986080000000007,5.984193902422045,0.031508058328033606
20,8,0.0001,0.0,256,mse,1292,42,874,999,16,26,5.986080000000007,5.984652926231609,0.023839871308073413
10,4,0.003,0.01,256,mse,1294,42,874,999,7,17,5.986080000000007,5.98350847167514,0.04295846906268164
5,16,3e-05,0.01,64,mse,1295,42,874,999,0,10,5.986080000000007,5.986080000000007,0.0
10,4,0.001,0.01,64,mse,1293,42,874,999,1,11,5.986080000000007,5.985118966140239,0.016054477383675714
60,64,0.0001,0.1,256,mae,1285,42,874,999,0,10,5.986080000000007,5.986080000000007,0.0
10,4,0.0003,0.0,32,mse,1296,42,874,999,2,12,5.986080000000007,5.984154891148293,0.03215975816751593
30,32,0.0003,0.001,64,mse,1298,42,874,999,1,11,5.986080000000007,5.984941700894791,0.01901576833613916
60,4,0.003,0.0,32,mae,1297,42,874,999,0,10,5.986080000000007,5.986080000000007,0.0
5,4,0.0001,0.001,64,mae,1301,42,874,999,0,10,5.986080000000007,5.986080000000007,0.0
30,8,3e-05,0.01,32,mae,1300,42,874,999,0,10,5.986080000000007,5.986080000000007,0.0
30,32,0.0003,0.001,256,mae,1302,42,874,999,0,10,5.986080000000007,5.986080000000007,0.0
5,64,0.003,0.1,32,mae,1305,42,874,999,0,10,5.986080000000007,5.986080000000007,0.0
30,64,0.0003,0.1,256,mae,1304,42,874,999,0,10,5.986080000000007,5.986080000000007,0.0
10,24,3e-05,0.0,32,mse,1299,42,874,999,22,32,5.986080000000007,5.984384943973065,0.028316628360158802
10,32,0.0001,0.1,256,mae,1307,42,874,999,0,10,5.986080000000007,5.986080000000007,0.0
20,4,0.001,0.0,256,mae,1309,42,874,999,0,10,5.986080000000007,5.986080000000007,0.0
5,64,0.0001,0.01,64,mse,1308,42,874,999,5,15,5.986080000000007,5.984208778457823,0.03125954785409002
60,16,0.0003,0.001,256,mae,1310,42,874,999,0,10,5.986080000000007,5.986080000000007,0.0
30,32,3e-05,0.0,256,mse,1306,42,874,999,22,32,5.986080000000007,5.984593575511408,0.0248313502091424
5,4,0.003,0.001,32,mae,1311,42,874,999,0,10,5.986080000000007,5.986080000000007,0.0
30,64,0.001,0.01,256,mae,1312,42,874,999,0,10,5.986080000000007,5.986080000000007,0.0
60,8,0.0003,0.001,32,mae,1314,42,874,999,0,10,5.986080000000007,5.986080000000007,0.0
20,32,0.003,0.0,32,mae,1315,42,874,999,0,10,5.986080000000007,5.986080000000007,0.0
60,24,3e-05,0.01,64,mse,1303,42,874,999,34,44,5.986080000000007,5.984778584676984,0.021740693793326216
10,32,0.003,0.0,32,mae,1316,42,874,999,0,10,5.986080000000007,5.986080000000007,0.0
30,64,0.003,0.1,32,mae,1313,42,874,999,0,10,5.986080000000007,5.986080000000007,0.0
10,16,0.001,0.1,256,mae,1320,42,874,999,0,10,5.986080000000007,5.986080000000007,0.0
60,4,0.0003,0.0,64,mae,1317,42,874,999,0,10,5.986080000000007,5.986080000000007,0.0
30,24,0.003,0.1,256,mae,1318,42,874,999,3,13,5.986080000000007,5.985702710222977,0.006302785412659606
10,8,3e-05,0.01,256,mse,1323,42,874,999,1,11,5.986080000000007,5.986047927028032,0.0005357925716875656
10,16,3e-05,0.1,64,mae,1321,42,874,999,0,10,5.986080000000007,5.986080000000007,0.0
5,4,3e-05,0.01,64,mae,1325,42,874,999,0,10,5.986080000000007,5.986080000000007,0.0
5,16,0.0001,0.01,32,mse,1324,42,874,999,0,10,5.986080000000007,5.986080000000007,0.0
30,8,0.0003,0.001,64,mse,1326,42,874,999,1,11,5.986080000000007,5.985633611834821,0.007457103232610951
60,8,0.0001,0.1,64,mae,1328,42,874,999,0,10,5.986080000000007,5.986080000000007,0.0
30,24,0.0003,0.01,32,mse,1327,42,874,999,1,11,5.986080000000007,5.984897992796496,0.01974593061755403
20,64,0.003,0.01,32,mse,1319,42,874,999,7,17,5.986080000000007,5.984781706045269,0.0216885500150088
30,16,0.003,0.01,256,mse,1329,42,874,999,5,15,5.986080000000007,5.982987214046556,0.05166629836973469
20,24,0.001,0.0,256,mae,1331,42,874,999,0,10,5.986080000000007,5.986080000000007,0.0
10,32,0.003,0.0,256,mse,1332,42,874,999,5,15,5.986080000000007,5.983317299196146,0.04615208623777178
5,4,0.003,0.1,256,mae,1334,42,874,999,0,10,5.986080000000007,5.986080000000007,0.0
10,8,3e-05,0.01,64,mse,1333,42,874,999,1,11,5.986080000000007,5.986074025622873,9.980449867663665e-05
30,32,0.0001,0.001,32,mae,1330,42,874,999,0,10,5.986080000000007,5.986080000000007,0.0
5,4,0.003,0.0,64,mae,1335,42,874,999,0,10,5.986080000000007,5.986080000000007,0.0
20,24,3e-05,0.0,32,mse,1337,42,874,999,13,23,5.986080000000007,5.984737589444427,0.02242553650436685
30,64,0.001,0.01,32,mse,1322,42,874,999,18,28,5.986080000000007,5.983214037075722,0.04787712366498553
5,24,0.0001,0.01,256,mae,1339,42,874,999,0,10,5.986080000000007,5.986080000000007,0.0
60,64,3e-05,0.01,64,mae,1338,42,874,999,0,10,5.986080000000007,5.986080000000007,0.0
20,4,3e-05,0.0,64,mae,1341,42,874,999,0,10,5.986080000000007,5.986080000000007,0.0
60,24,0.0001,0.001,32,mae,1340,42,874,999,0,10,5.986080000000007,5.986080000000007,0.0
10,8,0.0003,0.01,32,mse,1342,42,874,999,6,16,5.986080000000007,5.983949443324083,0.035591851026450794
10,16,0.0003,0.01,256,mse,1345,42,874,999,8,18,5.986080000000007,5.983545622595963,0.0423378472062641
10,8,0.003,0.1,32,mse,1344,42,874,999,12,22,5.986080000000007,5.984380220583191,0.02839553458718891
60,16,0.003,0.001,32,mae,1346,42,874,999,0,10,5.986080000000007,5.986080000000007,0.0
60,16,0.0003,0.001,32,mse,1343,42,874,999,13,23,5.986080000000007,5.983532691213866,0.042553871417383426
5,4,0.003,0.001,256,mse,1349,42,874,999,8,18,5.986080000000007,5.983157976871082,0.04881363311091125
60,32,0.0003,0.01,32,mse,1336,42,874,999,26,36,5.986080000000007,5.983393353776344,0.04488156228555917
5,64,0.0003,0.001,32,mse,1348,42,874,999,1,11,5.986080000000007,5.984033146949807,0.034193546531291474
10,64,0.003,0.001,64,mse,1350,42,874,999,4,14,5.986080000000007,5.984220608483827,0.03106192226265403
60,16,0.003,0.001,256,mae,1352,42,874,999,0,10,5.986080000000007,5.986080000000007,0.0
60,8,0.0003,0.001,64,mse,1351,42,874,999,7,17,5.986080000000007,5.984325593252851,0.029308107261449834
5,32,0.0001,0.01,256,mae,1354,42,874,999,0,10,5.986080000000007,5.986080000000007,0.0
10,8,0.0001,0.0,64,mae,1353,42,874,999,0,10,5.986080000000007,5.986080000000007,0.0
5,16,0.0003,0.1,256,mae,1356,42,874,999,0,10,5.986080000000007,5.986080000000007,0.0
30,8,0.003,0.0,64,mse,1357,42,874,999,0,10,5.986080000000007,5.986080000000007,0.0
20,8,0.001,0.01,32,mse,1355,42,874,999,2,12,5.986080000000007,5.983748397672494,0.038950403728532645
20,8,0.003,0.0,256,mae,1359,42,874,999,0,10,5.986080000000007,5.986080000000007,0.0
5,24,0.0001,0.001,32,mse,1358,42,874,999,1,11,5.986080000000007,5.985623431810605,0.0076271648458137165
20,4,0.001,0.01,256,mae,1360,42,874,999,0,10,5.986080000000007,5.986080000000007,0.0
30,32,0.0003,0.001,64,mae,1362,42,874,999,0,10,5.986080000000007,5.986080000000007,0.0
60,32,0.0003,0.01,256,mse,1361,42,874,999,1,11,5.986080000000007,5.985577578195491,0.008393168893783276
20,24,0.0001,0.0,64,mae,1364,42,874,999,0,10,5.986080000000007,5.986080000000007,0.0
60,64,0.0001,0.01,32,mse,1347,42,874,999,8,18,5.986080000000007,5.984113227728804,0.03285576322407113
30,64,0.0001,0.1,64,mae,1365,42,874,999,0,10,5.986080000000007,5.986080000000007,0.0
30,4,0.0003,0.1,32,mae,1366,42,874,999,0,10,5.986080000000007,5.986080000000007,0.0
10,16,0.0001,0.1,256,mse,1367,42,874,999,1,11,5.986080000000007,5.986063373937323,0.0002777454141122959
20,24,0.0001,0.0,256,mae,1368,42,874,999,0,10,5.986080000000007,5.986080000000007,0.0
20,8,0.0001,0.0,64,mae,1369,42,874,999,0,10,5.986080000000007,5.986080000000007,0.0
5,32,0.001,0.001,64,mae,1370,42,874,999,0,10,5.986080000000007,5.986080000000007,0.0
30,4,0.0001,0.1,256,mae,1371,42,874,999,0,10,5.986080000000007,5.986080000000007,0.0
20,4,0.003,0.01,64,mse,1374,42,874,999,1,11,5.986080000000007,5.982675675759694,0.05687067730991702
5,32,0.0001,0.1,256,mae,1375,42,874,999,0,10,5.986080000000007,5.986080000000007,0.0
60,64,0.0001,0.1,64,mse,1363,42,874,999,5,15,5.986080000000007,5.984794777570496,0.021470184653582525
30,16,0.003,0.1,32,mse,1372,42,874,999,2,12,5.986080000000007,5.984988379104332,0.018235989089265825
60,16,0.003,0.1,64,mae,1378,42,874,999,0,10,5.986080000000007,5.986080000000007,0.0
60,4,0.0001,0.0,64,mse,1373,42,874,999,13,23,5.986080000000007,5.984568852595503,0.025244356983278315
10,16,0.003,0.1,64,mae,1380,42,874,999,0,10,5.986080000000007,5.986080000000007,0.0
60,4,0.003,0.001,256,mse,1379,42,874,999,0,10,5.986080000000007,5.986080000000007,0.0
60,24,0.0001,0.0,32,mae,1377,42,874,999,0,10,5.986080000000007,5.986080000000007,0.0
60,24,0.0003,0.1,64,mse,1376,42,874,999,4,14,5.986080000000007,5.984786209055917,0.02161332531623872
10,24,3e-05,0.001,256,mae,1381,42,874,999,0,10,5.986080000000007,5.986080000000007,0.0
30,4,0.0003,0.01,64,mae,1382,42,874,999,0,10,5.986080000000007,5.986080000000007,0.0
10,16,0.003,0.0,256,mae,1386,42,874,999,0,10,5.986080000000007,5.986080000000007,0.0
5,24,3e-05,0.01,256,mae,1387,42,874,999,0,10,5.986080000000007,5.986080000000007,0.0
60,16,0.003,0.001,64,mae,1384,42,874,999,0,10,5.986080000000007,5.986080000000007,0.0
20,4,0.003,0.1,32,mae,1385,42,874,999,0,10,5.986080000000007,5.986080000000007,0.0
5,64,0.0001,0.1,64,mae,1389,42,874,999,0,10,5.986080000000007,5.986080000000007,0.0
10,24,0.0001,0.1,64,mse,1388,42,874,999,5,15,5.986080000000007,5.984724106977812,0.02265076681560174
5,32,0.0001,0.001,32,mae,1390,42,874,999,0,10,5.986080000000007,5.986080000000007,0.0
20,32,3e-05,0.001,256,mae,1391,42,874,999,0,10,5.986080000000007,5.986080000000007,0.0
5,24,0.0003,0.1,256,mse,1394,42,874,999,8,18,5.986080000000007,5.9833819672204696,0.04507177952078889
20,8,3e-05,0.1,32,mae,1392,42,874,999,0,10,5.986080000000007,5.986080000000007,0.0
20,16,3e-05,0.01,32,mae,1393,42,874,999,0,10,5.986080000000007,5.986080000000007,0.0
5,24,0.001,0.001,256,mae,1396,42,874,999,0,10,5.986080000000007,5.986080000000007,0.0
5,8,0.003,0.001,32,mse,1395,42,874,999,0,10,5.986080000000007,5.986080000000007,0.0
30,24,0.001,0.001,32,mse,1383,42,874,999,21,31,5.986080000000007,5.983464843000027,0.043687304546224937
30,16,0.0001,0.001,64,mae,1398,42,874,999,0,10,5.986080000000007,5.986080000000007,0.0
30,4,0.003,0.0,256,mse,1401,42,874,999,2,12,5.986080000000007,5.982980964533632,0.051770699128228514
20,24,3e-05,0.01,64,mse,1397,42,874,999,7,17,5.986080000000007,5.985076673838952,0.0167609881768227
5,64,0.003,0.1,32,mse,1399,42,874,999,0,10,5.986080000000007,5.986080000000007,0.0
5,8,0.0003,0.01,256,mse,1403,42,874,999,1,11,5.986080000000007,5.985755614904694,0.005418990312744398
30,16,3e-05,0.0,32,mse,1400,42,874,999,0,10,5.986080000000007,5.986080000000007,0.0
5,8,0.001,0.01,64,mse,1402,42,874,999,3,13,5.986080000000007,5.984157956134142,0.03210855628166254
60,16,0.0001,0.001,256,mae,1406,42,874,999,0,10,5.986080000000007,5.986080000000007,0.0
60,8,0.001,0.01,256,mse,1407,42,874,999,2,12,5.986080000000007,5.984841865908475,0.020683554037570495
60,32,0.001,0.0,256,mae,1405,42,874,999,0,10,5.986080000000007,5.986080000000007,0.0
20,16,0.003,0.0,32,mae,1409,42,874,999,0,10,5.986080000000007,5.986080000000007,0.0
30,64,0.003,0.001,32,mse,1404,42,874,999,0,10,5.986080000000007,5.986080000000007,0.0
5,24,0.0003,0.01,32,mae,1412,42,874,999,0,10,5.986080000000007,5.986080000000007,0.0
60,32,3e-05,0.001,256,mse,1410,42,874,999,6,16,5.986080000000007,5.985354994155081,0.012111529497205176
20,16,0.003,0.001,64,mae,1414,42,874,999,0,10,5.986080000000007,5.986080000000007,0.0
30,64,3e-05,0.0,64,mse,1411,42,874,999,1,11,5.986080000000007,5.98583988506638,0.004011221594557579
10,64,0.001,0.0,64,mse,1413,42,874,999,2,12,5.986080000000007,5.984174582196822,0.03183081086763906
30,4,0.0003,0.01,256,mae,1416,42,874,999,0,10,5.986080000000007,5.986080000000007,0.0
10,4,0.0003,0.001,256,mse,1417,42,874,999,5,15,5.986080000000007,5.983612166151801,0.041226208941524956
10,24,3e-05,0.01,256,mae,1418,42,874,999,0,10,5.986080000000007,5.986080000000007,0.0
10,32,0.003,0.001,256,mse,1420,42,874,999,5,15,5.986080000000007,5.983316670314343,0.04616259197445238
30,32,0.0001,0.1,32,mse,1415,42,874,999,1,11,5.986080000000007,5.9854805970309775,0.010013280294118854
20,64,0.003,0.1,64,mae,1419,42,874,999,0,10,5.986080000000007,5.986080000000007,0.0
60,8,3e-05,0.1,64,mse,1421,42,874,999,9,19,5.986080000000007,5.9858742377348895,0.0034373457273861874
60,4,0.0001,0.1,64,mae,1423,42,874,999,0,10,5.986080000000007,5.986080000000007,0.0
30,32,0.001,0.001,32,mae,1422,42,874,999,0,10,5.986080000000007,5.986080000000007,0.0
10,64,0.0003,0.01,256,mse,1426,42,874,999,4,14,5.986080000000007,5.983325525078608,0.04601466938963794
60,24,3e-05,0.1,256,mse,1424,42,874,999,5,15,5.986080000000007,5.985399998509154,0.011359712714387182
10,8,0.003,0.01,256,mae,1428,42,874,999,0,10,5.986080000000007,5.986080000000007,0.0
10,24,0.003,0.0,64,mse,1425,42,874,999,21,31,5.986080000000007,5.983597014980209,0.04147931567567431
10,24,3e-05,0.001,32,mae,1427,42,874,999,0,10,5.986080000000007,5.986080000000007,0.0
20,16,0.001,0.1,256,mse,1430,42,874,999,3,13,5.986080000000007,5.9834806623585175,0.04342303546711612
60,8,0.0001,0.001,256,mae,1431,42,874,999,0,10,5.986080000000007,5.986080000000007,0.0
5,32,3e-05,0.001,32,mse,1429,42,874,999,1,11,5.986080000000007,5.98601610100062,0.001067459829939832
5,8,0.0001,0.0,64,mae,1433,42,874,999,0,10,5.986080000000007,5.986080000000007,0.0
60,64,0.003,0.001,256,mse,1408,42,874,999,15,25,5.986080000000007,5.983901961934982,0.036385047727827136
60,4,0.0003,0.0,256,mae,1436,42,874,999,0,10,5.986080000000007,5.986080000000007,0.0
60,8,0.0003,0.01,64,mse,1434,42,874,999,7,17,5.986080000000007,5.9843259076937425,0.029302854393276068
30,4,0.001,0.0,32,mae,1435,42,874,999,0,10,5.986080000000007,5.986080000000007,0.0
5,8,0.0003,0.001,64,mse,1438,42,874,999,7,17,5.986080000000007,5.984076831194431,0.033463782735565495
5,4,3e-05,0.01,32,mse,1439,42,874,999,1,11,5.986080000000007,5.985946323311626,0.002233125657891133
60,64,0.0003,0.0,32,mae,1432,42,874,999,0,10,5.986080000000007,5.986080000000007,0.0
10,16,0.003,0.01,32,mse,1440,42,874,999,5,15,5.986080000000007,5.983503936135743,0.0430342371679715
5,16,0.0001,0.1,64,mse,1442,42,874,999,15,25,5.986080000000007,5.983996530849132,0.03480523399077562
30,64,0.0001,0.01,32,mse,1441,42,874,999,1,11,5.986080000000007,5.985102639067016,0.016327228052281928
5,16,0.003,0.0,64,mae,1445,42,874,999,0,10,5.986080000000007,5.986080000000007,0.0
60,64,0.003,0.1,64,mse,1437,42,874,999,6,16,5.986080000000007,5.984015318693009,0.03449137510688205
20,32,0.0003,0.01,32,mse,1444,42,874,999,2,12,5.986080000000007,5.984216207124138,0.03113544883912578
30,64,0.001,0.01,64,mse,1443,42,874,999,1,11,5.986080000000007,5.983772569503886,0.03854660305444568
5,64,0.0001,0.001,64,mae,1446,42,874,999,0,10,5.986080000000007,5.986080000000007,0.0
5,4,0.001,0.1,32,mae,1450,42,874,999,0,10,5.986080000000007,5.986080000000007,0.0
30,32,0.0001,0.01,32,mae,1448,42,874,999,0,10,5.986080000000007,5.986080000000007,0.0
30,8,0.001,0.01,256,mse,1452,42,874,999,4,14,5.986080000000007,5.984260149427221,0.03040137406761234
20,4,0.003,0.0,64,mse,1451,42,874,999,1,11,5.986080000000007,5.982671588027964,0.056938964598596264
60,32,0.003,0.001,32,mae,1447,42,874,999,0,10,5.986080000000007,5.986080000000007,0.0
30,16,0.003,0.001,64,mae,1453,42,874,999,0,10,5.986080000000007,5.986080000000007,0.0
20,32,0.0003,0.1,64,mae,1455,42,874,999,0,10,5.986080000000007,5.986080000000007,0.0
10,64,3e-05,0.1,32,mse,1449,42,874,999,12,22,5.986080000000007,5.98421031135723,0.03123394012071179
5,16,0.003,0.001,256,mae,1457,42,874,999,0,10,5.986080000000007,5.986080000000007,0.0
5,4,0.003,0.0,256,mae,1459,42,874,999,0,10,5.986080000000007,5.986080000000007,0.0
30,64,0.0003,0.001,256,mae,1454,42,874,999,0,10,5.986080000000007,5.986080000000007,0.0
10,32,3e-05,0.01,64,mse,1458,42,874,999,18,28,5.986080000000007,5.984527975278268,0.025927229868949464
60,64,0.001,0.0,64,mae,1460,42,874,999,0,10,5.986080000000007,5.986080000000007,0.0
30,16,0.0003,0.0,64,mae,1463,42,874,999,0,10,5.986080000000007,5.986080000000007,0.0
60,64,0.0003,0.001,32,mse,1456,42,874,999,9,19,5.986080000000007,5.983896577947471,0.036474989517953915
20,8,0.0001,0.0,256,mae,1465,42,874,999,0,10,5.986080000000007,5.986080000000007,0.0
60,64,3e-05,0.001,64,mae,1464,42,874,999,0,10,5.986080000000007,5.986080000000007,0.0
30,64,0.001,0.0,32,mse,1461,42,874,999,18,28,5.986080000000007,5.98322547486353,0.04768605057863251
60,24,3e-05,0.0,64,mse,1462,42,874,999,34,44,5.986080000000007,5.984778506066777,0.021742007010094877
10,4,0.0001,0.01,64,mse,1467,42,874,999,6,16,5.986080000000007,5.984500658224928,0.026383572806909505
10,32,0.001,0.1,32,mse,1466,42,874,999,3,13,5.986080000000007,5.9839867037579975,0.03496939970748514
30,24,0.0001,0.1,64,mse,1468,42,874,999,1,11,5.986080000000007,5.985539004428482,0.009037559997959743
60,8,0.003,0.001,256,mse,1470,42,874,999,2,12,5.986080000000007,5.984748375309693,0.02224535405999095
30,24,0.0001,0.01,64,mae,1472,42,874,999,0,10,5.986080000000007,5.986080000000007,0.0
10,8,0.0003,0.1,32,mse,1471,42,874,999,6,16,5.986080000000007,5.983949914985431,0.035583971723995855
30,8,3e-05,0.1,32,mae,1473,42,874,999,0,10,5.986080000000007,5.986080000000007,0.0
30,8,0.003,0.0,32,mse,1474,42,874,999,2,12,5.986080000000007,5.984893119775468,0.019827336496325287
20,4,0.0001,0.01,32,mae,1475,42,874,999,0,10,5.986080000000007,5.986080000000007,0.0
10,64,3e-05,0.0,64,mae,1476,42,874,999,0,10,5.986080000000007,5.986080000000007,0.0
5,16,3e-05,0.1,256,mae,1478,42,874,999,0,10,5.986080000000007,5.986080000000007,0.0
20,32,0.0003,0.0,64,mae,1479,42,874,999,0,10,5.986080000000007,5.986080000000007,0.0
30,4,0.0003,0.0,32,mae,1480,42,874,999,0,10,5.986080000000007,5.986080000000007,0.0
30,64,0.0003,0.01,256,mae,1477,42,874,999,0,10,5.986080000000007,5.986080000000007,0.0
20,8,3e-05,0.001,64,mae,1482,42,874,999,0,10,5.986080000000007,5.986080000000007,0.0
10,16,0.003,0.01,32,mae,1483,42,874,999,0,10,5.986080000000007,5.986080000000007,0.0
10,64,0.0001,0.1,64,mse,1484,42,874,999,3,13,5.986080000000007,5.984368475130834,0.028591747340045437
30,8,0.0001,0.001,32,mae,1485,42,874,999,0,10,5.986080000000007,5.986080000000007,0.0
60,16,0.001,0.1,32,mse,1481,42,874,999,13,23,5.986080000000007,5.9829008325226765,0.05310933828700515
30,24,0.003,0.0,32,mae,1486,42,874,999,0,10,5.986080000000007,5.986080000000007,0.0
60,16,0.001,0.01,32,mae,1487,42,874,999,0,10,5.986080000000007,5.986080000000007,0.0
60,32,3e-05,0.001,256,mae,1488,42,874,999,0,10,5.986080000000007,5.986080000000007,0.0
20,4,0.001,0.0,32,mae,1489,42,874,999,0,10,5.986080000000007,5.986080000000007,0.0
5,8,0.0003,0.0,256,mae,1492,42,874,999,0,10,5.986080000000007,5.986080000000007,0.0
60,64,0.001,0.0,32,mse,1469,42,874,999,12,22,5.986080000000007,5.9832968990297015,0.04649287965255988
10,16,0.0003,0.001,256,mae,1494,42,874,999,0,10,5.986080000000007,5.986080000000007,0.0
30,4,0.0001,0.0,256,mae,1493,42,874,999,0,10,5.986080000000007,5.986080000000007,0.0
5,64,0.0001,0.1,64,mse,1491,42,874,999,5,15,5.986080000000007,5.984209250119186,0.031251668551401934
20,4,3e-05,0.0,256,mse,1495,42,874,999,17,27,5.986080000000007,5.984996138475913,0.018106365502867927
60,8,3e-05,0.1,256,mse,1490,42,874,999,28,38,5.986080000000007,5.98521392810552,0.014468097561126658
60,16,3e-05,0.0,64,mae,1496,42,874,999,0,10,5.986080000000007,5.986080000000007,0.0
20,32,0.001,0.001,256,mae,1500,42,874,999,0,10,5.986080000000007,5.986080000000007,0.0
60,8,0.003,0.1,32,mae,1497,42,874,999,0,10,5.986080000000007,5.986080000000007,0.0
5,24,0.0003,0.01,32,mse,1498,42,874,999,1,11,5.986080000000007,5.984842399915673,0.02067463322131813
5,24,0.003,0.0,256,mse,1501,42,874,999,12,22,5.986080000000007,5.982989161411937,0.051633766806835624
20,64,0.0003,0.1,256,mse,1502,42,874,999,2,12,5.986080000000007,5.985475660038212,0.010095754847838645
60,8,0.0003,0.1,64,mse,1504,42,874,999,7,17,5.986080000000007,5.984326261439754,0.029296944916434864
60,16,0.0003,0.1,256,mae,1505,42,874,999,0,10,5.986080000000007,5.986080000000007,0.0
10,4,0.003,0.1,256,mse,1506,42,874,999,7,17,5.986080000000007,5.983481193926922,0.04341415539192983
5,24,3e-05,0.0,64,mse,1503,42,874,999,30,40,5.986080000000007,5.984486626299682,0.026617982057131062
10,16,3e-05,0.0,256,mae,1507,42,874,999,0,10,5.986080000000007,5.986080000000007,0.0
20,4,0.0001,0.1,64,mse,1508,42,874,999,3,13,5.986080000000007,5.984861164718821,0.020361159242543447
60,64,3e-05,0.1,32,mae,1499,42,874,999,0,10,5.986080000000007,5.986080000000007,0.0
30,24,3e-05,0.0,256,mae,1511,42,874,999,0,10,5.986080000000007,5.986080000000007,0.0
20,24,0.0001,0.01,64,mae,1512,42,874,999,0,10,5.986080000000007,5.986080000000007,0.0
30,16,0.0003,0.01,256,mse,1513,42,874,999,7,17,5.986080000000007,5.983912299179615,0.03621235968099823
30,64,0.001,0.01,64,mae,1510,42,874,999,0,10,5.986080000000007,5.986080000000007,0.0
5,16,0.001,0.1,32,mse,1509,42,874,999,17,27,5.986080000000007,5.98345128273613,0.04391383449398045
20,8,0.0003,0.1,64,mse,1516,42,874,999,3,13,5.986080000000007,5.984400610448661,0.028054913254516034
10,8,0.0001,0.01,64,mae,1517,42,874,999,0,10,5.986080000000007,5.986080000000007,0.0
10,64,0.003,0.01,64,mae,1515,42,874,999,0,10,5.986080000000007,5.986080000000007,0.0
30,16,0.0003,0.1,64,mse,1519,42,874,999,0,10,5.986080000000007,5.986080000000007,0.0
30,64,0.003,0.01,64,mae,1514,42,874,999,0,10,5.986080000000007,5.986080000000007,0.0
30,8,3e-05,0.001,32,mse,1518,42,874,999,1,11,5.986080000000007,5.986042620837803,0.0006244347253048232
10,8,0.0003,0.0,256,mse,1521,42,874,999,11,21,5.986080000000007,5.9836805570479425,0.04008371007512279
60,24,0.001,0.001,256,mse,1520,42,874,999,0,10,5.986080000000007,5.986080000000007,0.0
10,4,0.001,0.001,256,mae,1525,42,874,999,0,10,5.986080000000007,5.986080000000007,0.0
10,24,0.001,0.001,64,mae,1523,42,874,999,0,10,5.986080000000007,5.986080000000007,0.0
5,8,0.003,0.1,64,mse,1527,42,874,999,4,14,5.986080000000007,5.983605562079929,0.04133653275729676
30,64,3e-05,0.01,64,mae,1522,42,874,999,0,10,5.986080000000007,5.986080000000007,0.0
5,24,3e-05,0.01,64,mae,1529,42,874,999,0,10,5.986080000000007,5.986080000000007,0.0
10,32,0.003,0.01,256,mae,1530,42,874,999,0,10,5.986080000000007,5.986080000000007,0.0
5,8,0.001,0.0,32,mse,1524,42,874,999,19,29,5.986080000000007,5.983464057710708,0.04370042313667222
60,4,0.003,0.01,64,mse,1528,42,874,999,10,20,5.986080000000007,5.984124725423635,0.03266368936553077
60,16,0.001,0.0,64,mae,1531,42,874,999,0,10,5.986080000000007,5.986080000000007,0.0
60,24,0.0003,0.1,256,mse,1532,42,874,999,1,11,5.986080000000007,5.985739043598567,0.005695820995377243
60,64,0.001,0.01,64,mse,1526,42,874,999,2,12,5.986080000000007,5.983634098404698,0.04085982137407296
5,8,0.003,0.0,256,mae,1536,42,874,999,0,10,5.986080000000007,5.986080000000007,0.0
60,24,0.003,0.001,256,mse,1533,42,874,999,2,12,5.986080000000007,5.9857546870334355,0.005434490794842262
5,16,3e-05,0.1,256,mse,1537,42,874,999,1,11,5.986080000000007,5.98605331182846,0.00044583720143487326
5,16,3e-05,0.1,64,mse,1539,42,874,999,0,10,5.986080000000007,5.986080000000007,0.0
10,64,0.0001,0.1,32,mae,1534,42,874,999,0,10,5.986080000000007,5.986080000000007,0.0
20,16,0.003,0.1,64,mae,1540,42,874,999,0,10,5.986080000000007,5.986080000000007,0.0
30,24,0.0003,0.001,32,mae,1538,42,874,999,0,10,5.986080000000007,5.986080000000007,0.0
60,24,3e-05,0.1,32,mae,1535,42,874,999,0,10,5.986080000000007,5.986080000000007,0.0
10,8,0.003,0.1,64,mse,1543,42,874,999,4,14,5.986080000000007,5.98474387744952,0.02232049271789771
5,8,0.0001,0.001,32,mse,1542,42,874,999,0,10,5.986080000000007,5.986080000000007,0.0
20,64,3e-05,0.01,32,mae,1541,42,874,999,0,10,5.986080000000007,5.986080000000007,0.0
30,8,0.0003,0.1,32,mse,1546,42,874,999,1,11,5.986080000000007,5.98599896397146,0.0013537411552633216
30,24,0.0003,0.0,32,mse,1545,42,874,999,1,11,5.986080000000007,5.984898975424323,0.019729515403810183
30,64,3e-05,0.1,64,mse,1544,42,874,999,1,11,5.986080000000007,5.985839963676606,0.004009908377455851
10,4,0.003,0.1,256,mae,1549,42,874,999,0,10,5.986080000000007,5.986080000000007,0.0
20,64,0.001,0.0,256,mae,1547,42,874,999,0,10,5.986080000000007,5.986080000000007,0.0
10,64,3e-05,0.01,64,mae,1548,42,874,999,0,10,5.986080000000007,5.986080000000007,0.0
5,8,3e-05,0.001,64,mse,1552,42,874,999,1,11,5.986080000000007,5.9860463548235145,0.0005620569135889042
30,24,0.001,0.1,64,mae,1550,42,874,999,0,10,5.986080000000007,5.986080000000007,0.0
10,16,3e-05,0.0,256,mse,1554,42,874,999,1,11,5.986080000000007,5.986072217587698,0.0001300084915167865
60,16,0.003,0.0,64,mae,1555,42,874,999,0,10,5.986080000000007,5.986080000000007,0.0
5,4,0.0001,0.1,32,mae,1556,42,874,999,0,10,5.986080000000007,5.986080000000007,0.0
30,64,3e-05,0.1,32,mae,1551,42,874,999,0,10,5.986080000000007,5.986080000000007,0.0
60,8,0.003,0.01,256,mae,1557,42,874,999,0,10,5.986080000000007,5.986080000000007,0.0
30,4,0.003,0.0,64,mse,1559,42,874,999,1,11,5.986080000000007,5.982676086701058,0.05686381236049698
60,64,3e-05,0.1,64,mae,1553,42,874,999,0,10,5.986080000000007,5.986080000000007,0.0
30,32,3e-05,0.01,32,mae,1560,42,874,999,0,10,5.986080000000007,5.986080000000007,0.0
10,32,0.003,0.1,64,mse,1562,42,874,999,4,14,5.986080000000007,5.983319618197797,0.04611334633367603
30,8,3e-05,0.001,256,mse,1564,42,874,999,1,11,5.986080000000007,5.986040576971948,0.0006585783694834646
20,8,0.001,0.01,256,mae,1565,42,874,999,0,10,5.986080000000007,5.986080000000007,0.0
30,64,0.003,0.001,64,mse,1561,42,874,999,0,10,5.986080000000007,5.986080000000007,0.0
60,64,0.0001,0.1,64,mae,1558,42,874,999,0,10,5.986080000000007,5.986080000000007,0.0
30,8,0.0003,0.001,32,mse,1563,42,874,999,1,11,5.986080000000007,5.985997431072073,0.001379348888319587
30,8,3e-05,0.0,64,mae,1567,42,874,999,0,10,5.986080000000007,5.986080000000007,0.0
30,4,0.0003,0.001,64,mse,1568,42,874,999,1,11,5.986080000000007,5.985030137398424,0.017538399112326797
60,8,0.0003,0.01,64,mae,1570,42,874,999,0,10,5.986080000000007,5.986080000000007,0.0
30,4,0.0001,0.0,32,mse,1569,42,874,999,1,11,5.986080000000007,5.985591948415315,0.008153108289443711
60,32,3e-05,0.001,64,mae,1566,42,874,999,0,10,5.986080000000007,5.986080000000007,0.0
5,32,0.0003,0.1,32,mse,1572,42,874,999,1,11,5.986080000000007,5.98544256079574,0.010648691702530577
30,8,0.0003,0.1,32,mae,1573,42,874,999,0,10,5.986080000000007,5.986080000000007,0.0
20,24,0.0001,0.1,32,mse,1571,42,874,999,4,14,5.986080000000007,5.9846904626142585,0.02321281014869836
20,4,0.001,0.1,256,mse,1575,42,874,999,1,11,5.986080000000007,5.985927315088516,0.002550666070133545
30,4,0.003,0.0,64,mae,1576,42,874,999,0,10,5.986080000000007,5.986080000000007,0.0
60,32,0.0001,0.001,64,mae,1574,42,874,999,0,10,5.986080000000007,5.986080000000007,0.0
30,32,0.003,0.01,64,mse,1577,42,874,999,0,10,5.986080000000007,5.986080000000007,0.0
20,32,0.0001,0.01,64,mse,1578,42,874,999,3,13,5.986080000000007,5.9847836157314145,0.021656647899670478
30,16,0.0001,0.0,256,mse,1579,42,874,999,16,26,5.986080000000007,5.9839682311679585,0.03527799214259053
5,32,0.0003,0.01,32,mse,1581,42,874,999,1,11,5.986080000000007,5.985440831370784,0.010677582478402226
10,16,3e-05,0.0,32,mae,1582,42,874,999,0,10,5.986080000000007,5.986080000000007,0.0
60,8,0.0003,0.0,256,mse,1583,42,874,999,3,13,5.986080000000007,5.98524702301043,0.01391523316723875
10,16,3e-05,0.01,32,mae,1584,42,874,999,0,10,5.986080000000007,5.986080000000007,0.0
30,16,0.001,0.0,32,mse,1580,42,874,999,15,25,5.986080000000007,5.983503480738771,0.04304184476713324
30,4,0.0001,0.1,32,mse,1585,42,874,999,1,11,5.986080000000007,5.985592459381772,0.008144572378510073
20,16,0.001,0.0,32,mae,1587,42,874,999,0,10,5.986080000000007,5.986080000000007,0.0
20,16,0.001,0.1,32,mae,1588,42,874,999,0,10,5.986080000000007,5.986080000000007,0.0
5,64,3e-05,0.001,32,mse,1589,42,874,999,1,11,5.986080000000007,5.9858139043868706,0.004445239842043591
10,24,3e-05,0.0,256,mse,1591,42,874,999,2,12,5.986080000000007,5.985952336993887,0.002132664550424934
20,4,0.0001,0.01,256,mae,1592,42,874,999,0,10,5.986080000000007,5.986080000000007,0.0
30,8,0.001,0.01,32,mse,1586,42,874,999,18,28,5.986080000000007,5.983210931971827,0.047928995739787705
20,24,0.0003,0.1,64,mae,1594,42,874,999,0,10,5.986080000000007,5.986080000000007,0.0
10,8,0.001,0.1,32,mse,1593,42,874,999,3,13,5.986080000000007,5.983853420120748,0.03719595927985653
30,32,0.0003,0.01,64,mae,1595,42,874,999,0,10,5.986080000000007,5.986080000000007,0.0
10,24,0.003,0.01,32,mse,1597,42,874,999,0,10,5.986080000000007,5.986080000000007,0.0
30,16,0.003,0.01,32,mae,1596,42,874,999,0,10,5.986080000000007,5.986080000000007,0.0
5,64,0.001,0.001,32,mse,1590,42,874,999,18,28,5.986080000000007,5.9829820591133664,0.051752413710492995
20,4,0.003,0.0,256,mae,1600,42,874,999,0,10,5.986080000000007,5.986080000000007,0.0
60,8,0.0003,0.1,32,mae,1598,42,874,999,0,10,5.986080000000007,5.986080000000007,0.0
30,16,0.003,0.1,256,mse,1603,42,874,999,5,15,5.986080000000007,5.983013037505621,0.0512349065563078
20,32,3e-05,0.01,256,mse,1599,42,874,999,14,24,5.986080000000007,5.985042006729525,0.017340116912600845
60,24,0.0003,0.01,256,mae,1601,42,874,999,0,10,5.986080000000007,5.986080000000007,0.0
5,64,0.003,0.1,256,mae,1604,42,874,999,0,10,5.986080000000007,5.986080000000007,0.0
30,24,0.0003,0.01,64,mae,1605,42,874,999,0,10,5.986080000000007,5.986080000000007,0.0
60,16,3e-05,0.01,64,mse,1607,42,874,999,1,11,5.986080000000007,5.985937518966386,0.002380205971541649
20,4,3e-05,0.1,64,mse,1606,42,874,999,11,21,5.986080000000007,5.984820050757978,0.021047985359856636
10,32,0.0003,0.1,64,mae,1609,42,874,999,0,10,5.986080000000007,5.986080000000007,0.0
60,16,0.001,0.0,32,mse,1602,42,874,999,12,22,5.986080000000007,5.982885228392932,0.05337001187881718
5,64,3e-05,0.0,32,mae,1608,42,874,999,0,10,5.986080000000007,5.986080000000007,0.0
30,16,3e-05,0.01,256,mae,1611,42,874,999,0,10,5.986080000000007,5.986080000000007,0.0
5,8,0.001,0.0,64,mse,1613,42,874,999,3,13,5.986080000000007,5.984158899456848,0.03209279767659723
30,8,0.003,0.001,256,mae,1615,42,874,999,0,10,5.986080000000007,5.986080000000007,0.0
60,16,0.0001,0.0,256,mse,1612,42,874,999,9,19,5.986080000000007,5.984966383692648,0.018603431750985333
10,32,0.0003,0.01,256,mae,1616,42,874,999,0,10,5.986080000000007,5.986080000000007,0.0
30,16,0.0001,0.01,64,mse,1617,42,874,999,0,10,5.986080000000007,5.986080000000007,0.0
30,4,0.001,0.0,256,mse,1618,42,874,999,2,12,5.986080000000007,5.985151196332681,0.015516058377540443
5,4,0.001,0.01,256,mae,1620,42,874,999,0,10,5.986080000000007,5.986080000000007,0.0
20,4,3e-05,0.1,32,mse,1610,42,874,999,16,26,5.986080000000007,5.984574040870375,0.02515768465560786
60,64,0.003,0.0,64,mae,1614,42,874,999,0,10,5.986080000000007,5.986080000000007,0.0
30,24,3e-05,0.001,32,mae,1619,42,874,999,0,10,5.986080000000007,5.986080000000007,0.0
10,32,0.0003,0.0,64,mse,1622,42,874,999,2,12,5.986080000000007,5.9842937561115415,0.02983996018205426
30,4,0.0003,0.001,256,mae,1624,42,874,999,0,10,5.986080000000007,5.986080000000007,0.0
5,8,0.003,0.001,64,mae,1625,42,874,999,0,10,5.986080000000007,5.986080000000007,0.0
10,16,0.003,0.001,32,mae,1623,42,874,999,0,10,5.986080000000007,5.986080000000007,0.0
10,8,0.0001,0.1,256,mse,1628,42,874,999,1,11,5.986080000000007,5.985980047098344,0.0016697555272116027
5,32,0.001,0.1,256,mse,1626,42,874,999,10,20,5.986080000000007,5.983284883592042,0.04669360262418154
5,32,0.003,0.0,64,mse,1630,42,874,999,4,14,5.986080000000007,5.983947202119725,0.035629291293837184
30,64,0.001,0.0,32,mae,1621,42,874,999,0,10,5.986080000000007,5.986080000000007,0.0
10,8,3e-05,0.001,64,mae,1631,42,874,999,0,10,5.986080000000007,5.986080000000007,0.0
10,24,0.001,0.0,64,mse,1632,42,874,999,2,12,5.986080000000007,5.984059732657446,0.03374942103281375
10,16,0.0001,0.1,32,mse,1629,42,874,999,12,22,5.986080000000007,5.9838554254944505,0.03716245866337564
5,16,0.001,0.001,32,mse,1627,42,874,999,16,26,5.986080000000007,5.983450693159439,0.043923683622149046
60,8,0.0001,0.01,256,mse,1633,42,874,999,8,18,5.986080000000007,5.9852305541681945,0.014190352147191998
10,4,0.001,0.1,64,mse,1636,42,874,999,1,11,5.986080000000007,5.98511244149152,0.01616347440207555
5,32,3e-05,0.001,32,mae,1635,42,874,999,0,10,5.986080000000007,5.986080000000007,0.0
10,16,3e-05,0.1,256,mse,1639,42,874,999,1,11,5.986080000000007,5.986072217587698,0.0001300084915167865
30,24,3e-05,0.001,64,mse,1637,42,874,999,1,11,5.986080000000007,5.985911184540857,0.002820133696013194
60,8,0.003,0.1,64,mae,1638,42,874,999,0,10,5.986080000000007,5.986080000000007,0.0
5,32,3e-05,0.1,256,mae,1642,42,874,999,0,10,5.986080000000007,5.986080000000007,0.0
60,24,3e-05,0.0,32,mse,1634,42,874,999,1,11,5.986080000000007,5.985822001240085,0.004309978482119892
5,16,0.001,0.01,256,mae,1644,42,874,999,0,10,5.986080000000007,5.986080000000007,0.0
10,32,0.001,0.01,32,mse,1641,42,874,999,3,13,5.986080000000007,5.983991774117548,0.03488469720516196
30,32,0.0001,0.001,32,mse,1640,42,874,999,1,11,5.986080000000007,5.985480597030972,0.010013280294207672
60,8,0.001,0.0,32,mae,1645,42,874,999,0,10,5.986080000000007,5.986080000000007,0.0
20,32,0.001,0.1,32,mse,1643,42,874,999,3,13,5.986080000000007,5.983657327726308,0.040471765724803266
20,64,3e-05,0.0,256,mae,1646,42,874,999,0,10,5.986080000000007,5.986080000000007,0.0
5,64,0.0001,0.001,32,mae,1647,42,874,999,0,10,5.986080000000007,5.986080000000007,0.0
20,16,0.0001,0.001,32,mae,1650,42,874,999,0,10,5.986080000000007,5.986080000000007,0.0
30,24,0.001,0.0,64,mse,1649,42,874,999,1,11,5.986080000000007,5.984449914511461,0.027231268017580135
20,64,0.0003,0.001,64,mse,1651,42,874,999,2,12,5.986080000000007,5.985407701498316,0.01123103102016465
30,4,0.0001,0.01,256,mse,1654,42,874,999,6,16,5.986080000000007,5.98486973242046,0.020218032160401744
20,24,0.0003,0.01,32,mse,1653,42,874,999,2,12,5.986080000000007,5.984476563377885,0.02678608742486821
5,24,0.001,0.001,32,mse,1652,42,874,999,20,30,5.986080000000007,5.9834226301218845,0.04439248854213318
20,24,0.0001,0.0,32,mse,1655,42,874,999,4,14,5.986080000000007,5.9846906984449415,0.02320887049731546
60,64,0.0001,0.001,32,mae,1648,42,874,999,0,10,5.986080000000007,5.986080000000007,0.0
20,8,0.003,0.001,256,mae,1657,42,874,999,0,10,5.986080000000007,5.986080000000007,0.0
20,32,0.0001,0.1,32,mse,1656,42,874,999,4,14,5.986080000000007,5.984506553991827,0.026285081525478926
10,16,0.001,0.01,32,mse,1658,42,874,999,3,13,5.986080000000007,5.983277168676061,0.04682248356097096
10,64,0.0003,0.001,64,mse,1659,42,874,999,1,11,5.986080000000007,5.984433407177056,0.027507030025519796
5,16,0.001,0.0,32,mae,1661,42,874,999,0,10,5.986080000000007,5.986080000000007,0.0
30,4,0.001,0.1,64,mae,1662,42,874,999,0,10,5.986080000000007,5.986080000000007,0.0
60,8,0.0001,0.1,32,mse,1663,42,874,999,1,11,5.986080000000007,5.985804156718914,0.004608078760948153
30,4,0.001,0.1,32,mae,1665,42,874,999,0,10,5.986080000000007,5.986080000000007,0.0
60,24,0.003,0.0,256,mse,1664,42,874,999,2,12,5.986080000000007,5.985754726338555,0.005433834186185926
10,32,3e-05,0.01,32,mse,1660,42,874,999,19,29,5.986080000000007,5.984251778251163,0.030541218106749923
5,32,0.003,0.01,64,mse,1667,42,874,999,4,14,5.986080000000007,5.983947791696419,0.03561944216562418
20,4,0.0003,0.001,64,mse,1669,42,874,999,1,11,5.986080000000007,5.985034107214797,0.017472081649605453
30,32,0.0001,0.01,256,mae,1668,42,874,999,0,10,5.986080000000007,5.986080000000007,0.0
30,64,0.0003,0.0,256,mse,1666,42,874,999,3,13,5.986080000000007,5.984145221277613,0.032321297449988684
60,4,0.0001,0.01,256,mse,1670,42,874,999,4,14,5.986080000000007,5.985263059496421,0.013647336881339456
30,4,0.0001,0.1,64,mse,1672,42,874,999,1,11,5.986080000000007,5.985700862882673,0.006333646014322625
30,16,0.0003,0.001,64,mae,1674,42,874,999,0,10,5.986080000000007,5.986080000000007,0.0
10,24,0.0001,0.001,256,mse,1675,42,874,999,14,24,5.986080000000007,5.983888834840251,0.03660434140133617
30,4,0.001,0.0,256,mae,1677,42,874,999,0,10,5.986080000000007,5.986080000000007,0.0
10,24,3e-05,0.01,64,mae,1676,42,874,999,0,10,5.986080000000007,5.986080000000007,0.0
10,4,3e-05,0.1,64,mse,1673,42,874,999,21,31,5.986080000000007,5.984505256923106,0.02630674960744095
30,64,0.0003,0.1,32,mse,1671,42,874,999,1,11,5.986080000000007,5.984378261290956,0.028428265393232177
10,8,0.0003,0.001,64,mse,1679,42,874,999,5,15,5.986080000000007,5.984141212969063,0.03238825794082967
5,8,0.003,0.1,256,mse,1681,42,874,999,8,18,5.986080000000007,5.9829379194717855,0.052489785105136466
60,16,3e-05,0.001,64,mae,1678,42,874,999,0,10,5.986080000000007,5.986080000000007,0.0
20,16,0.0001,0.001,256,mse,1683,42,874,999,13,23,5.986080000000007,5.9843446955376365,0.02898899550909384
30,4,3e-05,0.01,64,mse,1684,42,874,999,1,11,5.986080000000007,5.98596420713792,0.0019343687703288204
20,24,0.003,0.01,32,mae,1682,42,874,999,0,10,5.986080000000007,5.986080000000007,0.0
20,8,0.003,0.1,32,mse,1680,42,874,999,10,20,5.986080000000007,5.98429587181127,0.029804616522621785
10,32,0.0001,0.0,64,mae,1687,42,874,999,0,10,5.986080000000007,5.986080000000007,0.0
60,8,0.0001,0.001,32,mse,1685,42,874,999,1,11,5.986080000000007,5.985803292006425,0.004622524149067164
10,64,0.0003,0.0,32,mae,1686,42,874,999,0,10,5.986080000000007,5.986080000000007,0.0
5,32,0.0001,0.001,64,mse,1688,42,874,999,8,18,5.986080000000007,5.984331135273745,0.029215525456760538
10,32,0.0001,0.1,256,mse,1690,42,874,999,13,23,5.986080000000007,5.9838697718606,0.03692279654478048
20,32,0.0001,0.01,256,mae,1691,42,874,999,0,10,5.986080000000007,5.986080000000007,0.0
10,64,0.001,0.01,256,mse,1689,42,874,999,8,18,5.986080000000007,5.983314232584422,0.046203315284554236
10,16,0.003,0.1,64,mse,1692,42,874,999,3,13,5.986080000000007,5.9841314251830555,0.032551767048749625
20,16,0.0001,0.01,256,mae,1694,42,874,999,0,10,5.986080000000007,5.986080000000007,0.0
10,16,0.0001,0.0,256,mse,1695,42,874,999,1,11,5.986080000000007,5.986063373937323,0.0002777454141122959
60,4,0.001,0.001,256,mae,1697,42,874,999,0,10,5.986080000000007,5.986080000000007,0.0
30,24,0.0001,0.1,256,mse,1693,42,874,999,7,17,5.986080000000007,5.98473637017299,0.022445904949774942
10,16,0.001,0.001,64,mse,1699,42,874,999,2,12,5.986080000000007,5.983680046081476,0.04009224598621186
5,4,0.001,0.1,256,mse,1701,42,874,999,3,13,5.986080000000007,5.982661779640039,0.057102817870269273
60,24,0.0003,0.01,32,mae,1696,42,874,999,0,10,5.986080000000007,5.986080000000007,0.0
30,64,0.0003,0.0,64,mae,1698,42,874,999,0,10,5.986080000000007,5.986080000000007,0.0
60,32,3e-05,0.1,64,mae,1700,42,874,999,0,10,5.986080000000007,5.986080000000007,0.0
60,8,3e-05,0.1,64,mae,1702,42,874,999,0,10,5.986080000000007,5.986080000000007,0.0
5,16,0.001,0.1,64,mse,1704,42,874,999,3,13,5.986080000000007,5.984844498538088,0.02063957484562673
5,32,0.0001,0.0,32,mae,1703,42,874,999,0,10,5.986080000000007,5.986080000000007,0.0
10,4,0.003,0.1,64,mse,1705,42,874,999,1,11,5.986080000000007,5.984322487336009,0.02935999291687752
20,32,0.0001,0.1,256,mae,1706,42,874,999,0,10,5.986080000000007,5.986080000000007,0.0
10,4,3e-05,0.001,256,mae,1708,42,874,999,0,10,5.986080000000007,5.986080000000007,0.0
5,16,0.0003,0.01,256,mae,1711,42,874,999,0,10,5.986080000000007,5.986080000000007,0.0
10,32,3e-05,0.001,256,mse,1709,42,874,999,1,11,5.986080000000007,5.98597674546887,0.001724910644995692
5,8,0.0003,0.001,32,mae,1707,42,874,999,0,10,5.986080000000007,5.986080000000007,0.0
5,24,0.001,0.0,64,mse,1710,42,874,999,2,12,5.986080000000007,5.984416618743431,0.027787487914898712
5,16,0.003,0.01,64,mae,1713,42,874,999,0,10,5.986080000000007,5.986080000000007,0.0
10,16,0.001,0.0,32,mse,1714,42,874,999,3,13,5.986080000000007,5.983275714386889,0.04684677807711424
10,24,3e-05,0.01,64,mse,1715,42,874,999,15,25,5.986080000000007,5.9847575957467924,0.022091322755712905
60,8,0.001,0.0,64,mae,1718,42,874,999,0,10,5.986080000000007,5.986080000000007,0.0
20,32,0.003,0.1,64,mse,1717,42,874,999,8,18,5.986080000000007,5.9831674494032505,0.04865539045179057
30,64,0.0001,0.01,256,mse,1716,42,874,999,5,15,5.986080000000007,5.984389424755907,0.02824177498630398
5,32,0.0001,0.01,32,mae,1719,42,874,999,0,10,5.986080000000007,5.986080000000007,0.0
10,24,0.003,0.001,32,mse,1720,42,874,999,0,10,5.986080000000007,5.986080000000007,0.0
60,64,3e-05,0.1,256,mae,1712,42,874,999,0,10,5.986080000000007,5.986080000000007,0.0
60,4,0.0001,0.001,64,mae,1722,42,874,999,0,10,5.986080000000007,5.986080000000007,0.0
30,8,0.003,0.01,32,mse,1723,42,874,999,2,12,5.986080000000007,5.984891862011855,0.019848347969830815
20,16,0.001,0.001,32,mae,1724,42,874,999,0,10,5.986080000000007,5.986080000000007,0.0
5,4,0.0003,0.001,64,mae,1726,42,874,999,0,10,5.986080000000007,5.986080000000007,0.0
30,32,0.001,0.001,256,mse,1725,42,874,999,7,17,5.986080000000007,5.984084376963134,0.03333772747563524
20,32,0.003,0.01,32,mae,1727,42,874,999,0,10,5.986080000000007,5.986080000000007,0.0
60,24,0.0001,0.001,64,mae,1728,42,874,999,0,10,5.986080000000007,5.986080000000007,0.0
5,32,3e-05,0.0,32,mse,1730,42,874,999,1,11,5.986080000000007,5.98601610100062,0.001067459829939832
10,16,3e-05,0.01,32,mse,1731,42,874,999,0,10,5.986080000000007,5.986080000000007,0.0
30,4,0.0003,0.001,32,mse,1729,42,874,999,22,32,5.986080000000007,5.983035963500235,0.050851918112893024
20,24,0.0001,0.001,32,mse,1733,42,874,999,4,14,5.986080000000007,5.984690855665398,0.02320624406305649
20,8,0.001,0.0,32,mae,1734,42,874,999,0,10,5.986080000000007,5.986080000000007,0.0
30,4,0.003,0.01,64,mae,1736,42,874,999,0,10,5.986080000000007,5.986080000000007,0.0
20,64,0.001,0.1,64,mse,1735,42,874,999,1,11,5.986080000000007,5.9826527394641085,0.057253837835424815
60,32,0.0001,0.1,32,mse,1721,42,874,999,30,40,5.986080000000007,5.9839576179746015,0.035455290029628994
20,24,0.003,0.1,256,mse,1737,42,874,999,6,16,5.986080000000007,5.983606438719234,0.041321888126677475
30,32,0.0001,0.1,64,mae,1738,42,874,999,0,10,5.986080000000007,5.986080000000007,0.0
10,16,0.001,0.001,32,mae,1739,42,874,999,0,10,5.986080000000007,5.986080000000007,0.0
30,4,0.0003,0.1,64,mse,1741,42,874,999,1,11,5.986080000000007,5.9850298229575145,0.017543651980811426
60,4,0.0003,0.0,256,mse,1742,42,874,999,2,12,5.986080000000007,5.985497592291111,0.009729367280364443
10,16,0.001,0.001,256,mse,1743,42,874,999,8,18,5.986080000000007,5.983842689824971,0.037375213412393915
20,32,3e-05,0.1,256,mse,1745,42,874,999,14,24,5.986080000000007,5.9850414957630615,0.017348652823645505
60,4,0.0003,0.01,32,mse,1744,42,874,999,7,17,5.986080000000007,5.9837829861717005,0.03837258820976741
60,32,3e-05,0.01,64,mae,1746,42,874,999,0,10,5.986080000000007,5.986080000000007,0.0
5,32,0.0003,0.0,32,mae,1747,42,874,999,0,10,5.986080000000007,5.986080000000007,0.0
5,24,0.0001,0.001,256,mse,1748,42,874,999,1,11,5.986080000000007,5.985660024870558,0.007015862291337438
5,32,0.001,0.0,256,mae,1749,42,874,999,0,10,5.986080000000007,5.986080000000007,0.0
60,64,3e-05,0.1,64,mse,1732,42,874,999,18,28,5.986080000000007,5.984612520575732,0.02451486489113419
60,24,0.001,0.001,32,mse,1740,42,874,999,19,29,5.986080000000007,5.98296446750018,0.05204628905439712
60,16,0.003,0.001,256,mse,1750,42,874,999,2,12,5.986080000000007,5.9841841111114205,0.03167162631616538
5,24,3e-05,0.1,32,mse,1751,42,874,999,1,11,5.986080000000007,5.985944633191781,0.0022613598252396727
60,4,3e-05,0.001,64,mae,1752,42,874,999,0,10,5.986080000000007,5.986080000000007,0.0
5,8,0.0003,0.0,32,mae,1753,42,874,999,0,10,5.986080000000007,5.986080000000007,0.0
30,24,0.001,0.001,256,mae,1755,42,874,999,0,10,5.986080000000007,5.986080000000007,0.0
5,32,0.003,0.0,32,mae,1754,42,874,999,0,10,5.986080000000007,5.986080000000007,0.0
60,16,3e-05,0.1,64,mae,1756,42,874,999,0,10,5.986080000000007,5.986080000000007,0.0
5,24,3e-05,0.1,64,mae,1760,42,874,999,0,10,5.986080000000007,5.986080000000007,0.0
20,32,0.003,0.0,32,mse,1757,42,874,999,3,13,5.986080000000007,5.98407442680619,0.033503949058777405
10,16,0.001,0.1,32,mse,1758,42,874,999,3,13,5.986080000000007,5.983285697885514,0.046679999507071024
10,24,0.0003,0.0,256,mae,1762,42,874,999,0,10,5.986080000000007,5.986080000000007,0.0
60,4,3e-05,0.01,64,mae,1763,42,874,999,0,10,5.986080000000007,5.986080000000007,0.0
20,64,0.001,0.01,32,mae,1759,42,874,999,0,10,5.986080000000007,5.986080000000007,0.0
30,4,3e-05,0.001,32,mae,1761,42,874,999,0,10,5.986080000000007,5.986080000000007,0.0
5,4,0.0001,0.01,256,mae,1767,42,874,999,0,10,5.986080000000007,5.986080000000007,0.0
60,4,3e-05,0.1,256,mae,1765,42,874,999,0,10,5.986080000000007,5.986080000000007,0.0
5,8,3e-05,0.01,64,mae,1769,42,874,999,0,10,5.986080000000007,5.986080000000007,0.0
20,4,0.001,0.01,32,mse,1768,42,874,999,1,11,5.986080000000007,5.984081743520563,0.03338172024838215
10,64,0.003,0.01,32,mse,1766,42,874,999,3,13,5.986080000000007,5.984752266515852,0.02218034981414929
30,64,0.0001,0.1,32,mse,1764,42,874,999,1,11,5.986080000000007,5.98510299281303,0.01632131857537411
30,32,0.003,0.1,64,mae,1772,42,874,999,0,10,5.986080000000007,5.986080000000007,0.0
20,8,0.0003,0.0,256,mse,1774,42,874,999,6,16,5.986080000000007,5.984481909686159,0.026696775082335478
30,64,3e-05,0.0,32,mae,1770,42,874,999,0,10,5.986080000000007,5.986080000000007,0.0
30,64,0.003,0.1,32,mse,1771,42,874,999,0,10,5.986080000000007,5.986080000000007,0.0
10,4,0.0003,0.01,64,mae,1775,42,874,999,0,10,5.986080000000007,5.986080000000007,0.0
20,8,0.003,0.001,32,mse,1773,42,874,999,10,20,5.986080000000007,5.984245875707899,0.030639822590217136
30,8,0.0003,0.1,256,mse,1777,42,874,999,7,17,5.986080000000007,5.9840573195941325,0.03378973227680104
60,24,0.003,0.0,256,mae,1776,42,874,999,0,10,5.986080000000007,5.986080000000007,0.0
30,32,0.0003,0.01,64,mse,1778,42,874,999,1,11,5.986080000000007,5.984942329776601,0.019005262599336437
30,4,3e-05,0.001,64,mse,1781,42,874,999,1,11,5.986080000000007,5.98596420713792,0.0019343687703288204
5,32,0.001,0.01,32,mae,1780,42,874,999,0,10,5.986080000000007,5.986080000000007,0.0
30,8,0.0003,0.0,256,mae,1782,42,874,999,0,10,5.986080000000007,5.986080000000007,0.0
5,8,0.0001,0.001,256,mae,1785,42,874,999,0,10,5.986080000000007,5.986080000000007,0.0
10,24,0.0001,0.001,64,mae,1786,42,874,999,0,10,5.986080000000007,5.986080000000007,0.0
5,64,0.0001,0.0,32,mae,1783,42,874,999,0,10,5.986080000000007,5.986080000000007,0.0
20,4,0.0001,0.1,256,mae,1787,42,874,999,0,10,5.986080000000007,5.986080000000007,0.0
60,16,0.0003,0.001,64,mse,1784,42,874,999,7,17,5.986080000000007,5.98424702233252,0.030620667740621776
5,8,3e-05,0.0,32,mae,1789,42,874,999,0,10,5.986080000000007,5.986080000000007,0.0
5,16,0.001,0.1,256,mse,1790,42,874,999,9,19,5.986080000000007,5.983106308538106,0.049676774481810515
60,32,3e-05,0.1,256,mae,1788,42,874,999,0,10,5.986080000000007,5.986080000000007,0.0
20,32,0.0003,0.1,32,mae,1791,42,874,999,0,10,5.986080000000007,5.986080000000007,0.0
30,16,0.0003,0.01,32,mse,1779,42,874,999,33,43,5.986080000000007,5.983226260965788,0.047672918407704046
60,24,0.003,0.0,32,mse,1792,42,874,999,0,10,5.986080000000007,5.986080000000007,0.0
60,4,0.001,0.1,256,mse,1794,42,874,999,1,11,5.986080000000007,5.985984346807072,0.00159792707306039
60,4,0.0003,0.001,64,mae,1797,42,874,999,0,10,5.986080000000007,5.986080000000007,0.0
10,64,0.001,0.1,256,mse,1796,42,874,999,8,18,5.986080000000007,5.983307314884574,0.0463188783884072
60,24,0.0003,0.0,32,mae,1795,42,874,999,0,10,5.986080000000007,5.986080000000007,0.0
30,16,3e-05,0.0,256,mae,1799,42,874,999,0,10,5.986080000000007,5.986080000000007,0.0
30,32,0.001,0.001,32,mse,1793,42,874,999,12,22,5.986080000000007,5.983817096233191,0.03780276519551595
5,32,0.001,0.0,64,mae,1800,42,874,999,0,10,5.986080000000007,5.986080000000007,0.0
30,4,0.0001,0.001,256,mae,1801,42,874,999,0,10,5.986080000000007,5.986080000000007,0.0
5,64,0.003,0.001,32,mse,1798,42,874,999,4,14,5.986080000000007,5.986042889197242,0.0006199516672800165
30,16,0.0001,0.0,64,mae,1804,42,874,999,0,10,5.986080000000007,5.986080000000007,0.0
20,8,0.0003,0.01,256,mse,1806,42,874,999,6,16,5.986080000000007,5.984482302737277,0.02669020899704888
10,64,0.003,0.1,64,mse,1803,42,874,999,4,14,5.986080000000007,5.984249419131458,0.030580628199916582
30,64,0.003,0.001,64,mae,1802,42,874,999,0,10,5.986080000000007,5.986080000000007,0.0
60,4,0.003,0.01,256,mae,1807,42,874,999,0,10,5.986080000000007,5.986080000000007,0.0
10,16,0.0003,0.0,32,mse,1805,42,874,999,5,15,5.986080000000007,5.983749340995206,0.03893464512337852
30,8,3e-05,0.1,256,mae,1811,42,874,999,0,10,5.986080000000007,5.986080000000007,0.0
5,32,3e-05,0.1,32,mae,1810,42,874,999,0,10,5.986080000000007,5.986080000000007,0.0
20,64,0.003,0.1,256,mae,1809,42,874,999,0,10,5.986080000000007,5.986080000000007,0.0
30,16,0.003,0.001,256,mse,1813,42,874,999,5,15,5.986080000000007,5.982984816434671,0.051706351491065394
20,24,0.001,0.01,32,mae,1812,42,874,999,0,10,5.986080000000007,5.986080000000007,0.0
30,24,0.001,0.0,64,mae,1815,42,874,999,0,10,5.986080000000007,5.986080000000007,0.0
10,8,0.0001,0.01,64,mse,1816,42,874,999,13,23,5.986080000000007,5.9842175041928565,0.031113780757208165
10,24,0.0001,0.001,256,mae,1817,42,874,999,0,10,5.986080000000007,5.986080000000007,0.0
60,8,0.003,0.0,64,mae,1819,42,874,999,0,10,5.986080000000007,5.986080000000007,0.0
60,64,0.001,0.01,256,mae,1808,42,874,999,0,10,5.986080000000007,5.986080000000007,0.0
60,24,0.0001,0.0,256,mse,1820,42,874,999,2,12,5.986080000000007,5.985460764213431,0.010344595905442677
5,16,3e-05,0.001,256,mse,1822,42,874,999,1,11,5.986080000000007,5.98605331182846,0.00044583720143487326
30,16,0.0003,0.1,32,mse,1814,42,874,999,34,44,5.986080000000007,5.983235695005782,0.0475153187766475
20,64,0.003,0.1,32,mse,1818,42,874,999,7,17,5.986080000000007,5.984977838557776,0.01841207338076911
5,24,0.001,0.01,256,mae,1824,42,874,999,0,10,5.986080000000007,5.986080000000007,0.0
30,16,0.003,0.001,32,mae,1823,42,874,999,0,10,5.986080000000007,5.986080000000007,0.0
20,24,3e-05,0.001,256,mae,1825,42,874,999,0,10,5.986080000000007,5.986080000000007,0.0
30,4,3e-05,0.01,256,mae,1827,42,874,999,0,10,5.986080000000007,5.986080000000007,0.0
10,32,0.003,0.1,64,mae,1826,42,874,999,0,10,5.986080000000007,5.986080000000007,0.0
30,32,0.001,0.01,32,mse,1821,42,874,999,12,22,5.986080000000007,5.983816545961629,0.03781195771487278
20,4,0.0003,0.1,256,mae,1830,42,874,999,0,10,5.986080000000007,5.986080000000007,0.0
60,4,0.0003,0.01,64,mse,1828,42,874,999,4,14,5.986080000000007,5.984676154740286,0.023451829239196087
20,4,0.0003,0.01,256,mse,1833,42,874,999,2,12,5.986080000000007,5.985265299074896,0.013609923775026456
30,24,0.003,0.0,32,mse,1832,42,874,999,0,10,5.986080000000007,5.986080000000007,0.0
20,16,3e-05,0.0,256,mse,1829,42,874,999,44,54,5.986080000000007,5.984408762871375,0.02791872358258729
20,64,0.003,0.001,64,mae,1831,42,874,999,0,10,5.986080000000007,5.986080000000007,0.0
5,4,0.0003,0.01,256,mse,1836,42,874,999,8,18,5.986080000000007,5.98318417196641,0.0483760329564209
5,24,3e-05,0.001,32,mae,1834,42,874,999,0,10,5.986080000000007,5.986080000000007,0.0
10,4,0.0001,0.1,64,mse,1838,42,874,999,6,16,5.986080000000007,5.984500265173785,0.026390138892606885
10,64,0.001,0.001,32,mae,1835,42,874,999,0,10,5.986080000000007,5.986080000000007,0.0
5,16,0.0001,0.001,256,mae,1841,42,874,999,0,10,5.986080000000007,5.986080000000007,0.0
20,32,0.0001,0.0,32,mae,1839,42,874,999,0,10,5.986080000000007,5.986080000000007,0.0
20,32,0.003,0.001,64,mae,1840,42,874,999,3,13,5.986080000000007,5.985255630830121,0.013771435896048345
30,4,0.0003,0.1,256,mae,1844,42,874,999,0,10,5.986080000000007,5.986080000000007,0.0
60,16,0.001,0.1,64,mae,1843,42,874,999,0,10,5.986080000000007,5.986080000000007,0.0
5,24,0.001,0.01,32,mse,1837,42,874,999,20,30,5.986080000000007,5.983420625561148,0.044425975577655485
5,4,0.0003,0.001,256,mae,1845,42,874,999,0,10,5.986080000000007,5.986080000000007,0.0
20,16,3e-05,0.1,256,mse,1842,42,874,999,44,54,5.986080000000007,5.984409155922498,0.027912157497211876
60,16,0.001,0.1,256,mse,1846,42,874,999,3,13,5.986080000000007,5.985252524913274,0.013823321551564849
30,24,3e-05,0.0,64,mae,1848,42,874,999,0,10,5.986080000000007,5.986080000000007,0.0
30,4,3e-05,0.1,256,mse,1847,42,874,999,19,29,5.986080000000007,5.984811522361457,0.02119045583337531
30,16,3e-05,0.0,256,mse,1851,42,874,999,1,11,5.986080000000007,5.986058814544254,0.000353912005068846
5,64,0.0003,0.01,32,mae,1849,42,874,999,0,10,5.986080000000007,5.986080000000007,0.0
10,8,0.003,0.01,64,mae,1853,42,874,999,0,10,5.986080000000007,5.986080000000007,0.0
5,24,0.003,0.0,64,mse,1855,42,874,999,4,14,5.986080000000007,5.983660309764413,0.04042194951612288
10,32,0.003,0.01,32,mae,1854,42,874,999,0,10,5.986080000000007,5.986080000000007,0.0
5,24,3e-05,0.1,32,mae,1856,42,874,999,0,10,5.986080000000007,5.986080000000007,0.0
5,8,3e-05,0.001,256,mae,1858,42,874,999,0,10,5.986080000000007,5.986080000000007,0.0
20,8,3e-05,0.001,32,mse,1857,42,874,999,1,11,5.986080000000007,5.9860522505904195,0.00046356563206950696
10,8,0.001,0.01,256,mse,1859,42,874,999,10,20,5.986080000000007,5.984060204318803,0.033741541730214486
20,64,0.003,0.001,32,mse,1850,42,874,999,7,17,5.986080000000007,5.984763704303652,0.021989276727929497
20,24,0.001,0.1,256,mse,1861,42,874,999,2,12,5.986080000000007,5.984361320787384,0.028711263675451626
5,32,0.001,0.01,64,mse,1862,42,874,999,2,12,5.986080000000007,5.983944839475415,0.03566876026702692
60,64,0.0001,0.01,32,mae,1852,42,874,999,0,10,5.986080000000007,5.986080000000007,0.0
30,32,3e-05,0.01,64,mse,1863,42,874,999,1,11,5.986080000000007,5.985920696378138,0.0026612344283583056
20,64,0.0003,0.01,32,mse,1860,42,874,999,1,11,5.986080000000007,5.984275557031417,0.030143983518271522
5,8,0.001,0.01,64,mae,1867,42,874,999,0,10,5.986080000000007,5.986080000000007,0.0
10,4,0.0003,0.001,32,mse,1866,42,874,999,2,12,5.986080000000007,5.984155205589191,0.03215450529923114
20,64,3e-05,0.001,256,mse,1864,42,874,999,9,19,5.986080000000007,5.984968270338053,0.01857191454097684
10,8,0.0001,0.1,32,mae,1869,42,874,999,0,10,5.986080000000007,5.986080000000007,0.0
5,24,0.0001,0.1,64,mse,1870,42,874,999,9,19,5.986080000000007,5.984464065164977,0.026994875361341375
60,32,0.0001,0.1,256,mse,1868,42,874,999,2,12,5.986080000000007,5.9854093138208775,0.011204096489358939
30,4,0.0003,0.001,256,mse,1871,42,874,999,2,12,5.986080000000007,5.985039884253442,0.01737557377391452
5,8,0.001,0.001,64,mse,1873,42,874,999,3,13,5.986080000000007,5.984159253202862,0.032086888199711616
10,24,0.0003,0.1,64,mse,1874,42,874,999,2,12,5.986080000000007,5.984542714695528,0.02568100166518983
60,64,3e-05,0.01,32,mae,1865,42,874,999,0,10,5.986080000000007,5.986080000000007,0.0
10,8,0.003,0.001,64,mae,1875,42,874,999,0,10,5.986080000000007,5.986080000000007,0.0
20,24,0.0003,0.0,256,mae,1876,42,874,999,0,10,5.986080000000007,5.986080000000007,0.0
30,16,0.003,0.01,64,mse,1877,42,874,999,0,10,5.986080000000007,5.986080000000007,0.0
60,16,0.001,0.01,64,mae,1879,42,874,999,0,10,5.986080000000007,5.986080000000007,0.0
60,16,3e-05,0.0,32,mae,1878,42,874,999,0,10,5.986080000000007,5.986080000000007,0.0
5,16,3e-05,0.0,32,mse,1880,42,874,999,0,10,5.986080000000007,5.986080000000007,0.0
5,24,0.0001,0.0,64,mae,1883,42,874,999,0,10,5.986080000000007,5.986080000000007,0.0
10,24,0.0001,0.01,64,mse,1881,42,874,999,5,15,5.986080000000007,5.984725404046539,0.022629098733528696
60,4,3e-05,0.1,64,mae,1882,42,874,999,0,10,5.986080000000007,5.986080000000007,0.0
30,16,0.001,0.01,256,mae,1885,42,874,999,0,10,5.986080000000007,5.986080000000007,0.0
60,64,0.003,0.01,32,mse,1872,42,874,999,0,10,5.986080000000007,5.986080000000007,0.0
5,4,0.0001,0.1,32,mse,1884,42,874,999,1,11,5.986080000000007,5.985645521283952,0.007258150844213773
10,8,0.0003,0.01,64,mse,1886,42,874,999,5,15,5.986080000000007,5.984141252274181,0.03238760133219554
10,4,0.0003,0.1,256,mae,1890,42,874,999,0,10,5.986080000000007,5.986080000000007,0.0
30,8,0.0001,0.001,64,mae,1889,42,874,999,0,10,5.986080000000007,5.986080000000007,0.0
10,32,0.0003,0.001,32,mae,1888,42,874,999,0,10,5.986080000000007,5.986080000000007,0.0
5,8,0.001,0.1,256,mse,1892,42,874,999,12,22,5.986080000000007,5.983359472769165,0.045447558850564285
5,16,3e-05,0.001,64,mae,1893,42,874,999,0,10,5.986080000000007,5.986080000000007,0.0
30,8,0.001,0.001,256,mse,1894,42,874,999,4,14,5.986080000000007,5.984260896224363,0.030388898505273598
20,32,0.0003,0.01,64,mae,1895,42,874,999,0,10,5.986080000000007,5.986080000000007,0.0
5,24,0.001,0.0,32,mse,1887,42,874,999,20,30,5.986080000000007,5.983422630121888,0.04439248854207767
20,8,0.0001,0.01,64,mse,1896,42,874,999,9,19,5.986080000000007,5.984501837378301,0.026363874550738853
30,16,0.0001,0.001,256,mae,1899,42,874,999,0,10,5.986080000000007,5.986080000000007,0.0
5,32,0.001,0.001,32,mae,1897,42,874,999,0,10,5.986080000000007,5.986080000000007,0.0
20,32,0.003,0.01,256,mae,1900,42,874,999,0,10,5.986080000000007,5.986080000000007,0.0
60,24,0.003,0.0,32,mae,1898,42,874,999,0,10,5.986080000000007,5.986080000000007,0.0
5,8,3e-05,0.0,256,mae,1903,42,874,999,0,10,5.986080000000007,5.986080000000007,0.0
30,32,0.0001,0.01,64,mae,1902,42,874,999,0,10,5.986080000000007,5.986080000000007,0.0
5,4,0.0003,0.1,64,mse,1905,42,874,999,3,13,5.986080000000007,5.984243917228611,0.030672539815657096
30,64,0.003,0.1,64,mae,1901,42,874,999,0,10,5.986080000000007,5.986080000000007,0.0
30,8,0.0003,0.01,32,mae,1904,42,874,999,0,10,5.986080000000007,5.986080000000007,0.0
60,24,0.001,0.01,256,mae,1906,42,874,999,0,10,5.986080000000007,5.986080000000007,0.0
30,8,0.003,0.001,32,mae,1907,42,874,999,0,10,5.986080000000007,5.986080000000007,0.0
30,4,0.001,0.1,64,mse,1910,42,874,999,1,11,5.986080000000007,5.985406522344927,0.011250729276601756
30,64,0.0001,0.001,64,mae,1908,42,874,999,0,10,5.986080000000007,5.986080000000007,0.0
60,64,3e-05,0.0,256,mse,1891,42,874,999,6,16,5.986080000000007,5.985260465358986,0.01369067304515248
30,16,0.003,0.0,32,mse,1909,42,874,999,2,12,5.986080000000007,5.985036213426512,0.017436896491451748
5,4,0.0001,0.0,64,mse,1912,42,874,999,11,21,5.986080000000007,5.984197969551839,0.03144011520341827
60,32,0.0001,0.001,256,mae,1911,42,874,999,0,10,5.986080000000007,5.986080000000007,0.0
60,24,0.0003,0.001,256,mae,1913,42,874,999,0,10,5.986080000000007,5.986080000000007,0.0
30,24,0.0003,0.01,256,mse,1917,42,874,999,3,13,5.986080000000007,5.984491735964335,0.02653262294644021
20,16,0.003,0.001,32,mae,1916,42,874,999,0,10,5.986080000000007,5.986080000000007,0.0
5,4,0.003,0.01,256,mse,1919,42,874,999,8,18,5.986080000000007,5.983155422038757,0.04885631266622337
10,4,0.0003,0.0,256,mae,1920,42,874,999,0,10,5.986080000000007,5.986080000000007,0.0
10,64,3e-05,0.0,32,mse,1918,42,874,999,12,22,5.986080000000007,5.984209879000975,0.031241162814932277
30,4,0.0003,0.01,32,mse,1921,42,874,999,22,32,5.986080000000007,5.983035531143993,0.05085914080691367
20,32,0.003,0.1,32,mae,1922,42,874,999,0,10,5.986080000000007,5.986080000000007,0.0
60,64,0.0001,0.0,32,mse,1914,42,874,999,8,18,5.986080000000007,5.984112598846987,0.03286626896099598
5,24,0.0001,0.1,64,mae,1925,42,874,999,0,10,5.986080000000007,5.986080000000007,0.0
60,32,0.003,0.1,256,mse,1923,42,874,999,2,12,5.986080000000007,5.98430244172852,0.029694863274254413
30,16,0.003,0.01,256,mae,1926,42,874,999,0,10,5.986080000000007,5.986080000000007,0.0
10,4,3e-05,0.001,32,mae,1927,42,874,999,0,10,5.986080000000007,5.986080000000007,0.0
20,8,0.0001,0.1,64,mae,1928,42,874,999,0,10,5.986080000000007,5.986080000000007,0.0
5,4,0.003,0.001,256,mae,1929,42,874,999,0,10,5.986080000000007,5.986080000000007,0.0
60,8,0.0003,0.01,32,mse,1924,42,874,999,15,25,5.986080000000007,5.98376148627504,0.03873175308327648
60,4,0.0003,0.001,256,mse,1930,42,874,999,2,12,5.986080000000007,5.985497867426897,0.009724771020602763
10,8,0.0003,0.0,256,mae,1933,42,874,999,0,10,5.986080000000007,5.986080000000007,0.0
10,32,3e-05,0.1,64,mae,1932,42,874,999,0,10,5.986080000000007,5.986080000000007,0.0
30,64,0.0003,0.001,256,mse,1931,42,874,999,3,13,5.986080000000007,5.984145064057162,0.032323923884169936
60,4,3e-05,0.1,32,mae,1934,42,874,999,0,10,5.986080000000007,5.986080000000007,0.0
10,16,0.0001,0.001,32,mae,1937,42,874,999,0,10,5.986080000000007,5.986080000000007,0.0
30,64,0.003,0.01,32,mse,1935,42,874,999,0,10,5.986080000000007,5.986080000000007,0.0
5,24,3e-05,0.01,256,mse,1939,42,874,999,1,11,5.986080000000007,5.985947581075237,0.0022121141844078096
10,8,3e-05,0.0,64,mae,1940,42,874,999,0,10,5.986080000000007,5.986080000000007,0.0
30,64,0.003,0.0,256,mae,1936,42,874,999,3,13,5.986080000000007,5.98590851179319,0.002864783077027866
20,4,0.003,0.01,256,mae,1941,42,874,999,0,10,5.986080000000007,5.986080000000007,0.0
30,8,3e-05,0.001,64,mse,1943,42,874,999,1,11,5.986080000000007,5.986033973713005,0.0007688886049295185
60,64,3e-05,0.0,32,mse,1915,42,874,999,24,34,5.986080000000007,5.984173718297283,0.031845242675077046
20,64,0.001,0.01,64,mae,1942,42,874,999,0,10,5.986080000000007,5.986080000000007,0.0
5,32,0.003,0.001,64,mae,1946,42,874,999,0,10,5.986080000000007,5.986080000000007,0.0
30,64,3e-05,0.001,256,mse,1938,42,874,999,14,24,5.986080000000007,5.984517441508054,0.02610320095877139
60,16,0.0001,0.1,32,mae,1945,42,874,999,0,10,5.986080000000007,5.986080000000007,0.0
60,24,0.003,0.001,256,mae,1947,42,874,999,0,10,5.986080000000007,5.986080000000007,0.0
10,64,0.0001,0.001,256,mae,1949,42,874,999,0,10,5.986080000000007,5.986080000000007,0.0
5,16,0.003,0.01,32,mse,1948,42,874,999,0,10,5.986080000000007,5.986080000000007,0.0
60,32,0.0003,0.01,256,mae,1951,42,874,999,0,10,5.986080000000007,5.986080000000007,0.0
5,4,0.003,0.0,256,mse,1953,42,874,999,8,18,5.986080000000007,5.983158055481304,0.04881231989386503
30,64,0.003,0.001,32,mae,1950,42,874,999,0,10,5.986080000000007,5.986080000000007,0.0
60,64,0.0001,0.01,256,mse,1944,42,874,999,2,12,5.986080000000007,5.985330939426107,0.012513373925848725
20,8,0.003,0.01,32,mae,1954,42,874,999,0,10,5.986080000000007,5.986080000000007,0.0
60,24,0.003,0.0,64,mse,1952,42,874,999,7,17,5.986080000000007,5.984180084912609,0.03173888567140626
5,16,0.003,0.0,64,mse,1955,42,874,999,4,14,5.986080000000007,5.983334317497012,0.04586778831882077
20,16,0.001,0.0,64,mse,1956,42,874,999,2,12,5.986080000000007,5.984360416769783,0.028726365672104848
10,8,3e-05,0.01,64,mae,1960,42,874,999,0,10,5.986080000000007,5.986080000000007,0.0
10,4,0.001,0.0,32,mae,1959,42,874,999,0,10,5.986080000000007,5.986080000000007,0.0
20,24,3e-05,0.0,64,mse,1958,42,874,999,7,17,5.986080000000007,5.985076477313383,0.016764271219638083
20,32,0.0001,0.0,32,mse,1957,42,874,999,4,14,5.986080000000007,5.984506357466263,0.02628836456819439
30,24,0.001,0.1,64,mse,1961,42,874,999,1,11,5.986080000000007,5.984444647626353,0.027319253562496648
10,8,3e-05,0.001,32,mae,1962,42,874,999,0,10,5.986080000000007,5.986080000000007,0.0
20,4,0.001,0.001,64,mse,1964,42,874,999,1,11,5.986080000000007,5.985673639890995,0.006788417612402231
5,64,0.001,0.001,32,mae,1966,42,874,999,0,10,5.986080000000007,5.986080000000007,0.0
60,8,0.001,0.001,64,mae,1967,42,874,999,0,10,5.986080000000007,5.986080000000007,0.0
60,32,3e-05,0.1,32,mse,1963,42,874,999,1,11,5.986080000000007,5.9858261282769325,0.004241034584817616
20,8,0.0001,0.01,256,mse,1968,42,874,999,16,26,5.986080000000007,5.984653004841839,0.023838558090916173
10,16,3e-05,0.0,64,mse,1971,42,874,999,0,10,5.986080000000007,5.986080000000007,0.0
20,4,3e-05,0.001,32,mse,1965,42,874,999,16,26,5.986080000000007,5.984574001565266,0.02515834126408656
30,32,3e-05,0.0,64,mse,1969,42,874,999,1,11,5.986080000000007,5.985920696378138,0.0026612344283583056
10,32,0.003,0.0,256,mae,1974,42,874,999,0,10,5.986080000000007,5.986080000000007,0.0
10,32,0.001,0.001,64,mae,1973,42,874,999,0,10,5.986080000000007,5.986080000000007,0.0
20,24,0.003,0.0,256,mae,1975,42,874,999,0,10,5.986080000000007,5.986080000000007,0.0
20,32,0.0003,0.001,32,mse,1972,42,874,999,2,12,5.986080000000007,5.984216364344591,0.031132822404922322
20,24,0.0001,0.001,64,mse,1976,42,874,999,2,12,5.986080000000007,5.985348704524108,0.012216600444692194
5,32,3e-05,0.01,32,mae,1977,42,874,999,0,10,5.986080000000007,5.986080000000007,0.0
10,4,0.0003,0.001,64,mae,1978,42,874,999,0,10,5.986080000000007,5.986080000000007,0.0
10,16,0.003,0.0,64,mse,1970,42,874,999,42,52,5.986080000000007,5.983562634120468,0.04205366248929421
5,16,0.0003,0.1,64,mae,1980,42,874,999,0,10,5.986080000000007,5.986080000000007,0.0
30,32,0.003,0.001,64,mae,1979,42,874,999,0,10,5.986080000000007,5.986080000000007,0.0
5,16,3e-05,0.001,64,mse,1983,42,874,999,0,10,5.986080000000007,5.986080000000007,0.0
5,16,3e-05,0.1,32,mae,1982,42,874,999,0,10,5.986080000000007,5.986080000000007,0.0
20,32,3e-05,0.0,256,mse,1981,42,874,999,14,24,5.986080000000007,5.985041377847717,0.017350622649381364
60,8,0.003,0.0,256,mse,1985,42,874,999,2,12,5.986080000000007,5.984748375309697,0.022245354059924338
10,64,0.0001,0.0,256,mse,1984,42,874,999,9,19,5.986080000000007,5.983618690800516,0.04111721192318063
30,16,0.001,0.01,64,mae,1987,42,874,999,0,10,5.986080000000007,5.986080000000007,0.0
20,32,0.001,0.01,256,mae,1988,42,874,999,0,10,5.986080000000007,5.986080000000007,0.0
5,8,0.001,0.1,256,mae,1991,42,874,999,0,10,5.986080000000007,5.986080000000007,0.0
20,4,0.001,0.01,64,mse,1989,42,874,999,1,11,5.986080000000007,5.985672853788748,0.00680154978315306
60,16,0.0001,0.0,64,mae,1992,42,874,999,0,10,5.986080000000007,5.986080000000007,0.0
60,16,0.0003,0.1,32,mae,1990,42,874,999,0,10,5.986080000000007,5.986080000000007,0.0
20,4,3e-05,0.1,32,mae,1993,42,874,999,0,10,5.986080000000007,5.986080000000007,0.0
60,32,0.001,0.0,64,mse,1986,42,874,999,6,16,5.986080000000007,5.985193331413513,0.01481217401863022
20,24,3e-05,0.01,256,mae,1997,42,874,999,0,10,5.986080000000007,5.986080000000007,0.0
60,4,0.001,0.01,256,mse,1995,42,874,999,1,11,5.986080000000007,5.985985486655348,0.0015788854251685969
10,24,3e-05,0.1,64,mae,1996,42,874,999,0,10,5.986080000000007,5.986080000000007,0.0
5,4,3e-05,0.0,256,mse,1994,42,874,999,60,60,5.986080000000007,5.98354145625401,0.04240744771197846
5,32,0.0001,0.1,256,mse,2000,42,874,999,1,11,5.986080000000007,5.985710178194391,0.006178029789383199
30,8,0.001,0.1,256,mae,2001,42,874,999,0,10,5.986080000000007,5.986080000000007,0.0
30,24,0.0003,0.1,256,mae,1999,42,874,999,0,10,5.986080000000007,5.986080000000007,0.0
10,32,3e-05,0.0,64,mae,2002,42,874,999,0,10,5.986080000000007,5.986080000000007,0.0
30,4,0.0001,0.1,64,mae,2004,42,874,999,0,10,5.986080000000007,5.986080000000007,0.0
10,64,0.0003,0.0,32,mse,2003,42,874,999,1,11,5.986080000000007,5.984202646860245,0.031361978786825784
60,32,0.0001,0.01,32,mae,1998,42,874,999,0,10,5.986080000000007,5.986080000000007,0.0
60,8,3e-05,0.1,32,mse,2005,42,874,999,1,11,5.986080000000007,5.985987475764656,0.0015456565123028732
10,24,0.001,0.0,32,mae,2007,42,874,999,0,10,5.986080000000007,5.986080000000007,0.0
20,64,0.001,0.01,64,mse,2006,42,874,999,1,11,5.986080000000007,5.982646489951191,0.05735823859381872
30,4,0.0003,0.001,32,mae,2008,42,874,999,0,10,5.986080000000007,5.986080000000007,0.0
60,24,0.0003,0.1,256,mae,2009,42,874,999,0,10,5.986080000000007,5.986080000000007,0.0
20,24,0.003,0.1,64,mae,2011,42,874,999,0,10,5.986080000000007,5.986080000000007,0.0
10,32,0.0003,0.0,32,mse,2013,42,874,999,2,12,5.986080000000007,5.984179361969137,0.03175096274808942
10,32,0.0003,0.01,32,mse,2012,42,874,999,2,12,5.986080000000007,5.98418038390207,0.03173389092590018
60,24,0.001,0.0,64,mse,2010,42,874,999,3,13,5.986080000000007,5.984025183463365,0.034326579942833835
30,24,3e-05,0.1,32,mae,2014,42,874,999,0,10,5.986080000000007,5.986080000000007,0.0
5,16,0.001,0.1,32,mae,2016,42,874,999,0,10,5.986080000000007,5.986080000000007,0.0
30,8,0.0001,0.1,32,mse,2015,42,874,999,1,11,5.986080000000007,5.985999317717484,0.0013478316782222777
60,4,0.0003,0.0,64,mse,2017,42,874,999,4,14,5.986080000000007,5.984676508486318,0.023445919761999612
5,4,3e-05,0.1,256,mse,2018,42,874,999,60,60,5.986080000000007,5.983541967220477,0.042398911800889394
20,16,3e-05,0.1,32,mse,2020,42,874,999,0,10,5.986080000000007,5.986080000000007,0.0
30,24,3e-05,0.1,256,mae,2023,42,874,999,0,10,5.986080000000007,5.986080000000007,0.0
60,24,0.0003,0.1,32,mae,2019,42,874,999,0,10,5.986080000000007,5.986080000000007,0.0
5,4,0.001,0.01,64,mae,2025,42,874,999,0,10,5.986080000000007,5.986080000000007,0.0
10,8,0.003,0.0,64,mse,2024,42,874,999,4,14,5.986080000000007,5.9847508737595785,0.022203616397187265
10,8,3e-05,0.001,64,mse,2026,42,874,999,1,11,5.986080000000007,5.986074025622873,9.980449867663665e-05
60,16,3e-05,0.1,256,mse,2021,42,874,999,26,36,5.986080000000007,5.98499888983381,0.018060402904696016
10,32,0.003,0.0,64,mae,2027,42,874,999,0,10,5.986080000000007,5.986080000000007,0.0
20,16,0.003,0.0,256,mae,2030,42,874,999,0,10,5.986080000000007,5.986080000000007,0.0
20,4,0.0001,0.1,256,mse,2028,42,874,999,5,15,5.986080000000007,5.985055803637024,0.017109633733325413
5,32,0.001,0.1,256,mae,2031,42,874,999,0,10,5.986080000000007,5.986080000000007,0.0
5,8,0.0003,0.1,256,mse,2033,42,874,999,1,11,5.986080000000007,5.98575498602289,0.0054294960494583044
30,4,0.0003,0.01,32,mae,2029,42,874,999,0,10,5.986080000000007,5.986080000000007,0.0
30,24,0.003,0.1,64,mae,2032,42,874,999,0,10,5.986080000000007,5.986080000000007,0.0
20,8,0.001,0.0,64,mae,2036,42,874,999,0,10,5.986080000000007,5.986080000000007,0.0
30,32,3e-05,0.1,256,mae,2035,42,874,999,0,10,5.986080000000007,5.986080000000007,0.0
20,8,0.0003,0.001,32,mse,2034,42,874,999,4,14,5.986080000000007,5.984114036871785,0.0328422461481126
5,16,0.0003,0.0,256,mae,2038,42,874,999,0,10,5.986080000000007,5.986080000000007,0.0
5,24,0.0001,0.1,256,mse,2039,42,874,999,1,11,5.986080000000007,5.985659985565438,0.0070165189000048755
5,64,0.0001,0.1,32,mae,2040,42,874,999,0,10,5.986080000000007,5.986080000000007,0.0
20,24,0.0003,0.001,32,mse,2041,42,874,999,2,12,5.986080000000007,5.984476524072768,0.026786744033480137
60,16,0.001,0.1,64,mse,2042,42,874,999,6,16,5.986080000000007,5.985232204169994,0.014162788168781137
60,32,3e-05,0.001,64,mse,2022,42,874,999,37,47,5.986080000000007,5.984628596366829,0.02424631199681171
20,16,0.001,0.001,64,mse,2045,42,874,999,2,12,5.986080000000007,5.984360338159555,0.02872767888922878
60,8,0.0003,0.01,32,mae,2044,42,874,999,0,10,5.986080000000007,5.986080000000007,0.0
10,32,0.0001,0.0,32,mae,2046,42,874,999,0,10,5.986080000000007,5.986080000000007,0.0
10,16,0.0001,0.01,256,mse,2048,42,874,999,1,11,5.986080000000007,5.986063373937323,0.0002777454141122959
30,24,0.001,0.01,32,mse,2043,42,874,999,21,31,5.986080000000007,5.9834524225844055,0.04389479284609976
60,24,0.0001,0.1,32,mse,2037,42,874,999,23,33,5.986080000000007,5.984134216658993,0.03250513426172885
20,8,0.001,0.01,32,mae,2051,42,874,999,0,10,5.986080000000007,5.986080000000007,0.0
5,64,0.003,0.0,32,mse,2050,42,874,999,4,14,5.986080000000007,5.986039115906422,0.0006829860874746352
60,8,0.001,0.0,32,mse,2047,42,874,999,19,29,5.986080000000007,5.98310000182982,0.04978213071303861
5,64,3e-05,0.1,32,mse,2052,42,874,999,1,11,5.986080000000007,5.9858136685561965,0.0044491794932710604
10,8,0.0003,0.0,32,mae,2053,42,874,999,0,10,5.986080000000007,5.986080000000007,0.0
5,4,3e-05,0.001,32,mse,2055,42,874,999,1,11,5.986080000000007,5.985946284006514,0.0022337822664253437
60,16,0.003,0.1,64,mse,2049,42,874,999,25,35,5.986080000000007,5.983513581339803,0.04287310995182425
10,64,0.001,0.001,256,mse,2056,42,874,999,8,18,5.986080000000007,5.9833150579917875,0.046189526505158174
10,24,0.003,0.1,64,mae,2057,42,874,999,0,10,5.986080000000007,5.986080000000007,0.0
30,16,3e-05,0.01,256,mse,2059,42,874,999,1,11,5.986080000000007,5.986058814544254,0.000353912005068846
60,16,0.003,0.01,256,mse,2060,42,874,999,2,12,5.986080000000007,5.984185054434128,0.03165586771107787
10,24,3e-05,0.0,64,mae,2061,42,874,999,0,10,5.986080000000007,5.986080000000007,0.0
60,32,0.003,0.01,32,mse,2058,42,874,999,0,10,5.986080000000007,5.986080000000007,0.0
5,32,0.0001,0.0,32,mse,2063,42,874,999,1,11,5.986080000000007,5.986028403500893,0.0008619413558452749
5,24,0.001,0.001,64,mae,2064,42,874,999,0,10,5.986080000000007,5.986080000000007,0.0
60,64,0.0003,0.0,256,mae,2054,42,874,999,0,10,5.986080000000007,5.986080000000007,0.0
30,4,0.003,0.1,256,mse,2066,42,874,999,2,12,5.986080000000007,5.982967522185088,0.051995259250114945
30,16,0.0003,0.0,256,mse,2065,42,874,999,7,17,5.986080000000007,5.9839128494512,0.03620316716126393
10,8,0.003,0.1,256,mse,2069,42,874,999,6,16,5.986080000000007,5.983202364270193,0.04807212282185169
5,16,3e-05,0.01,32,mse,2070,42,874,999,0,10,5.986080000000007,5.986080000000007,0.0
20,4,0.0001,0.0,32,mse,2067,42,874,999,5,15,5.986080000000007,5.984540512796284,0.025717785324019804
10,24,0.0003,0.1,64,mae,2072,42,874,999,0,10,5.986080000000007,5.986080000000007,0.0
10,24,0.0003,0.0,32,mse,2071,42,874,999,2,12,5.986080000000007,5.984203511572731,0.031347533398762284
10,16,3e-05,0.01,64,mse,2073,42,874,999,0,10,5.986080000000007,5.986080000000007,0.0
60,64,3e-05,0.01,256,mae,2062,42,874,999,0,10,5.986080000000007,5.986080000000007,0.0
5,24,0.001,0.1,256,mae,2076,42,874,999,0,10,5.986080000000007,5.986080000000007,0.0
10,24,0.001,0.1,256,mse,2074,42,874,999,8,18,5.986080000000007,5.983143294649174,0.04905890584211425
5,8,0.0001,0.0,32,mae,2075,42,874,999,0,10,5.986080000000007,5.986080000000007,0.0
60,64,0.001,0.0,32,mae,2068,42,874,999,0,10,5.986080000000007,5.986080000000007,0.0
20,32,0.001,0.1,256,mae,2079,42,874,999,0,10,5.986080000000007,5.986080000000007,0.0
60,16,0.003,0.1,256,mae,2080,42,874,999,0,10,5.986080000000007,5.986080000000007,0.0
10,32,0.0001,0.01,256,mse,2081,42,874,999,12,22,5.986080000000007,5.983869244629743,0.03693160415939589
10,16,0.0001,0.001,32,mse,2077,42,874,999,12,22,5.986080000000007,5.98385452147686,0.03717756065985123
20,4,0.003,0.0,256,mse,2083,42,874,999,1,11,5.986080000000007,5.985967484913719,0.0018796121382891329
60,64,0.0003,0.0,64,mae,2078,42,874,999,0,10,5.986080000000007,5.986080000000007,0.0
20,64,0.001,0.001,64,mse,2082,42,874,999,1,11,5.986080000000007,5.982646175510286,0.05736349146221453
30,16,0.001,0.001,256,mae,2087,42,874,999,0,10,5.986080000000007,5.986080000000007,0.0
60,16,0.003,0.1,32,mse,2084,42,874,999,5,15,5.986080000000007,5.984048076116292,0.03394414848640892
5,64,3e-05,0.1,64,mse,2085,42,874,999,17,27,5.986080000000007,5.984264906158807,0.03032191085318159
20,32,0.001,0.001,32,mse,2086,42,874,999,3,13,5.986080000000007,5.983648916432204,0.04061227995287853
60,16,0.0003,0.001,32,mae,2089,42,874,999,0,10,5.986080000000007,5.986080000000007,0.0
10,16,3e-05,0.0,32,mse,2091,42,874,999,0,10,5.986080000000007,5.986080000000007,0.0
30,32,3e-05,0.01,256,mse,2088,42,874,999,22,32,5.986080000000007,5.9845940078676465,0.024824127515188366
10,16,3e-05,0.001,64,mae,2093,42,874,999,0,10,5.986080000000007,5.986080000000007,0.0
30,32,0.003,0.001,64,mse,2094,42,874,999,0,10,5.986080000000007,5.986080000000007,0.0
60,24,0.003,0.01,32,mse,2092,42,874,999,0,10,5.986080000000007,5.986080000000007,0.0
10,24,0.003,0.01,32,mae,2097,42,874,999,0,10,5.986080000000007,5.986080000000007,0.0
20,32,0.003,0.0,64,mae,2098,42,874,999,3,13,5.986080000000007,5.985255198473879,0.013778658590080095
60,32,0.001,0.001,32,mse,2095,42,874,999,10,20,5.986080000000007,5.982956056206069,0.05218680328259451
60,64,3e-05,0.0,64,mae,2096,42,874,999,0,10,5.986080000000007,5.986080000000007,0.0
10,24,3e-05,0.01,32,mae,2099,42,874,999,0,10,5.986080000000007,5.986080000000007,0.0
10,32,0.001,0.1,256,mae,2101,42,874,999,0,10,5.986080000000007,5.986080000000007,0.0
20,32,0.001,0.0,64,mse,2100,42,874,999,1,11,5.986080000000007,5.983445198032952,0.04401548203590844
60,32,0.0003,0.1,32,mse,2090,42,874,999,27,37,5.986080000000007,5.983392235342917,0.04490024618932775
5,8,0.003,0.0,32,mse,2104,42,874,999,0,10,5.986080000000007,5.986080000000007,0.0
30,32,0.003,0.01,32,mse,2103,42,874,999,4,14,5.986080000000007,5.985508418274425,0.009548514647017559
30,64,0.001,0.01,32,mae,2102,42,874,999,0,10,5.986080000000007,5.986080000000007,0.0
30,16,0.0001,0.01,256,mse,2105,42,874,999,16,26,5.986080000000007,5.983968270473077,0.0352773355339453
30,16,0.003,0.0,256,mae,2108,42,874,999,0,10,5.986080000000007,5.986080000000007,0.0
10,64,0.001,0.01,32,mae,2106,42,874,999,0,10,5.986080000000007,5.986080000000007,0.0
5,24,0.0003,0.01,256,mse,2109,42,874,999,8,18,5.986080000000007,5.983378665591017,0.045126934638195504
10,24,0.001,0.01,32,mae,2107,42,874,999,0,10,5.986080000000007,5.986080000000007,0.0
5,24,0.0001,0.01,64,mae,2110,42,874,999,0,10,5.986080000000007,5.986080000000007,0.0
5,24,0.0003,0.1,64,mae,2111,42,874,999,0,10,5.986080000000007,5.986080000000007,0.0
10,32,0.001,0.001,256,mse,2113,42,874,999,7,17,5.986080000000007,5.983190658122961,0.04826767896597417
10,16,0.0003,0.01,64,mae,2114,42,874,999,0,10,5.986080000000007,5.986080000000007,0.0
30,32,0.001,0.0,32,mae,2112,42,874,999,0,10,5.986080000000007,5.986080000000007,0.0
20,4,0.001,0.001,32,mae,2117,42,874,999,0,10,5.986080000000007,5.986080000000007,0.0
30,32,0.0001,0.001,256,mse,2116,42,874,999,7,17,5.986080000000007,5.984496884934104,0.026446607227159635
30,64,0.001,0.001,256,mse,2115,42,874,999,1,11,5.986080000000007,5.98423199151508,0.030871763907724947
5,24,0.0001,0.001,256,mae,2121,42,874,999,0,10,5.986080000000007,5.986080000000007,0.0
60,4,0.003,0.001,32,mae,2118,42,874,999,0,10,5.986080000000007,5.986080000000007,0.0
5,16,0.0003,0.0,32,mae,2120,42,874,999,0,10,5.986080000000007,5.986080000000007,0.0
60,16,0.0001,0.0,32,mse,2119,42,874,999,1,11,5.986080000000007,5.985965633235879,0.0019105452003342904
60,24,0.001,0.0,256,mse,2122,42,874,999,0,10,5.986080000000007,5.986080000000007,0.0
20,24,0.001,0.1,32,mae,2124,42,874,999,0,10,5.986080000000007,5.986080000000007,0.0
30,24,0.003,0.01,32,mae,2123,42,874,999,0,10,5.986080000000007,5.986080000000007,0.0
10,24,0.0001,0.001,32,mse,2126,42,874,999,6,16,5.986080000000007,5.984351062965889,0.02888262492514171
60,8,3e-05,0.01,32,mae,2128,42,874,999,0,10,5.986080000000007,5.986080000000007,0.0
5,8,0.003,0.0,64,mae,2129,42,874,999,0,10,5.986080000000007,5.986080000000007,0.0
30,32,3e-05,0.001,256,mse,2125,42,874,999,22,32,5.986080000000007,5.9845937720369715,0.024828067166426937
20,32,0.001,0.01,256,mse,2130,42,874,999,2,12,5.986080000000007,5.984269735537191,0.030241234043248966
5,64,0.003,0.01,64,mse,2131,42,874,999,6,16,5.986080000000007,5.984345598742295,0.028973907092988416
5,24,0.0001,0.01,32,mae,2132,42,874,999,0,10,5.986080000000007,5.986080000000007,0.0
30,4,0.001,0.0,64,mse,2133,42,874,999,1,11,5.986080000000007,5.9854132828243145,0.011137792607063268
10,32,0.0003,0.001,256,mse,2134,42,874,999,6,16,5.986080000000007,5.9839011365276145,0.0363988365072454
10,64,0.001,0.0,256,mae,2136,42,874,999,0,10,5.986080000000007,5.986080000000007,0.0
10,4,0.003,0.01,256,mae,2137,42,874,999,0,10,5.986080000000007,5.986080000000007,0.0
60,64,0.0003,0.001,64,mse,2127,42,874,999,3,13,5.986080000000007,5.985036661234191,0.01742941567464129
30,32,0.0003,0.0,64,mae,2139,42,874,999,0,10,5.986080000000007,5.986080000000007,0.0
5,8,0.0001,0.1,64,mse,2138,42,874,999,20,30,5.986080000000007,5.98410108244898,0.03305865526400664
20,64,3e-05,0.0,64,mse,2135,42,874,999,5,15,5.986080000000007,5.984802207049746,0.02134607205819261
5,24,3e-05,0.001,64,mae,2140,42,874,999,0,10,5.986080000000007,5.986080000000007,0.0
20,4,0.001,0.001,256,mse,2143,42,874,999,1,11,5.986080000000007,5.985928494241898,0.002530967813807461
10,64,0.003,0.001,256,mae,2142,42,874,999,0,10,5.986080000000007,5.986080000000007,0.0
20,16,0.0001,0.01,64,mae,2145,42,874,999,0,10,5.986080000000007,5.986080000000007,0.0
60,32,0.0001,0.01,64,mae,2141,42,874,999,0,10,5.986080000000007,5.986080000000007,0.0
30,4,0.003,0.1,32,mae,2146,42,874,999,0,10,5.986080000000007,5.986080000000007,0.0
30,8,3e-05,0.01,64,mae,2148,42,874,999,0,10,5.986080000000007,5.986080000000007,0.0
30,8,0.003,0.1,32,mse,2147,42,874,999,2,12,5.986080000000007,5.984881446156986,0.02002234923391688
5,8,0.0003,0.0,64,mse,2149,42,874,999,7,17,5.986080000000007,5.9840763988381855,0.03347100542963055
20,16,0.003,0.01,64,mae,2152,42,874,999,0,10,5.986080000000007,5.986080000000007,0.0
30,8,0.0001,0.01,32,mse,2150,42,874,999,1,11,5.986080000000007,5.9859992784123754,0.001348488286689875
10,4,0.001,0.0,64,mse,2153,42,874,999,1,11,5.986080000000007,5.985119909462943,0.01603871877863261
30,64,3e-05,0.01,256,mse,2144,42,874,999,14,24,5.986080000000007,5.984517991779639,0.02609400843904819
20,24,0.0001,0.01,32,mse,2154,42,874,999,4,14,5.986080000000007,5.9846904233091625,0.023213466756955015
5,32,0.001,0.001,64,mse,2156,42,874,999,2,12,5.986080000000007,5.983944171288495,0.03567992261234165
60,8,0.0001,0.01,64,mse,2151,42,874,999,27,37,5.986080000000007,5.984360732023621,0.02872109922330557
10,32,0.0003,0.001,64,mse,2157,42,874,999,2,12,5.986080000000007,5.984293441670636,0.029845213050461172
60,8,0.003,0.01,64,mae,2159,42,874,999,0,10,5.986080000000007,5.986080000000007,0.0
60,4,0.0001,0.1,64,mse,2155,42,874,999,13,23,5.986080000000007,5.984568695375061,0.025246983417304136
5,8,3e-05,0.01,256,mae,2162,42,874,999,0,10,5.986080000000007,5.986080000000007,0.0
60,24,3e-05,0.0,64,mae,2160,42,874,999,0,10,5.986080000000007,5.986080000000007,0.0
60,8,0.003,0.01,32,mae,2161,42,874,999,0,10,5.986080000000007,5.986080000000007,0.0
20,8,0.001,0.0,32,mse,2163,42,874,999,2,12,5.986080000000007,5.983748240452045,0.03895303016268059
30,64,0.0001,0.01,32,mae,2158,42,874,999,0,10,5.986080000000007,5.986080000000007,0.0
30,32,0.003,0.0,256,mae,2164,42,874,999,0,10,5.986080000000007,5.986080000000007,0.0
5,64,3e-05,0.001,64,mae,2165,42,874,999,0,10,5.986080000000007,5.986080000000007,0.0
5,24,3e-05,0.0,64,mae,2167,42,874,999,0,10,5.986080000000007,5.986080000000007,0.0
10,16,0.001,0.1,32,mae,2166,42,874,999,0,10,5.986080000000007,5.986080000000007,0.0
10,4,0.0001,0.1,64,mae,2170,42,874,999,0,10,5.986080000000007,5.986080000000007,0.0
5,16,0.001,0.001,256,mae,2172,42,874,999,0,10,5.986080000000007,5.986080000000007,0.0
60,16,0.0003,0.001,256,mse,2169,42,874,999,4,14,5.986080000000007,5.984785738207495,0.021621191038423415
5,64,0.001,0.0,32,mae,2171,42,874,999,0,10,5.986080000000007,5.986080000000007,0.0
5,16,0.0003,0.001,64,mse,2173,42,874,999,6,16,5.986080000000007,5.983996648764454,0.034803264165417236
10,64,0.001,0.01,64,mse,2174,42,874,999,2,12,5.986080000000007,5.98417411053547,0.03183869017014951
60,24,3e-05,0.01,64,mae,2175,42,874,999,0,10,5.986080000000007,5.986080000000007,0.0
5,4,0.0001,0.01,32,mse,2178,42,874,999,1,11,5.986080000000007,5.985645128232827,0.0072647169296224945
30,64,3e-05,0.1,256,mse,2168,42,874,999,14,24,5.986080000000007,5.9845178738642915,0.02609597826483956
60,24,0.001,0.1,32,mae,2177,42,874,999,0,10,5.986080000000007,5.986080000000007,0.0
20,16,0.0003,0.1,32,mae,2179,42,874,999,0,10,5.986080000000007,5.986080000000007,0.0
30,16,0.001,0.1,64,mse,2181,42,874,999,0,10,5.986080000000007,5.986080000000007,0.0
30,4,3e-05,0.1,32,mae,2180,42,874,999,0,10,5.986080000000007,5.986080000000007,0.0
10,24,3e-05,0.1,256,mse,2183,42,874,999,2,12,5.986080000000007,5.985952336993885,0.002132664550458241
30,4,3e-05,0.1,256,mae,2184,42,874,999,0,10,5.986080000000007,5.986080000000007,0.0
10,64,0.0001,0.001,64,mae,2182,42,874,999,0,10,5.986080000000007,5.986080000000007,0.0
60,16,0.0003,0.01,256,mae,2185,42,874,999,0,10,5.986080000000007,5.986080000000007,0.0
60,64,0.0003,0.01,64,mse,2176,42,874,999,3,13,5.986080000000007,5.985036307488179,0.017435325151493597
5,32,0.0001,0.001,256,mae,2187,42,874,999,0,10,5.986080000000007,5.986080000000007,0.0
20,16,0.0003,0.01,32,mae,2189,42,874,999,0,10,5.986080000000007,5.986080000000007,0.0
10,32,0.001,0.001,32,mse,2190,42,874,999,3,13,5.986080000000007,5.983992363694253,0.034874848076771325
20,64,0.0003,0.1,32,mse,2186,42,874,999,1,11,5.986080000000007,5.984274220657584,0.030166308208767756
10,32,0.0001,0.01,32,mse,2188,42,874,999,6,16,5.986080000000007,5.984212944799785,0.031189947348220226
20,24,0.003,0.1,32,mae,2194,42,874,999,0,10,5.986080000000007,5.986080000000007,0.0
60,24,3e-05,0.001,32,mse,2191,42,874,999,1,11,5.986080000000007,5.98582207985031,0.004308665265040368
5,64,3e-05,0.01,64,mse,2193,42,874,999,17,27,5.986080000000007,5.984264631023028,0.030326507112821144
10,64,3e-05,0.001,64,mae,2195,42,874,999,0,10,5.986080000000007,5.986080000000007,0.0
10,32,0.003,0.1,256,mae,2197,42,874,999,0,10,5.986080000000007,5.986080000000007,0.0
30,64,0.0003,0.0,32,mae,2192,42,874,999,0,10,5.986080000000007,5.986080000000007,0.0
5,4,3e-05,0.0,64,mae,2199,42,874,999,0,10,5.986080000000007,5.986080000000007,0.0
5,4,3e-05,0.001,32,mae,2200,42,874,999,0,10,5.986080000000007,5.986080000000007,0.0
5,16,0.0003,0.001,64,mae,2201,42,874,999,0,10,5.986080000000007,5.986080000000007,0.0
60,24,3e-05,0.1,64,mae,2198,42,874,999,0,10,5.986080000000007,5.986080000000007,0.0
10,4,3e-05,0.01,64,mae,2203,42,874,999,0,10,5.986080000000007,5.986080000000007,0.0
10,64,0.0003,0.01,64,mae,2202,42,874,999,0,10,5.986080000000007,5.986080000000007,0.0
5,8,3e-05,0.1,32,mae,2204,42,874,999,0,10,5.986080000000007,5.986080000000007,0.0
5,4,0.0003,0.0,256,mae,2206,42,874,999,0,10,5.986080000000007,5.986080000000007,0.0
20,32,3e-05,0.01,64,mae,2205,42,874,999,0,10,5.986080000000007,5.986080000000007,0.0
30,32,3e-05,0.01,256,mae,2207,42,874,999,0,10,5.986080000000007,5.986080000000007,0.0
30,16,0.0003,0.1,64,mae,2208,42,874,999,0,10,5.986080000000007,5.986080000000007,0.0
10,4,0.0003,0.0,64,mse,2210,42,874,999,2,12,5.986080000000007,5.984483363975324,0.026672480566314327
20,32,0.0003,0.1,256,mae,2211,42,874,999,0,10,5.986080000000007,5.986080000000007,0.0
60,64,0.0001,0.01,256,mae,2196,42,874,999,0,10,5.986080000000007,5.986080000000007,0.0
20,32,0.003,0.001,64,mse,2209,42,874,999,8,18,5.986080000000007,5.983161710856801,0.048751255299073204
30,8,0.0001,0.0,256,mse,2212,42,874,999,20,30,5.986080000000007,5.9842548833550575,0.030489346031958853
60,24,0.0003,0.0,256,mse,2213,42,874,999,1,11,5.986080000000007,5.985739200819023,0.0056931945611182755
5,64,0.0003,0.001,32,mae,2214,42,874,999,0,10,5.986080000000007,5.986080000000007,0.0
5,16,0.0001,0.0,64,mse,2215,42,874,999,15,25,5.986080000000007,5.983995194475299,0.034827558681282955
5,32,0.0001,0.01,64,mse,2216,42,874,999,8,18,5.986080000000007,5.984330742222608,0.0292220915423691
30,4,3e-05,0.0,64,mae,2218,42,874,999,0,10,5.986080000000007,5.986080000000007,0.0
10,4,0.003,0.001,64,mse,2219,42,874,999,1,11,5.986080000000007,5.984352241306333,0.02886294024929681
5,64,0.003,0.1,256,mse,2220,42,874,999,7,17,5.986080000000007,5.982619783076459,0.057804388239846016
30,4,0.001,0.001,32,mse,2217,42,874,999,6,16,5.986080000000007,5.983248351252066,0.04730389082573394
10,4,0.0001,0.01,32,mae,2221,42,874,999,0,10,5.986080000000007,5.986080000000007,0.0
10,32,0.003,0.01,64,mse,2223,42,874,999,4,14,5.986080000000007,5.983300791048807,0.04642786182611491
60,4,0.0001,0.1,32,mae,2224,42,874,999,0,10,5.986080000000007,5.986080000000007,0.0
10,4,0.0001,0.0,32,mae,2226,42,874,999,0,10,5.986080000000007,5.986080000000007,0.0
5,32,0.0003,0.0,256,mae,2227,42,874,999,0,10,5.986080000000007,5.986080000000007,0.0
10,64,0.001,0.01,256,mae,2228,42,874,999,0,10,5.986080000000007,5.986080000000007,0.0
60,32,0.0001,0.1,64,mse,2222,42,874,999,10,20,5.986080000000007,5.984635317541115,0.024134031935629796
30,16,0.001,0.0,256,mae,2231,42,874,999,0,10,5.986080000000007,5.986080000000007,0.0
20,64,0.001,0.001,64,mae,2229,42,874,999,0,10,5.986080000000007,5.986080000000007,0.0
10,8,0.0001,0.001,256,mae,2232,42,874,999,0,10,5.986080000000007,5.986080000000007,0.0
5,24,0.0001,0.01,256,mse,2234,42,874,999,1,11,5.986080000000007,5.9856599462603315,0.007017175508439166
30,8,0.0001,0.001,64,mse,2233,42,874,999,1,11,5.986080000000007,5.985927535467749,0.0025469845417847026
60,64,3e-05,0.001,32,mae,2225,42,874,999,0,10,5.986080000000007,5.986080000000007,0.0
20,32,0.0001,0.0,256,mae,2235,42,874,999,0,10,5.986080000000007,5.986080000000007,0.0
30,64,0.0001,0.01,64,mse,2230,42,874,999,1,11,5.986080000000007,5.9853108775542445,0.012848515986474407
20,32,0.0001,0.01,64,mae,2236,42,874,999,0,10,5.986080000000007,5.986080000000007,0.0
20,64,0.003,0.001,32,mae,2237,42,874,999,0,10,5.986080000000007,5.986080000000007,0.0
30,4,0.001,0.01,32,mse,2238,42,874,999,6,16,5.986080000000007,5.983251181220197,0.047256615010327074
30,32,0.0003,0.1,32,mse,2240,42,874,999,1,11,5.986080000000007,5.9845475885295185,0.025599582205526605
30,64,3e-05,0.001,32,mae,2239,42,874,999,0,10,5.986080000000007,5.986080000000007,0.0
30,4,0.0001,0.0,32,mae,2242,42,874,999,0,10,5.986080000000007,5.986080000000007,0.0
60,16,0.001,0.001,32,mae,2241,42,874,999,0,10,5.986080000000007,5.986080000000007,0.0
30,8,0.003,0.001,64,mae,2245,42,874,999,0,10,5.986080000000007,5.986080000000007,0.0
20,24,3e-05,0.001,64,mse,2243,42,874,999,7,17,5.986080000000007,5.985076516618492,0.01676361461114828
5,8,0.0003,0.1,64,mse,2246,42,874,999,7,17,5.986080000000007,5.9840772635506525,0.033456560041877914
60,32,0.0003,0.001,256,mae,2244,42,874,999,0,10,5.986080000000007,5.986080000000007,0.0
10,24,0.003,0.001,256,mse,2247,42,874,999,11,21,5.986080000000007,5.9832428759145735,0.047395358655977216
5,32,0.003,0.001,256,mse,2249,42,874,999,11,21,5.986080000000007,5.983154203580263,0.04887666753108366
20,24,0.0003,0.01,256,mae,2251,42,874,999,0,10,5.986080000000007,5.986080000000007,0.0
20,32,0.0003,0.01,32,mae,2248,42,874,999,0,10,5.986080000000007,5.986080000000007,0.0
5,24,0.003,0.001,32,mse,2250,42,874,999,0,10,5.986080000000007,5.986080000000007,0.0
10,32,0.0001,0.0,256,mae,2254,42,874,999,0,10,5.986080000000007,5.986080000000007,0.0
5,32,0.003,0.001,32,mse,2253,42,874,999,0,10,5.986080000000007,5.986080000000007,0.0
30,4,3e-05,0.01,64,mae,2255,42,874,999,0,10,5.986080000000007,5.986080000000007,0.0
60,4,0.0003,0.001,64,mse,2252,42,874,999,4,14,5.986080000000007,5.984676822927222,0.023440666893614903
10,16,0.0001,0.001,64,mse,2256,42,874,999,11,21,5.986080000000007,5.984064135643008,0.03367586729544625
5,4,0.0001,0.0,32,mae,2260,42,874,999,0,10,5.986080000000007,5.986080000000007,0.0
20,32,3e-05,0.01,32,mae,2259,42,874,999,0,10,5.986080000000007,5.986080000000007,0.0
20,64,3e-05,0.0,32,mae,2257,42,874,999,0,10,5.986080000000007,5.986080000000007,0.0
20,8,0.0001,0.1,32,mae,2261,42,874,999,0,10,5.986080000000007,5.986080000000007,0.0
20,24,0.001,0.1,64,mae,2263,42,874,999,0,10,5.986080000000007,5.986080000000007,0.0
20,8,0.001,0.01,64,mse,2264,42,874,999,1,11,5.986080000000007,5.984171988872329,0.03187413345091539
60,24,3e-05,0.0,256,mse,2262,42,874,999,5,15,5.986080000000007,5.985400155729599,0.01135708628030585
5,24,0.003,0.001,64,mae,2265,42,874,999,0,10,5.986080000000007,5.986080000000007,0.0
5,32,0.001,0.01,256,mse,2267,42,874,999,10,20,5.986080000000007,5.9832772977052935,0.04682032807302727
60,16,0.003,0.0,256,mae,2266,42,874,999,0,10,5.986080000000007,5.986080000000007,0.0
60,16,0.0001,0.01,32,mae,2268,42,874,999,0,10,5.986080000000007,5.986080000000007,0.0
20,16,0.001,0.01,64,mse,2271,42,874,999,2,12,5.986080000000007,5.98435931622662,0.028744750711429123
60,32,0.003,0.0,64,mae,2270,42,874,999,0,10,5.986080000000007,5.986080000000007,0.0
10,64,3e-05,0.001,32,mse,2269,42,874,999,12,22,5.986080000000007,5.984210507882794,0.031230657077985224
30,24,0.0003,0.1,32,mae,2273,42,874,999,0,10,5.986080000000007,5.986080000000007,0.0
60,16,0.0001,0.1,32,mse,2272,42,874,999,1,11,5.986080000000007,5.985965436710316,0.0019138282430497533
20,4,0.0003,0.1,64,mse,2274,42,874,999,1,11,5.986080000000007,5.985033949994364,0.017474708083486945
20,16,0.0001,0.01,256,mse,2275,42,874,999,13,23,5.986080000000007,5.984344734842753,0.028988338900493016
20,16,0.003,0.1,64,mse,2276,42,874,999,17,27,5.986080000000007,5.982877671510325,0.05349625280121062
30,16,0.003,0.0,32,mae,2278,42,874,999,0,10,5.986080000000007,5.986080000000007,0.0
60,4,0.001,0.0,64,mae,2280,42,874,999,0,10,5.986080000000007,5.986080000000007,0.0
60,4,0.0001,0.001,256,mae,2281,42,874,999,0,10,5.986080000000007,5.986080000000007,0.0
30,64,0.0003,0.001,32,mae,2279,42,874,999,0,10,5.986080000000007,5.986080000000007,0.0
30,32,0.0001,0.01,64,mse,2282,42,874,999,1,11,5.986080000000007,5.985564552751745,0.00861076444454989
60,64,0.0001,0.001,64,mse,2277,42,874,999,4,14,5.986080000000007,5.984796074639212,0.021448516571698217
30,24,0.0001,0.0,64,mse,2283,42,874,999,1,11,5.986080000000007,5.985538807902913,0.009040843040764024
30,8,0.0001,0.001,32,mse,2284,42,874,999,1,11,5.986080000000007,5.985999081886808,0.0013517713294719513
60,64,3e-05,0.01,32,mse,2258,42,874,999,24,34,5.986080000000007,5.984174307873969,0.03183539354699727
30,24,0.003,0.0,64,mse,2286,42,874,999,3,13,5.986080000000007,5.985537521948092,0.009062325460329479
10,32,0.003,0.001,256,mae,2288,42,874,999,0,10,5.986080000000007,5.986080000000007,0.0
10,16,0.001,0.001,32,mse,2287,42,874,999,3,13,5.986080000000007,5.983275910912458,0.046843495034298854
20,24,0.003,0.001,256,mae,2290,42,874,999,0,10,5.986080000000007,5.986080000000007,0.0
5,32,0.0001,0.01,256,mse,2291,42,874,999,1,11,5.986080000000007,5.985709785143262,0.006184595874847432
30,24,0.0001,0.01,64,mse,2289,42,874,999,1,11,5.986080000000007,5.985538611377348,0.009044126083501691
5,32,3e-05,0.0,64,mae,2292,42,874,999,0,10,5.986080000000007,5.986080000000007,0.0
10,32,0.003,0.001,32,mse,2285,42,874,999,20,30,5.986080000000007,5.985051299813442,0.017184872012487862
10,24,0.003,0.1,32,mse,2294,42,874,999,0,10,5.986080000000007,5.986080000000007,0.0
20,4,0.0003,0.01,32,mse,2293,42,874,999,2,12,5.986080000000007,5.98456979510526,0.025228611958860725
10,4,0.0003,0.1,64,mae,2296,42,874,999,0,10,5.986080000000007,5.986080000000007,0.0
10,8,0.003,0.001,256,mse,2297,42,874,999,6,16,5.986080000000007,5.983216317585209,0.047839026788787375
60,24,3e-05,0.001,64,mae,2295,42,874,999,0,10,5.986080000000007,5.986080000000007,0.0
60,4,3e-05,0.01,32,mae,2300,42,874,999,0,10,5.986080000000007,5.986080000000007,0.0
10,64,0.003,0.0,32,mse,2299,42,874,999,3,13,5.986080000000007,5.984752816787426,0.022171157294603727
20,24,0.003,0.1,32,mse,2301,42,874,999,3,13,5.986080000000007,5.985125940222511,0.01593797238753636
5,16,0.001,0.0,32,mse,2298,42,874,999,16,26,5.986080000000007,5.983451243431022,0.04391449110244805
30,32,3e-05,0.1,64,mae,2302,42,874,999,0,10,5.986080000000007,5.986080000000007,0.0
30,8,3e-05,0.01,64,mse,2304,42,874,999,1,11,5.986080000000007,5.986033973713005,0.0007688886049295185
60,16,0.0003,0.001,64,mae,2303,42,874,999,0,10,5.986080000000007,5.986080000000007,0.0
60,8,0.0001,0.01,256,mae,2306,42,874,999,0,10,5.986080000000007,5.986080000000007,0.0
30,16,0.0001,0.01,64,mae,2307,42,874,999,0,10,5.986080000000007,5.986080000000007,0.0
20,16,3e-05,0.01,32,mse,2308,42,874,999,0,10,5.986080000000007,5.986080000000007,0.0
60,24,0.001,0.001,32,mae,2305,42,874,999,0,10,5.986080000000007,5.986080000000007,0.0
30,4,0.003,0.0,32,mae,2309,42,874,999,0,10,5.986080000000007,5.986080000000007,0.0
20,24,0.0003,0.0,256,mse,2311,42,874,999,1,11,5.986080000000007,5.985805862290191,0.004579586470876418
60,16,0.001,0.0,32,mae,2310,42,874,999,0,10,5.986080000000007,5.986080000000007,0.0
5,4,0.0003,0.001,64,mse,2313,42,874,999,3,13,5.986080000000007,5.98424376000816,0.030675166249827246
5,16,0.003,0.01,256,mae,2315,42,874,999,0,10,5.986080000000007,5.986080000000007,0.0
20,24,3e-05,0.0,32,mae,2312,42,874,999,0,10,5.986080000000007,5.986080000000007,0.0
5,64,0.0003,0.001,256,mae,2318,42,874,999,0,10,5.986080000000007,5.986080000000007,0.0
20,16,0.003,0.01,32,mse,2314,42,874,999,4,14,5.986080000000007,5.982584801526138,0.05838876984386454
20,4,0.003,0.1,256,mae,2319,42,874,999,0,10,5.986080000000007,5.986080000000007,0.0
60,4,3e-05,0.0,64,mae,2317,42,874,999,0,10,5.986080000000007,5.986080000000007,0.0
10,32,0.001,0.0,64,mae,2320,42,874,999,0,10,5.986080000000007,5.986080000000007,0.0
10,4,0.001,0.01,64,mae,2321,42,874,999,0,10,5.986080000000007,5.986080000000007,0.0
10,16,0.003,0.001,256,mae,2323,42,874,999,0,10,5.986080000000007,5.986080000000007,0.0
20,8,0.0001,0.001,32,mse,2316,42,874,999,11,21,5.986080000000007,5.984237746325902,0.03077562735722683
5,16,0.003,0.1,256,mae,2325,42,874,999,0,10,5.986080000000007,5.986080000000007,0.0
5,16,0.003,0.01,32,mae,2322,42,874,999,0,10,5.986080000000007,5.986080000000007,0.0
30,8,3e-05,0.001,256,mae,2328,42,874,999,0,10,5.986080000000007,5.986080000000007,0.0
5,4,0.001,0.001,256,mae,2329,42,874,999,0,10,5.986080000000007,5.986080000000007,0.0
30,64,3e-05,0.1,256,mae,2324,42,874,999,0,10,5.986080000000007,5.986080000000007,0.0
10,4,3e-05,0.001,64,mse,2326,42,874,999,21,31,5.986080000000007,5.984505256923108,0.026306749607407642
5,16,0.003,0.0,256,mae,2332,42,874,999,0,10,5.986080000000007,5.986080000000007,0.0
60,24,0.001,0.01,64,mse,2327,42,874,999,3,13,5.986080000000007,5.984024634004725,0.03433575888197593
30,16,0.001,0.0,32,mae,2331,42,874,999,0,10,5.986080000000007,5.986080000000007,0.0
30,64,0.0003,0.01,64,mse,2330,42,874,999,1,11,5.986080000000007,5.984802992339061,0.021332953467823046
30,4,3e-05,0.001,32,mse,2333,42,874,999,2,12,5.986080000000007,5.985923172600255,0.002619868089848154
5,16,0.001,0.1,256,mae,2336,42,874,999,0,10,5.986080000000007,5.986080000000007,0.0
5,64,0.001,0.1,32,mae,2334,42,874,999,0,10,5.986080000000007,5.986080000000007,0.0
20,24,0.001,0.01,256,mae,2337,42,874,999,0,10,5.986080000000007,5.986080000000007,0.0
30,4,0.001,0.01,64,mae,2338,42,874,999,0,10,5.986080000000007,5.986080000000007,0.0
60,8,0.0001,0.1,256,mae,2341,42,874,999,0,10,5.986080000000007,5.986080000000007,0.0
10,4,0.003,0.01,32,mse,2339,42,874,999,4,14,5.986080000000007,5.9829210567654805,0.05277148375107954
5,64,0.001,0.01,64,mse,2340,42,874,999,2,12,5.986080000000007,5.98388871177444,0.036606397267791024
5,4,0.003,0.01,32,mae,2342,42,874,999,0,10,5.986080000000007,5.986080000000007,0.0
5,24,0.003,0.01,32,mse,2344,42,874,999,0,10,5.986080000000007,5.986080000000007,0.0
5,24,0.001,0.01,256,mse,2346,42,874,999,4,14,5.986080000000007,5.982951536931037,0.05226229968476881
20,32,0.001,0.1,64,mae,2345,42,874,999,0,10,5.986080000000007,5.986080000000007,0.0
30,64,0.0003,0.1,256,mse,2343,42,874,999,3,13,5.986080000000007,5.984144199344683,0.032338369272122414
20,16,0.0003,0.0,64,mae,2348,42,874,999,0,10,5.986080000000007,5.986080000000007,0.0
5,8,0.0003,0.0,64,mae,2350,42,874,999,0,10,5.986080000000007,5.986080000000007,0.0
60,64,0.0003,0.1,256,mse,2335,42,874,999,1,11,5.986080000000007,5.985590430967368,0.008178457899654656
30,24,3e-05,0.001,64,mae,2349,42,874,999,0,10,5.986080000000007,5.986080000000007,0.0
10,8,0.0003,0.1,64,mae,2353,42,874,999,0,10,5.986080000000007,5.986080000000007,0.0
30,16,3e-05,0.0,64,mae,2351,42,874,999,0,10,5.986080000000007,5.986080000000007,0.0
30,4,3e-05,0.1,64,mse,2352,42,874,999,1,11,5.986080000000007,5.985964246443032,0.0019337121618057118
60,8,0.0001,0.0,256,mae,2356,42,874,999,0,10,5.986080000000007,5.986080000000007,0.0
20,24,3e-05,0.1,64,mae,2354,42,874,999,0,10,5.986080000000007,5.986080000000007,0.0
60,64,0.0001,0.001,64,mae,2347,42,874,999,0,10,5.986080000000007,5.986080000000007,0.0
10,64,0.0001,0.001,256,mse,2355,42,874,999,9,19,5.986080000000007,5.983618848020968,0.041114585488988276
20,8,0.001,0.0,64,mse,2357,42,874,999,1,11,5.986080000000007,5.984172028177434,0.0318734768425033
20,32,0.001,0.001,64,mae,2359,42,874,999,0,10,5.986080000000007,5.986080000000007,0.0
60,4,0.001,0.01,256,mae,2361,42,874,999,0,10,5.986080000000007,5.986080000000007,0.0
5,16,0.0001,0.001,256,mse,2362,42,874,999,1,11,5.986080000000007,5.98600260823305,0.0012928622229901876
20,16,0.0001,0.0,64,mse,2360,42,874,999,7,17,5.986080000000007,5.984287231462833,0.02994895720027646
20,16,3e-05,0.0,64,mae,2363,42,874,999,0,10,5.986080000000007,5.986080000000007,0.0
5,32,0.0003,0.1,64,mse,2365,42,874,999,3,13,5.986080000000007,5.984196161516645,0.031470319196569285
20,32,0.0003,0.01,256,mse,2366,42,874,999,2,12,5.986080000000007,5.985191130327203,0.014848944097045624
60,24,0.0001,0.01,64,mse,2358,42,874,999,9,19,5.986080000000007,5.9848325899018695,0.02083851365397571
30,4,0.0001,0.0,256,mse,2367,42,874,999,6,16,5.986080000000007,5.984869614505126,0.02022000198597107
5,32,0.0003,0.001,256,mse,2368,42,874,999,17,27,5.986080000000007,5.983398384830754,0.044797516392247605
60,4,0.003,0.001,256,mae,2369,42,874,999,0,10,5.986080000000007,5.986080000000007,0.0
10,32,3e-05,0.01,64,mae,2372,42,874,999,0,10,5.986080000000007,5.986080000000007,0.0
5,4,3e-05,0.1,256,mae,2373,42,874,999,0,10,5.986080000000007,5.986080000000007,0.0
20,8,0.0001,0.01,64,mae,2374,42,874,999,0,10,5.986080000000007,5.986080000000007,0.0
60,32,0.003,0.0,32,mae,2370,42,874,999,0,10,5.986080000000007,5.986080000000007,0.0
20,8,3e-05,0.001,64,mse,2371,42,874,999,30,40,5.986080000000007,5.984537840861567,0.025762421124353452
20,4,0.001,0.1,32,mse,2375,42,874,999,1,11,5.986080000000007,5.984066807577746,0.03363123149475733
60,64,0.001,0.1,256,mse,2364,42,874,999,1,11,5.986080000000007,5.985599353227953,0.008029407760234974
20,24,0.001,0.001,32,mae,2377,42,874,999,0,10,5.986080000000007,5.986080000000007,0.0
20,24,0.003,0.0,64,mae,2378,42,874,999,0,10,5.986080000000007,5.986080000000007,0.0
5,4,0.001,0.001,32,mse,2380,42,874,999,7,17,5.986080000000007,5.983183772951879,0.0483826986630409
60,16,0.0003,0.0,32,mse,2376,42,874,999,13,23,5.986080000000007,5.98353233746785,0.042559780894291244
20,32,3e-05,0.0,32,mse,2379,42,874,999,15,25,5.986080000000007,5.984562485167245,0.025350727567319264
30,4,3e-05,0.001,256,mse,2383,42,874,999,19,29,5.986080000000007,5.984811286530777,0.021194395484691597
60,16,0.003,0.01,64,mse,2381,42,874,999,23,33,5.986080000000007,5.983485113324287,0.04334868020007265
5,64,0.0003,0.01,32,mse,2384,42,874,999,1,11,5.986080000000007,5.984033540000934,0.03418698044586055
60,64,0.0001,0.0,64,mae,2382,42,874,999,0,10,5.986080000000007,5.986080000000007,0.0
60,8,3e-05,0.0,256,mse,2385,42,874,999,28,38,5.986080000000007,5.985213967410629,0.014467440952647959
10,64,0.0003,0.1,32,mae,2386,42,874,999,0,10,5.986080000000007,5.986080000000007,0.0
10,4,3e-05,0.0,256,mse,2387,42,874,999,45,55,5.986080000000007,5.983870833098632,0.03690506811427907
10,8,0.0003,0.1,32,mae,2390,42,874,999,0,10,5.986080000000007,5.986080000000007,0.0
5,24,0.0001,0.001,32,mae,2388,42,874,999,0,10,5.986080000000007,5.986080000000007,0.0
5,64,0.0003,0.0,256,mae,2391,42,874,999,0,10,5.986080000000007,5.986080000000007,0.0
10,24,3e-05,0.0,256,mae,2393,42,874,999,0,10,5.986080000000007,5.986080000000007,0.0
10,4,0.001,0.1,256,mae,2394,42,874,999,0,10,5.986080000000007,5.986080000000007,0.0
30,8,0.0003,0.1,64,mse,2392,42,874,999,1,11,5.986080000000007,5.98563321878367,0.007463669318441557
30,24,3e-05,0.1,64,mse,2396,42,874,999,1,11,5.986080000000007,5.985911184540859,0.0028201336959798873
30,8,0.003,0.001,32,mse,2395,42,874,999,2,12,5.986080000000007,5.984893316301043,0.019824053453421087
20,24,0.0001,0.01,64,mse,2399,42,874,999,2,12,5.986080000000007,5.985348468693426,0.012220540096041788
10,64,0.0001,0.1,32,mse,2397,42,874,999,3,13,5.986080000000007,5.984149702873404,0.03224643049546394
10,4,3e-05,0.001,32,mse,2389,42,874,999,27,37,5.986080000000007,5.9841124801187195,0.03286825236695767
20,8,0.0001,0.01,256,mae,2400,42,874,999,0,10,5.986080000000007,5.986080000000007,0.0
60,4,0.001,0.1,32,mae,2398,42,874,999,0,10,5.986080000000007,5.986080000000007,0.0
10,16,0.003,0.0,256,mse,2404,42,874,999,5,15,5.986080000000007,5.98292770014247,0.0526605033266736
30,16,3e-05,0.001,64,mae,2403,42,874,999,0,10,5.986080000000007,5.986080000000007,0.0
30,8,0.0003,0.001,32,mae,2402,42,874,999,0,10,5.986080000000007,5.986080000000007,0.0
60,16,0.001,0.001,64,mae,2401,42,874,999,0,10,5.986080000000007,5.986080000000007,0.0
10,16,0.0001,0.01,64,mae,2405,42,874,999,0,10,5.986080000000007,5.986080000000007,0.0
10,8,3e-05,0.01,32,mae,2409,42,874,999,0,10,5.986080000000007,5.986080000000007,0.0
20,32,0.001,0.01,32,mae,2406,42,874,999,0,10,5.986080000000007,5.986080000000007,0.0
5,8,0.001,0.1,64,mse,2411,42,874,999,3,13,5.986080000000007,5.98414553571852,0.032316044581548464
60,24,0.003,0.001,32,mse,2408,42,874,999,0,10,5.986080000000007,5.986080000000007,0.0
5,64,0.003,0.001,64,mae,2410,42,874,999,0,10,5.986080000000007,5.986080000000007,0.0
5,4,0.0001,0.0,256,mae,2413,42,874,999,0,10,5.986080000000007,5.986080000000007,0.0
5,8,0.0003,0.1,32,mae,2414,42,874,999,0,10,5.986080000000007,5.986080000000007,0.0
10,32,0.0003,0.001,32,mse,2412,42,874,999,2,12,5.986080000000007,5.984179872935598,0.031742426837089166
10,4,0.0003,0.01,32,mse,2415,42,874,999,2,12,5.986080000000007,5.9841552055891825,0.03215450529937547
5,32,3e-05,0.01,64,mae,2416,42,874,999,0,10,5.986080000000007,5.986080000000007,0.0
60,64,0.0003,0.01,64,mae,2407,42,874,999,0,10,5.986080000000007,5.986080000000007,0.0
5,4,0.0001,0.001,256,mse,2417,42,874,999,20,30,5.986080000000007,5.983396695523854,0.04482573697902614
60,32,0.003,0.001,64,mae,2418,42,874,999,0,10,5.986080000000007,5.986080000000007,0.0
20,64,0.0001,0.1,64,mse,2420,42,874,999,2,12,5.986080000000007,5.985103362010498,0.016315150975421133
5,4,0.0001,0.1,256,mae,2423,42,874,999,0,10,5.986080000000007,5.986080000000007,0.0
10,64,0.001,0.0,32,mse,2419,42,874,999,5,15,5.986080000000007,5.984123210414489,0.03268899823454241
30,32,3e-05,0.001,64,mae,2422,42,874,999,0,10,5.986080000000007,5.986080000000007,0.0
20,64,0.0003,0.0,64,mse,2425,42,874,999,2,12,5.986080000000007,5.9854076621932,0.011231687628754372
60,8,0.003,0.0,32,mse,2426,42,874,999,2,12,5.986080000000007,5.984805665086714,0.02128830408703042
30,64,0.001,0.0,64,mse,2424,42,874,999,1,11,5.986080000000007,5.983772766029459,0.03854332001157479
60,64,0.0003,0.01,256,mae,2421,42,874,999,0,10,5.986080000000007,5.986080000000007,0.0
5,32,0.0003,0.01,64,mse,2427,42,874,999,3,13,5.986080000000007,5.984195925685967,0.03147425884787447
30,8,0.001,0.0,256,mae,2430,42,874,999,0,10,5.986080000000007,5.986080000000007,0.0
5,8,0.0003,0.1,32,mse,2428,42,874,999,0,10,5.986080000000007,5.986080000000007,0.0
60,8,0.003,0.001,256,mae,2431,42,874,999,0,10,5.986080000000007,5.986080000000007,0.0
5,24,0.001,0.0,256,mse,2432,42,874,999,4,14,5.986080000000007,5.982950436387895,0.05228068472376002
60,8,3e-05,0.01,32,mse,2429,42,874,999,1,11,5.986080000000007,5.985987200628866,0.0015502527721200643
30,32,0.001,0.01,64,mae,2433,42,874,999,0,10,5.986080000000007,5.986080000000007,0.0
5,8,0.003,0.1,32,mse,2436,42,874,999,0,10,5.986080000000007,5.986080000000007,0.0
20,24,0.001,0.0,32,mse,2434,42,874,999,4,14,5.986080000000007,5.984005963263234,0.03464766152094789
5,32,3e-05,0.0,256,mae,2439,42,874,999,0,10,5.986080000000007,5.986080000000007,0.0
10,32,0.0001,0.001,32,mae,2437,42,874,999,0,10,5.986080000000007,5.986080000000007,0.0
5,8,3e-05,0.01,32,mae,2438,42,874,999,0,10,5.986080000000007,5.986080000000007,0.0
20,8,0.003,0.001,256,mse,2441,42,874,999,7,17,5.986080000000007,5.985256298204097,0.013760287131325821
5,4,0.0001,0.1,64,mse,2440,42,874,999,11,21,5.986080000000007,5.984199030789876,0.03142238677283915
10,16,0.0003,0.1,64,mse,2442,42,874,999,4,14,5.986080000000007,5.983985997078926,0.03498120508047542
5,4,0.0001,0.1,256,mse,2445,42,874,999,20,30,5.986080000000007,5.9833976781516665,0.04480932176551544
60,24,0.0001,0.001,256,mae,2443,42,874,999,0,10,5.986080000000007,5.986080000000007,0.0
60,4,0.001,0.01,64,mse,2444,42,874,999,2,12,5.986080000000007,5.98469647548357,0.023112362621902083
60,4,0.0001,0.0,32,mse,2435,42,874,999,21,31,5.986080000000007,5.9838594346159555,0.03709548459178702
60,16,3e-05,0.0,32,mse,2448,42,874,999,1,11,5.986080000000007,5.9860239509092645,0.0009363237835624538
60,32,0.001,0.01,64,mse,2446,42,874,999,6,16,5.986080000000007,5.9851932134981745,0.014814143844266159
5,64,0.001,0.01,256,mae,2451,42,874,999,0,10,5.986080000000007,5.986080000000007,0.0
20,64,3e-05,0.01,256,mae,2450,42,874,999,0,10,5.986080000000007,5.986080000000007,0.0
5,8,0.0003,0.01,256,mae,2453,42,874,999,0,10,5.986080000000007,5.986080000000007,0.0
30,8,3e-05,0.01,32,mse,2452,42,874,999,1,11,5.986080000000007,5.986042660142916,0.0006237781167595102
60,4,3e-05,0.01,256,mse,2454,42,874,999,14,24,5.986080000000007,5.985220767195129,0.014353847674586362
60,4,0.0001,0.01,32,mse,2449,42,874,999,21,31,5.986080000000007,5.983859513226164,0.03709417137498505
10,4,0.001,0.0,256,mae,2456,42,874,999,0,10,5.986080000000007,5.986080000000007,0.0
10,8,0.003,0.0,256,mae,2458,42,874,999,0,10,5.986080000000007,5.986080000000007,0.0
10,64,0.003,0.01,64,mse,2455,42,874,999,4,14,5.986080000000007,5.984223399146828,0.031015303056081134
5,16,0.003,0.001,64,mse,2457,42,874,999,4,14,5.986080000000007,5.983334120971447,0.045871071361558435
10,4,0.0001,0.0,64,mae,2460,42,874,999,0,10,5.986080000000007,5.986080000000007,0.0
60,32,0.003,0.0,256,mae,2461,42,874,999,0,10,5.986080000000007,5.986080000000007,0.0
30,64,0.001,0.1,32,mse,2447,42,874,999,19,29,5.986080000000007,5.983218321333012,0.047805553333657436
20,64,0.0001,0.001,32,mae,2459,42,874,999,0,10,5.986080000000007,5.986080000000007,0.0
5,24,3e-05,0.001,256,mae,2465,42,874,999,0,10,5.986080000000007,5.986080000000007,0.0
5,32,0.0003,0.001,64,mae,2464,42,874,999,0,10,5.986080000000007,5.986080000000007,0.0
30,16,0.0001,0.0,32,mse,2463,42,874,999,0,10,5.986080000000007,5.986080000000007,0.0
20,4,3e-05,0.01,256,mae,2467,42,874,999,0,10,5.986080000000007,5.986080000000007,0.0
20,24,0.0003,0.0,64,mae,2466,42,874,999,0,10,5.986080000000007,5.986080000000007,0.0
60,8,0.003,0.1,256,mae,2470,42,874,999,0,10,5.986080000000007,5.986080000000007,0.0
5,8,3e-05,0.001,32,mae,2468,42,874,999,0,10,5.986080000000007,5.986080000000007,0.0
20,64,0.0003,0.001,32,mae,2469,42,874,999,0,10,5.986080000000007,5.986080000000007,0.0
5,32,3e-05,0.0,32,mae,2473,42,874,999,0,10,5.986080000000007,5.986080000000007,0.0
30,64,0.0001,0.001,32,mse,2471,42,874,999,1,11,5.986080000000007,5.985102599761898,0.016327884660893854
10,32,0.0003,0.01,64,mae,2474,42,874,999,0,10,5.986080000000007,5.986080000000007,0.0
60,24,0.0001,0.0,32,mse,2462,42,874,999,23,33,5.986080000000007,5.984131819047134,0.03254518738262657
10,8,0.0001,0.01,256,mse,2477,42,874,999,1,11,5.986080000000007,5.985980007793232,0.0016704121357347113
20,16,0.003,0.01,256,mae,2478,42,874,999,0,10,5.986080000000007,5.986080000000007,0.0
60,8,0.0003,0.001,256,mse,2479,42,874,999,3,13,5.986080000000007,5.985246787179754,0.013919172818488423
60,4,0.001,0.1,32,mse,2476,42,874,999,9,19,5.986080000000007,5.983312917625454,0.046225282230671905
60,4,3e-05,0.1,64,mse,2472,42,874,999,46,56,5.986080000000007,5.984528210295996,0.025923303798336406
30,32,0.003,0.001,256,mse,2480,42,874,999,7,17,5.986080000000007,5.9833670193508,0.04532149001027497
30,16,0.0001,0.1,64,mae,2481,42,874,999,0,10,5.986080000000007,5.986080000000007,0.0
5,8,3e-05,0.01,256,mse,2484,42,874,999,1,11,5.986080000000007,5.986040812802629,0.0006546387181338709
60,64,0.003,0.1,32,mse,2475,42,874,999,0,10,5.986080000000007,5.986080000000007,0.0
30,8,0.0003,0.0,32,mae,2483,42,874,999,0,10,5.986080000000007,5.986080000000007,0.0
10,24,0.003,0.01,256,mse,2485,42,874,999,11,21,5.986080000000007,5.983243347575917,0.04738747935359999
60,32,0.003,0.1,32,mae,2482,42,874,999,0,10,5.986080000000007,5.986080000000007,0.0
30,8,0.0001,0.0,32,mae,2487,42,874,999,0,10,5.986080000000007,5.986080000000007,0.0
30,8,3e-05,0.0,256,mse,2489,42,874,999,1,11,5.986080000000007,5.986040576971948,0.0006585783694834646
10,24,0.0001,0.0,64,mse,2491,42,874,999,5,15,5.986080000000007,5.984725797097661,0.02262253264818659
60,16,0.001,0.001,256,mse,2492,42,874,999,3,13,5.986080000000007,5.985255394186499,0.01377538912791243
10,4,3e-05,0.1,32,mse,2486,42,874,999,27,37,5.986080000000007,5.9841095330482075,0.03291748442720843
5,4,0.0003,0.01,32,mse,2488,42,874,999,23,33,5.986080000000007,5.982871550213704,0.05359851165208651
5,32,0.001,0.0,32,mse,2490,42,874,999,14,24,5.986080000000007,5.983561495085145,0.04207269055646057
5,32,0.0003,0.0,64,mae,2494,42,874,999,0,10,5.986080000000007,5.986080000000007,0.0
30,32,0.001,0.001,256,mae,2493,42,874,999,0,10,5.986080000000007,5.986080000000007,0.0
5,24,0.003,0.0,32,mse,2495,42,874,999,0,10,5.986080000000007,5.986080000000007,0.0
5,4,0.0001,0.001,64,mse,2498,42,874,999,11,21,5.986080000000007,5.984198048162059,0.03143880198640536
60,16,0.0001,0.01,256,mse,2497,42,874,999,9,19,5.986080000000007,5.9849664623028636,0.01860211853406124
20,16,3e-05,0.1,256,mae,2501,42,874,999,0,10,5.986080000000007,5.986080000000007,0.0
20,64,3e-05,0.01,32,mse,2496,42,874,999,7,17,5.986080000000007,5.984529075821425,0.025908844829714006
60,8,0.0001,0.01,32,mse,2502,42,874,999,1,11,5.986080000000007,5.985803999498457,0.004610705195229325
60,8,0.0001,0.01,32,mae,2504,42,874,999,0,10,5.986080000000007,5.986080000000007,0.0
30,24,0.0001,0.0,32,mae,2503,42,874,999,0,10,5.986080000000007,5.986080000000007,0.0
60,64,0.003,0.1,32,mae,2499,42,874,999,0,10,5.986080000000007,5.986080000000007,0.0
60,8,0.001,0.001,32,mse,2500,42,874,999,19,29,5.986080000000007,5.983100591406515,0.049772281584814504
10,16,0.0003,0.1,256,mse,2506,42,874,999,8,18,5.986080000000007,5.983545740511303,0.042335877380594855
5,64,0.0003,0.0,64,mse,2508,42,874,999,2,12,5.986080000000007,5.9842482006729645,0.030600983064754672
30,8,0.003,0.0,256,mae,2510,42,874,999,0,10,5.986080000000007,5.986080000000007,0.0
10,64,0.001,0.1,32,mae,2507,42,874,999,0,10,5.986080000000007,5.986080000000007,0.0
5,8,0.003,0.01,256,mae,2511,42,874,999,0,10,5.986080000000007,5.986080000000007,0.0
60,32,3e-05,0.0,32,mae,2505,42,874,999,0,10,5.986080000000007,5.986080000000007,0.0
20,32,0.003,0.1,32,mse,2509,42,874,999,3,13,5.986080000000007,5.9842164361784675,0.03113162238961298
5,24,0.003,0.001,256,mae,2514,42,874,999,0,10,5.986080000000007,5.986080000000007,0.0
20,32,0.0003,0.001,64,mse,2513,42,874,999,2,12,5.986080000000007,5.984419846100222,0.027733573553734292
10,64,0.0003,0.1,256,mae,2516,42,874,999,0,10,5.986080000000007,5.986080000000007,0.0
60,32,3e-05,0.0,256,mse,2512,42,874,999,6,16,5.986080000000007,5.985354954849969,0.012112186105739386
30,64,3e-05,0.001,256,mae,2515,42,874,999,0,10,5.986080000000007,5.986080000000007,0.0
20,16,0.0001,0.01,64,mse,2517,42,874,999,7,17,5.986080000000007,5.984287663819081,0.029941734506166995
10,24,0.003,0.1,256,mae,2521,42,874,999,0,10,5.986080000000007,5.986080000000007,0.0
5,4,0.0001,0.01,32,mae,2520,42,874,999,0,10,5.986080000000007,5.986080000000007,0.0
10,4,0.001,0.1,32,mse,2518,42,874,999,17,27,5.986080000000007,5.984119183402747,0.032756271170120144
20,8,0.003,0.001,64,mse,2523,42,874,999,10,20,5.986080000000007,5.983262096114688,0.047074277078151816
5,24,0.003,0.1,256,mse,2524,42,874,999,12,22,5.986080000000007,5.982969115804448,0.05196863716421252
60,4,0.003,0.1,64,mse,2522,42,874,999,11,21,5.986080000000007,5.984061326276822,0.03372279894664487
60,8,0.0003,0.001,32,mse,2519,42,874,999,15,25,5.986080000000007,5.983760778783002,0.038743572037214236
20,8,0.0003,0.0,32,mae,2525,42,874,999,0,10,5.986080000000007,5.986080000000007,0.0
60,16,3e-05,0.01,256,mae,2526,42,874,999,0,10,5.986080000000007,5.986080000000007,0.0
5,16,0.0001,0.0,64,mae,2530,42,874,999,0,10,5.986080000000007,5.986080000000007,0.0
60,4,0.003,0.01,256,mse,2529,42,874,999,0,10,5.986080000000007,5.986080000000007,0.0
10,4,3e-05,0.01,256,mse,2527,42,874,999,45,55,5.986080000000007,5.983871108234427,0.03690047185437306
60,24,0.0001,0.01,64,mae,2528,42,874,999,0,10,5.986080000000007,5.986080000000007,0.0
20,16,0.001,0.01,64,mae,2532,42,874,999,0,10,5.986080000000007,5.986080000000007,0.0
20,16,0.003,0.001,256,mae,2535,42,874,999,0,10,5.986080000000007,5.986080000000007,0.0
60,8,3e-05,0.1,32,mae,2531,42,874,999,0,10,5.986080000000007,5.986080000000007,0.0
60,24,0.0003,0.001,256,mse,2533,42,874,999,1,11,5.986080000000007,5.985739161513911,0.005693851169652486
5,64,0.0001,0.0,256,mse,2534,42,874,999,14,24,5.986080000000007,5.9834783322429725,0.04346196103350852
5,24,0.003,0.0,64,mae,2538,42,874,999,0,10,5.986080000000007,5.986080000000007,0.0
20,32,0.0001,0.001,64,mae,2536,42,874,999,0,10,5.986080000000007,5.986080000000007,0.0
20,4,0.003,0.01,64,mae,2537,42,874,999,8,18,5.986080000000007,5.985752086932578,0.0054779265801552235
20,8,3e-05,0.01,64,mae,2540,42,874,999,0,10,5.986080000000007,5.986080000000007,0.0
30,8,0.0001,0.01,256,mae,2542,42,874,999,0,10,5.986080000000007,5.986080000000007,0.0
60,32,3e-05,0.0,64,mae,2539,42,874,999,0,10,5.986080000000007,5.986080000000007,0.0
10,32,0.0003,0.0,32,mae,2544,42,874,999,0,10,5.986080000000007,5.986080000000007,0.0
5,64,3e-05,0.1,256,mse,2546,42,874,999,3,13,5.986080000000007,5.985866730458369,0.003562757959107987
20,64,0.0001,0.01,32,mse,2541,42,874,999,2,12,5.986080000000007,5.984481398719674,0.02670531099373541
10,24,3e-05,0.1,64,mse,2545,42,874,999,15,25,5.986080000000007,5.9847569668649925,0.022101828492349096
10,24,0.0001,0.0,256,mse,2548,42,874,999,14,24,5.986080000000007,5.983889031365816,0.0366010583585763
20,16,0.0001,0.1,256,mse,2550,42,874,999,13,23,5.986080000000007,5.984344813452966,0.02898702568360223
30,8,0.001,0.1,32,mae,2549,42,874,999,0,10,5.986080000000007,5.986080000000007,0.0
5,32,3e-05,0.01,64,mse,2547,42,874,999,30,40,5.986080000000007,5.984355190002731,0.02881368102792825
60,32,0.001,0.0,32,mse,2543,42,874,999,10,20,5.986080000000007,5.982955741765171,0.052192056150879296
10,4,0.0001,0.0,32,mse,2552,42,874,999,7,17,5.986080000000007,5.984139090492965,0.03242371480237649
30,4,0.003,0.1,256,mae,2555,42,874,999,0,10,5.986080000000007,5.986080000000007,0.0
5,24,3e-05,0.001,32,mse,2556,42,874,999,1,11,5.986080000000007,5.985944869022457,0.002257420173978897
60,64,0.003,0.0,32,mse,2551,42,874,999,0,10,5.986080000000007,5.986080000000007,0.0
5,32,0.003,0.0,256,mae,2558,42,874,999,0,10,5.986080000000007,5.986080000000007,0.0
30,16,0.0003,0.01,64,mae,2559,42,874,999,0,10,5.986080000000007,5.986080000000007,0.0
30,64,0.0003,0.0,64,mse,2557,42,874,999,1,11,5.986080000000007,5.984802795813497,0.02133623651053851
60,64,0.0001,0.01,64,mse,2553,42,874,999,4,14,5.986080000000007,5.984796310469909,0.021444576920104375
10,8,0.0001,0.001,32,mae,2561,42,874,999,0,10,5.986080000000007,5.986080000000007,0.0
5,8,0.001,0.0,32,mae,2562,42,874,999,0,10,5.986080000000007,5.986080000000007,0.0
5,64,0.0001,0.001,32,mse,2560,42,874,999,1,11,5.986080000000007,5.9852956775895,0.013102437830891933
5,64,3e-05,0.0,256,mae,2563,42,874,999,0,10,5.986080000000007,5.986080000000007,0.0
5,32,0.003,0.01,256,mse,2565,42,874,999,11,21,5.986080000000007,5.983154596631395,0.04887010144556392
20,4,0.003,0.01,256,mse,2566,42,874,999,1,11,5.986080000000007,5.985966227150107,0.0019006236117835584
10,24,0.0003,0.01,32,mae,2564,42,874,999,0,10,5.986080000000007,5.986080000000007,0.0
60,64,3e-05,0.01,256,mse,2554,42,874,999,6,16,5.986080000000007,5.985260426053873,0.013691329653697792
20,64,0.003,0.001,256,mae,2568,42,874,999,0,10,5.986080000000007,5.986080000000007,0.0
5,32,0.003,0.001,256,mae,2570,42,874,999,0,10,5.986080000000007,5.986080000000007,0.0
5,16,0.003,0.001,256,mse,2572,42,874,999,5,15,5.986080000000007,5.98281596167041,0.05452714179557949
5,32,0.0003,0.001,64,mse,2573,42,874,999,3,13,5.986080000000007,5.9841956112450605,0.031479511716292485
60,32,0.001,0.01,64,mae,2571,42,874,999,0,10,5.986080000000007,5.986080000000007,0.0
5,24,0.001,0.1,256,mse,2575,42,874,999,4,14,5.986080000000007,5.982957314782607,0.05216577822882984
5,16,0.001,0.01,64,mse,2576,42,874,999,3,13,5.986080000000007,5.984860220583183,0.020376931427978917
60,64,0.001,0.1,32,mae,2569,42,874,999,0,10,5.986080000000007,5.986080000000007,0.0
60,32,3e-05,0.1,32,mae,2574,42,874,999,0,10,5.986080000000007,5.986080000000007,0.0
5,8,3e-05,0.001,64,mae,2578,42,874,999,0,10,5.986080000000007,5.986080000000007,0.0
20,64,0.003,0.01,64,mse,2567,42,874,999,22,32,5.986080000000007,5.982789638358788,0.054966883857532345
20,24,0.0003,0.01,32,mae,2580,42,874,999,0,10,5.986080000000007,5.986080000000007,0.0
5,64,0.0003,0.0,32,mae,2581,42,874,999,0,10,5.986080000000007,5.986080000000007,0.0
20,64,0.003,0.0,64,mae,2579,42,874,999,0,10,5.986080000000007,5.986080000000007,0.0
10,24,3e-05,0.01,32,mse,2577,42,874,999,22,32,5.986080000000007,5.984384943973065,0.028316628360158802
20,32,0.0001,0.0,64,mse,2583,42,874,999,3,13,5.986080000000007,5.98478400878254,0.021650081814261757
10,8,0.001,0.01,256,mae,2585,42,874,999,0,10,5.986080000000007,5.986080000000007,0.0
30,64,3e-05,0.01,256,mae,2582,42,874,999,0,10,5.986080000000007,5.986080000000007,0.0
60,16,0.0001,0.1,256,mse,2584,42,874,999,9,19,5.986080000000007,5.984965951336411,0.018610654444917163
10,16,0.0003,0.001,32,mae,2587,42,874,999,0,10,5.986080000000007,5.986080000000007,0.0
30,24,0.003,0.001,256,mse,2589,42,874,999,5,15,5.986080000000007,5.9845449713513315,0.025643303274858198
60,24,0.003,0.01,256,mse,2586,42,874,999,2,12,5.986080000000007,5.985753507880061,0.005454189051035119
60,4,3e-05,0.0,32,mae,2588,42,874,999,0,10,5.986080000000007,5.986080000000007,0.0
20,4,0.0001,0.1,64,mae,2591,42,874,999,0,10,5.986080000000007,5.986080000000007,0.0
20,8,0.0001,0.01,32,mae,2590,42,874,999,0,10,5.986080000000007,5.986080000000007,0.0
20,16,0.001,0.01,32,mse,2592,42,874,999,3,13,5.986080000000007,5.983222337230865,0.047738466060298634
10,16,3e-05,0.001,32,mse,2595,42,874,999,0,10,5.986080000000007,5.986080000000007,0.0
60,32,0.003,0.001,32,mse,2593,42,874,999,0,10,5.986080000000007,5.986080000000007,0.0
60,4,3e-05,0.001,32,mae,2596,42,874,999,0,10,5.986080000000007,5.986080000000007,0.0
60,32,0.0003,0.001,32,mae,2594,42,874,999,0,10,5.986080000000007,5.986080000000007,0.0
30,16,3e-05,0.001,32,mae,2597,42,874,999,0,10,5.986080000000007,5.986080000000007,0.0
60,4,0.0001,0.0,32,mae,2598,42,874,999,0,10,5.986080000000007,5.986080000000007,0.0
20,32,0.0003,0.0,64,mse,2599,42,874,999,2,12,5.986080000000007,5.984419924710451,0.027732260336588155
10,64,0.001,0.001,64,mse,2600,42,874,999,2,12,5.986080000000007,5.984174621501937,0.03183015425904934
5,4,0.001,0.001,256,mse,2602,42,874,999,3,13,5.986080000000007,5.982655176381088,0.05721312810587076
60,8,3e-05,0.001,32,mse,2601,42,874,999,1,11,5.986080000000007,5.985987239933978,0.0015495961635858535
5,8,0.0001,0.1,32,mse,2605,42,874,999,0,10,5.986080000000007,5.986080000000007,0.0
30,24,0.003,0.01,64,mae,2604,42,874,999,0,10,5.986080000000007,5.986080000000007,0.0
30,4,0.003,0.1,32,mse,2603,42,874,999,4,14,5.986080000000007,5.983327983410458,0.0459736019156054
20,4,0.0001,0.0,32,mae,2608,42,874,999,0,10,5.986080000000007,5.986080000000007,0.0
30,64,0.0003,0.001,64,mae,2606,42,874,999,0,10,5.986080000000007,5.986080000000007,0.0
20,24,0.003,0.0,32,mse,2607,42,874,999,3,13,5.986080000000007,5.984785086284979,0.021632081679978654
60,8,0.001,0.0,64,mse,2610,42,874,999,3,13,5.986080000000007,5.983800909303107,0.03807317471367089
30,8,3e-05,0.0,32,mae,2612,42,874,999,0,10,5.986080000000007,5.986080000000007,0.0
5,16,0.0001,0.1,64,mae,2613,42,874,999,0,10,5.986080000000007,5.986080000000007,0.0
10,64,0.0003,0.001,32,mae,2611,42,874,999,0,10,5.986080000000007,5.986080000000007,0.0
10,16,3e-05,0.001,64,mse,2614,42,874,999,0,10,5.986080000000007,5.986080000000007,0.0
10,16,0.0001,0.001,256,mse,2617,42,874,999,1,11,5.986080000000007,5.986063373937323,0.0002777454141122959
60,16,0.0001,0.01,64,mae,2616,42,874,999,0,10,5.986080000000007,5.986080000000007,0.0
60,64,0.001,0.001,32,mae,2609,42,874,999,0,10,5.986080000000007,5.986080000000007,0.0
30,16,0.0001,0.0,32,mae,2618,42,874,999,0,10,5.986080000000007,5.986080000000007,0.0
30,24,0.0001,0.001,64,mae,2619,42,874,999,0,10,5.986080000000007,5.986080000000007,0.0
5,64,0.001,0.1,256,mae,2622,42,874,999,0,10,5.986080000000007,5.986080000000007,0.0
5,24,0.003,0.1,64,mse,2623,42,874,999,4,14,5.986080000000007,5.983658816170115,0.04044690064103351
60,16,0.0003,0.01,32,mse,2615,42,874,999,13,23,5.986080000000007,5.983533713146806,0.04253679959508316
20,24,0.003,0.001,64,mse,2621,42,874,999,10,20,5.986080000000007,5.982943910926226,0.05238969532284088
20,8,0.0003,0.1,256,mse,2625,42,874,999,6,16,5.986080000000007,5.98448206690661,0.026694148648154226
30,64,3e-05,0.001,64,mae,2620,42,874,999,0,10,5.986080000000007,5.986080000000007,0.0
10,24,0.0001,0.1,256,mae,2627,42,874,999,0,10,5.986080000000007,5.986080000000007,0.0
10,8,0.003,0.01,256,mse,2628,42,874,999,6,16,5.986080000000007,5.983215492177838,0.047852815568272256
20,8,3e-05,0.001,256,mae,2629,42,874,999,0,10,5.986080000000007,5.986080000000007,0.0
10,24,0.0003,0.001,64,mse,2631,42,874,999,2,12,5.986080000000007,5.984542400254639,0.02568625453333029
20,32,0.003,0.001,32,mse,2626,42,874,999,3,13,5.986080000000007,5.984075488044227,0.03348622062819828
20,64,0.001,0.1,32,mae,2624,42,874,999,0,10,5.986080000000007,5.986080000000007,0.0
5,8,3e-05,0.0,64,mae,2632,42,874,999,0,10,5.986080000000007,5.986080000000007,0.0
10,4,0.0001,0.01,32,mse,2630,42,874,999,7,17,5.986080000000007,5.984138658136739,0.03243093749614179
30,4,0.0003,0.1,64,mae,2633,42,874,999,0,10,5.986080000000007,5.986080000000007,0.0
60,8,0.001,0.1,256,mae,2635,42,874,999,0,10,5.986080000000007,5.986080000000007,0.0
5,8,3e-05,0.1,256,mae,2638,42,874,999,0,10,5.986080000000007,5.986080000000007,0.0
20,16,0.001,0.0,64,mae,2636,42,874,999,0,10,5.986080000000007,5.986080000000007,0.0
5,24,0.003,0.0,256,mae,2639,42,874,999,0,10,5.986080000000007,5.986080000000007,0.0
10,8,0.003,0.01,64,mse,2637,42,874,999,4,14,5.986080000000007,5.984750598623798,0.022208212656860127
20,64,0.003,0.001,256,mse,2634,42,874,999,2,12,5.986080000000007,5.982584729692259,0.058389969859218294
5,32,3e-05,0.001,64,mae,2641,42,874,999,0,10,5.986080000000007,5.986080000000007,0.0
10,4,0.003,0.001,64,mae,2644,42,874,999,0,10,5.986080000000007,5.986080000000007,0.0
5,24,0.001,0.1,32,mae,2643,42,874,999,0,10,5.986080000000007,5.986080000000007,0.0
20,24,0.0003,0.1,256,mae,2646,42,874,999,0,10,5.986080000000007,5.986080000000007,0.0
60,8,0.0001,0.001,256,mse,2645,42,874,999,8,18,5.986080000000007,5.985231458185786,0.01417525015070531
5,32,0.003,0.0,256,mse,2647,42,874,999,11,21,5.986080000000007,5.98315408566492,0.048878637356786214
20,64,0.001,0.1,32,mse,2642,42,874,999,3,13,5.986080000000007,5.983948892239563,0.03560105712661077
20,24,0.0001,0.001,64,mae,2649,42,874,999,0,10,5.986080000000007,5.986080000000007,0.0
10,32,0.001,0.0,32,mse,2648,42,874,999,3,13,5.986080000000007,5.983992049253351,0.03488010094512273
60,4,0.001,0.01,64,mae,2650,42,874,999,0,10,5.986080000000007,5.986080000000007,0.0
10,32,0.0003,0.01,64,mse,2651,42,874,999,2,12,5.986080000000007,5.984294227772894,0.029832080879532707
5,16,3e-05,0.0,256,mae,2654,42,874,999,0,10,5.986080000000007,5.986080000000007,0.0
5,24,0.003,0.01,64,mae,2653,42,874,999,0,10,5.986080000000007,5.986080000000007,0.0
5,24,0.0003,0.001,32,mse,2652,42,874,999,1,11,5.986080000000007,5.98484216408501,0.02067857287235686
5,64,0.0003,0.0,64,mae,2655,42,874,999,0,10,5.986080000000007,5.986080000000007,0.0
20,4,0.001,0.0,64,mse,2656,42,874,999,1,11,5.986080000000007,5.985673757806329,0.006786447786832905
20,16,0.003,0.001,256,mse,2659,42,874,999,6,16,5.986080000000007,5.983531589857766,0.04257227003716668
60,8,3e-05,0.001,64,mse,2657,42,874,999,9,19,5.986080000000007,5.985874434260455,0.003434062684637418
60,24,0.0001,0.001,32,mse,2640,42,874,999,23,33,5.986080000000007,5.984132054877804,0.032541247731454614
60,24,3e-05,0.001,256,mse,2658,42,874,999,5,15,5.986080000000007,5.985400234339824,0.011355773063226327
20,8,0.0001,0.1,64,mse,2660,42,874,999,9,19,5.986080000000007,5.984501287106732,0.0263730670701956
20,16,0.003,0.1,256,mse,2663,42,874,999,6,16,5.986080000000007,5.98354255598422,0.042389076253357416
5,32,3e-05,0.01,32,mse,2661,42,874,999,1,11,5.986080000000007,5.9860161403057335,0.0010668032213723144
20,64,0.003,0.1,256,mse,2662,42,874,999,2,12,5.986080000000007,5.982579698637841,0.05847401575265199
60,16,0.0003,0.01,32,mae,2664,42,874,999,0,10,5.986080000000007,5.986080000000007,0.0
60,16,0.0003,0.0,256,mae,2668,42,874,999,0,10,5.986080000000007,5.986080000000007,0.0
20,64,3e-05,0.1,64,mae,2667,42,874,999,0,10,5.986080000000007,5.986080000000007,0.0
20,8,0.0001,0.1,32,mse,2666,42,874,999,11,21,5.986080000000007,5.984238846869064,0.030757242317902556
20,64,3e-05,0.01,64,mse,2665,42,874,999,5,15,5.986080000000007,5.984801892608839,0.02135132492663283
5,4,0.0001,0.01,64,mae,2669,42,874,999,0,10,5.986080000000007,5.986080000000007,0.0
5,32,0.003,0.0,64,mae,2670,42,874,999,0,10,5.986080000000007,5.986080000000007,0.0
10,4,0.003,0.0,64,mse,2674,42,874,999,1,11,5.986080000000007,5.984352084085882,0.02886556668346696
60,24,0.0001,0.1,256,mse,2671,42,874,999,2,12,5.986080000000007,5.985460371162299,0.01035116199096242
10,4,0.001,0.0,256,mse,2676,42,874,999,3,13,5.986080000000007,5.9834444897279795,0.04402731457027187
20,24,0.001,0.1,32,mse,2672,42,874,999,4,14,5.986080000000007,5.984005806042793,0.03465028795496261
20,24,0.003,0.01,64,mse,2673,42,874,999,10,20,5.986080000000007,5.982948509624428,0.05231287212297264
10,24,0.001,0.01,64,mse,2675,42,874,999,2,12,5.986080000000007,5.9840591430807635,0.03375927016083802
10,16,0.001,0.0,256,mse,2680,42,874,999,8,18,5.986080000000007,5.983843672452797,0.03735879819866117
5,24,3e-05,0.0,32,mae,2677,42,874,999,0,10,5.986080000000007,5.986080000000007,0.0
20,24,3e-05,0.001,256,mse,2678,42,874,999,10,20,5.986080000000007,5.985232008457384,0.014166057630760065
10,32,0.0001,0.001,256,mae,2682,42,874,999,0,10,5.986080000000007,5.986080000000007,0.0
30,32,0.001,0.01,32,mae,2679,42,874,999,0,10,5.986080000000007,5.986080000000007,0.0
30,16,0.003,0.1,256,mae,2685,42,874,999,0,10,5.986080000000007,5.986080000000007,0.0
10,4,0.0001,0.1,32,mse,2683,42,874,999,7,17,5.986080000000007,5.9841395228492145,0.03241649210824482
5,8,0.0001,0.001,32,mae,2686,42,874,999,0,10,5.986080000000007,5.986080000000007,0.0
20,8,0.0001,0.001,64,mse,2687,42,874,999,9,19,5.986080000000007,5.984501522937393,0.026369127419190175
20,64,0.001,0.01,32,mse,2684,42,874,999,3,13,5.986080000000007,5.983957342838799,0.03545988628965713
60,16,3e-05,0.1,32,mse,2690,42,874,999,1,11,5.986080000000007,5.986024029519487,0.0009350105665273389
60,64,0.0001,0.001,256,mse,2681,42,874,999,2,12,5.986080000000007,5.9853310180363355,0.01251206070871369
60,64,0.0003,0.001,64,mae,2688,42,874,999,0,10,5.986080000000007,5.986080000000007,0.0
10,32,3e-05,0.0,32,mse,2689,42,874,999,19,29,5.986080000000007,5.984251817556268,0.030540561498337837
5,16,0.0001,0.01,64,mae,2693,42,874,999,0,10,5.986080000000007,5.986080000000007,0.0
20,4,3e-05,0.01,256,mse,2695,42,874,999,17,27,5.986080000000007,5.984995824035017,0.01811161837113051
20,64,3e-05,0.001,32,mae,2692,42,874,999,0,10,5.986080000000007,5.986080000000007,0.0
10,64,3e-05,0.1,32,mae,2694,42,874,999,0,10,5.986080000000007,5.986080000000007,0.0
60,8,0.0003,0.001,256,mae,2697,42,874,999,0,10,5.986080000000007,5.986080000000007,0.0
5,16,3e-05,0.01,256,mae,2699,42,874,999,0,10,5.986080000000007,5.986080000000007,0.0
20,24,3e-05,0.1,256,mae,2700,42,874,999,0,10,5.986080000000007,5.986080000000007,0.0
20,24,0.0003,0.01,256,mse,2701,42,874,999,1,11,5.986080000000007,5.985806019510647,0.004576960036628552
60,64,0.0003,0.001,256,mae,2691,42,874,999,0,10,5.986080000000007,5.986080000000007,0.0
30,64,0.0001,0.0,32,mae,2696,42,874,999,0,10,5.986080000000007,5.986080000000007,0.0
10,64,0.003,0.0,64,mse,2704,42,874,999,4,14,5.986080000000007,5.984220294042919,0.03106717513110535
60,32,3e-05,0.01,32,mae,2703,42,874,999,0,10,5.986080000000007,5.986080000000007,0.0
30,64,3e-05,0.0,256,mse,2702,42,874,999,14,24,5.986080000000007,5.9845174808131665,0.026102544350237178
30,32,3e-05,0.1,32,mse,2705,42,874,999,1,11,5.986080000000007,5.985901436872904,0.0029829726148511426
60,32,0.0003,0.01,64,mse,2706,42,874,999,4,14,5.986080000000007,5.984502426142057,0.026354039002995933
30,4,0.001,0.01,64,mse,2708,42,874,999,1,11,5.986080000000007,5.985413125603871,0.011140419041122396
30,64,0.001,0.001,32,mse,2698,42,874,999,18,28,5.986080000000007,5.983224099184583,0.04770903187769626
5,4,0.001,0.001,32,mae,2710,42,874,999,0,10,5.986080000000007,5.986080000000007,0.0
60,24,0.001,0.001,256,mae,2709,42,874,999,0,10,5.986080000000007,5.986080000000007,0.0
5,8,0.001,0.001,256,mse,2711,42,874,999,12,22,5.986080000000007,5.983361870381044,0.0454075057293446
5,8,0.001,0.001,256,mae,2713,42,874,999,0,10,5.986080000000007,5.986080000000007,0.0
30,64,3e-05,0.001,64,mse,2707,42,874,999,1,11,5.986080000000007,5.98583988506638,0.004011221594557579
5,8,0.0001,0.1,32,mae,2712,42,874,999,0,10,5.986080000000007,5.986080000000007,0.0
20,24,0.001,0.01,64,mse,2714,42,874,999,1,11,5.986080000000007,5.984707559525352,0.022927199012634514
5,24,0.001,0.01,64,mae,2717,42,874,999,0,10,5.986080000000007,5.986080000000007,0.0
30,32,0.001,0.001,64,mae,2716,42,874,999,0,10,5.986080000000007,5.986080000000007,0.0
60,32,0.001,0.01,256,mae,2715,42,874,999,0,10,5.986080000000007,5.986080000000007,0.0
20,8,0.001,0.001,32,mae,2721,42,874,999,0,10,5.986080000000007,5.986080000000007,0.0
30,24,3e-05,0.0,32,mse,2718,42,874,999,1,11,5.986080000000007,5.98586901015492,0.0035246746633466053
60,16,0.003,0.0,32,mae,2719,42,874,999,0,10,5.986080000000007,5.986080000000007,0.0
20,16,0.003,0.0,64,mae,2722,42,874,999,0,10,5.986080000000007,5.986080000000007,0.0
10,16,0.0003,0.01,64,mse,2723,42,874,999,4,14,5.986080000000007,5.983985250281768,0.034993680643080616
10,32,0.003,0.001,64,mse,2725,42,874,999,4,14,5.986080000000007,5.98329886509827,0.04646003564499068
20,24,0.003,0.001,256,mse,2727,42,874,999,6,16,5.986080000000007,5.9836085611953225,0.04128643126528608
60,32,0.0001,0.0,64,mae,2726,42,874,999,0,10,5.986080000000007,5.986080000000007,0.0
60,4,0.0001,0.001,64,mse,2724,42,874,999,13,23,5.986080000000007,5.984568695375061,0.025246983417304136
10,16,0.003,0.001,256,mse,2728,42,874,999,5,15,5.986080000000007,5.982927739447587,0.052659846718061676
5,4,0.001,0.1,64,mse,2731,42,874,999,2,12,5.986080000000007,5.984661572543466,0.023695431008963208
5,8,0.001,0.0,256,mae,2732,42,874,999,0,10,5.986080000000007,5.986080000000007,0.0
20,8,3e-05,0.01,32,mae,2730,42,874,999,0,10,5.986080000000007,5.986080000000007,0.0
60,64,0.0003,0.0,256,mse,2720,42,874,999,1,11,5.986080000000007,5.98559062749292,0.008175174857127931
10,32,0.0003,0.0,256,mse,2734,42,874,999,6,16,5.986080000000007,5.983902119155431,0.03638242129367919
5,32,0.003,0.0,32,mse,2735,42,874,999,0,10,5.986080000000007,5.986080000000007,0.0
20,32,0.003,0.01,64,mse,2733,42,874,999,8,18,5.986080000000007,5.983162536264168,0.048737466519643835
20,8,0.0001,0.1,256,mae,2737,42,874,999,0,10,5.986080000000007,5.986080000000007,0.0
60,4,0.0001,0.0,64,mae,2736,42,874,999,0,10,5.986080000000007,5.986080000000007,0.0
5,8,0.0003,0.0,32,mse,2739,42,874,999,0,10,5.986080000000007,5.986080000000007,0.0
5,24,3e-05,0.0,32,mse,2740,42,874,999,1,11,5.986080000000007,5.985944869022457,0.002257420173978897
20,16,3e-05,0.001,256,mse,2738,42,874,999,44,54,5.986080000000007,5.984408487735591,0.027923319842315664
20,24,3e-05,0.1,64,mse,2742,42,874,999,7,17,5.986080000000007,5.985075887736695,0.016774120347751165
20,64,0.003,0.1,64,mse,2729,42,874,999,22,32,5.986080000000007,5.982843604278556,0.05406536032681597
30,24,0.0001,0.01,256,mae,2745,42,874,999,0,10,5.986080000000007,5.986080000000007,0.0
10,24,0.0003,0.0,64,mse,2744,42,874,999,2,12,5.986080000000007,5.984542636085313,0.02568231488210282
60,4,0.0003,0.001,32,mae,2743,42,874,999,0,10,5.986080000000007,5.986080000000007,0.0
5,16,0.0003,0.0,64,mse,2746,42,874,999,6,16,5.986080000000007,5.9839962950184455,0.03480917364221403
30,24,0.003,0.01,256,mae,2747,42,874,999,3,13,5.986080000000007,5.985717488945353,0.006055900600299147
5,4,0.001,0.0,64,mse,2749,42,874,999,2,12,5.986080000000007,5.984675643773829,0.023460365150118623
20,8,0.0001,0.0,64,mse,2748,42,874,999,9,19,5.986080000000007,5.984501129886272,0.02637569350452118
10,24,0.0003,0.0,256,mse,2750,42,874,999,6,16,5.986080000000007,5.98362155926079,0.04106929308023144
5,16,0.001,0.0,256,mae,2752,42,874,999,0,10,5.986080000000007,5.986080000000007,0.0
20,4,0.003,0.1,64,mse,2753,42,874,999,1,11,5.986080000000007,5.9827151380928685,0.05621144233185493
30,24,0.001,0.1,32,mse,2741,42,874,999,21,31,5.986080000000007,5.983433478333001,0.04421126458393765
20,64,0.0003,0.1,64,mae,2755,42,874,999,0,10,5.986080000000007,5.986080000000007,0.0
30,24,3e-05,0.001,256,mse,2756,42,874,999,20,30,5.986080000000007,5.984752052912961,0.02218391814085008
5,8,0.001,0.001,64,mae,2757,42,874,999,0,10,5.986080000000007,5.986080000000007,0.0
5,64,0.0001,0.01,32,mse,2759,42,874,999,1,11,5.986080000000007,5.9852955989792775,0.013103751047927048
60,64,0.001,0.0,256,mse,2754,42,874,999,1,11,5.986080000000007,5.9856006502966705,0.008007739678339565
60,16,0.0003,0.1,256,mse,2760,42,874,999,4,14,5.986080000000007,5.984786249173982,0.021612655126990177
10,8,3e-05,0.0,256,mse,2761,42,874,999,1,11,5.986080000000007,5.986047927028032,0.0005357925716875656
30,16,0.001,0.1,32,mse,2758,42,874,999,16,26,5.986080000000007,5.9835142102216015,0.042862604215210265
30,4,0.001,0.001,64,mae,2763,42,874,999,0,10,5.986080000000007,5.986080000000007,0.0
20,64,0.003,0.0,256,mse,2762,42,874,999,2,12,5.986080000000007,5.982584572471805,0.05839259629343285
10,24,0.0003,0.1,32,mae,2764,42,874,999,0,10,5.986080000000007,5.986080000000007,0.0
60,64,0.0001,0.1,32,mse,2751,42,874,999,8,18,5.986080000000007,5.98411346355948,0.03285182357281036
30,24,3e-05,0.001,256,mae,2766,42,874,999,0,10,5.986080000000007,5.986080000000007,0.0
5,4,0.0001,0.01,256,mse,2767,42,874,999,20,30,5.986080000000007,5.983397285100527,0.04481588785114621
30,8,0.0003,0.0,256,mse,2768,42,874,999,7,17,5.986080000000007,5.984055511558943,0.03381993626988544
20,24,0.0003,0.001,256,mse,2771,42,874,999,1,11,5.986080000000007,5.985805744374853,0.004581556296512357
20,16,0.0001,0.01,32,mae,2769,42,874,999,0,10,5.986080000000007,5.986080000000007,0.0
60,16,0.003,0.01,64,mae,2770,42,874,999,0,10,5.986080000000007,5.986080000000007,0.0
5,4,0.003,0.01,64,mse,2773,42,874,999,2,12,5.986080000000007,5.983713926275714,0.03952626300172124
30,24,0.003,0.001,32,mae,2772,42,874,999,0,10,5.986080000000007,5.986080000000007,0.0
20,32,0.003,0.01,64,mae,2774,42,874,999,3,13,5.986080000000007,5.98525606318636,0.013764213202083209
5,4,0.003,0.01,256,mae,2777,42,874,999,0,10,5.986080000000007,5.986080000000007,0.0
20,4,0.001,0.001,32,mse,2775,42,874,999,1,11,5.986080000000007,5.984082844063729,0.03336333520899126
10,8,3e-05,0.0,32,mae,2776,42,874,999,0,10,5.986080000000007,5.986080000000007,0.0
30,4,0.003,0.001,256,mae,2779,42,874,999,0,10,5.986080000000007,5.986080000000007,0.0
20,24,0.001,0.0,32,mae,2778,42,874,999,0,10,5.986080000000007,5.986080000000007,0.0
60,24,3e-05,0.0,256,mae,2780,42,874,999,0,10,5.986080000000007,5.986080000000007,0.0
60,64,0.003,0.01,256,mse,2765,42,874,999,5,15,5.986080000000007,5.98508988035682,0.016540367706208148
30,64,0.0003,0.0,32,mse,2781,42,874,999,1,11,5.986080000000007,5.98438073751306,0.028386899054921866
20,64,0.0001,0.1,32,mse,2782,42,874,999,2,12,5.986080000000007,5.984481555940145,0.026702684559209988
10,4,0.0001,0.1,32,mae,2784,42,874,999,0,10,5.986080000000007,5.986080000000007,0.0
30,8,3e-05,0.0,256,mae,2786,42,874,999,0,10,5.986080000000007,5.986080000000007,0.0
5,64,0.001,0.1,64,mse,2785,42,874,999,2,12,5.986080000000007,5.983895983220292,0.036484924687196774
10,24,0.0003,0.01,256,mse,2787,42,874,999,6,16,5.986080000000007,5.983620773158538,0.041082425251071086
5,32,0.001,0.001,256,mae,2790,42,874,999,0,10,5.986080000000007,5.986080000000007,0.0
10,8,0.003,0.0,64,mae,2788,42,874,999,0,10,5.986080000000007,5.986080000000007,0.0
5,64,0.001,0.001,64,mae,2789,42,874,999,0,10,5.986080000000007,5.986080000000007,0.0
5,64,3e-05,0.1,64,mae,2791,42,874,999,0,10,5.986080000000007,5.986080000000007,0.0
60,64,0.0003,0.01,32,mae,2783,42,874,999,0,10,5.986080000000007,5.986080000000007,0.0
30,4,0.0001,0.01,32,mae,2792,42,874,999,0,10,5.986080000000007,5.986080000000007,0.0
30,32,3e-05,0.01,64,mae,2793,42,874,999,0,10,5.986080000000007,5.986080000000007,0.0
20,24,0.003,0.001,32,mae,2794,42,874,999,0,10,5.986080000000007,5.986080000000007,0.0
60,8,0.0003,0.001,64,mae,2797,42,874,999,0,10,5.986080000000007,5.986080000000007,0.0
30,64,0.003,0.01,64,mse,2795,42,874,999,0,10,5.986080000000007,5.986080000000007,0.0
10,24,0.0003,0.01,64,mae,2800,42,874,999,0,10,5.986080000000007,5.986080000000007,0.0
60,16,3e-05,0.001,256,mse,2796,42,874,999,26,36,5.986080000000007,5.984998496782673,0.018066968990304577
20,24,3e-05,0.001,32,mae,2801,42,874,999,0,10,5.986080000000007,5.986080000000007,0.0
60,32,0.003,0.01,256,mae,2802,42,874,999,0,10,5.986080000000007,5.986080000000007,0.0
10,24,0.001,0.01,256,mae,2804,42,874,999,0,10,5.986080000000007,5.986080000000007,0.0
60,16,0.001,0.0,256,mse,2803,42,874,999,3,13,5.986080000000007,5.985255354881385,0.013776045736479947
60,4,0.0003,0.01,64,mae,2805,42,874,999,0,10,5.986080000000007,5.986080000000007,0.0
20,32,0.0003,0.001,64,mae,2806,42,874,999,0,10,5.986080000000007,5.986080000000007,0.0
60,64,0.0001,0.0,256,mse,2798,42,874,999,2,12,5.986080000000007,5.9853310180363355,0.01251206070871369
5,4,0.001,0.001,64,mse,2807,42,874,999,2,12,5.986080000000007,5.984675722384056,0.023459051933005792
20,24,0.0003,0.01,64,mae,2808,42,874,999,0,10,5.986080000000007,5.986080000000007,0.0
60,64,0.003,0.001,64,mse,2799,42,874,999,6,16,5.986080000000007,5.983990831607784,0.03490044222970168
60,8,0.0003,0.1,256,mae,2811,42,874,999,0,10,5.986080000000007,5.986080000000007,0.0
10,64,0.003,0.1,64,mae,2810,42,874,999,0,10,5.986080000000007,5.986080000000007,0.0
10,24,0.0001,0.1,64,mae,2813,42,874,999,0,10,5.986080000000007,5.986080000000007,0.0
60,16,3e-05,0.001,32,mae,2812,42,874,999,0,10,5.986080000000007,5.986080000000007,0.0
30,64,3e-05,0.01,64,mse,2809,42,874,999,1,11,5.986080000000007,5.9858398064561555,0.004012534811626001
60,16,3e-05,0.001,256,mae,2815,42,874,999,0,10,5.986080000000007,5.986080000000007,0.0
30,8,0.003,0.1,256,mae,2816,42,874,999,0,10,5.986080000000007,5.986080000000007,0.0
60,16,0.0003,0.1,64,mse,2814,42,874,999,7,17,5.986080000000007,5.9842482014859035,0.030600969484262386
20,24,0.003,0.0,256,mse,2819,42,874,999,6,16,5.986080000000007,5.983608757720896,0.041283148222392985
10,32,0.0001,0.001,256,mse,2820,42,874,999,12,22,5.986080000000007,5.983868890883743,0.036937513636037256
10,4,3e-05,0.01,64,mse,2818,42,874,999,21,31,5.986080000000007,5.984505060397542,0.026310032650178616
30,16,0.0003,0.1,32,mae,2821,42,874,999,0,10,5.986080000000007,5.986080000000007,0.0
5,32,3e-05,0.001,64,mse,2817,42,874,999,30,40,5.986080000000007,5.98435562235897,0.028806458333963114
20,32,0.0003,0.0,256,mse,2823,42,874,999,2,12,5.986080000000007,5.9851913268527674,0.014845661054307957
20,4,0.003,0.0,32,mse,2822,42,874,999,4,14,5.986080000000007,5.983263993874011,0.047042574205435894
10,32,0.001,0.1,64,mse,2825,42,874,999,1,11,5.986080000000007,5.984095815563872,0.033146640808923156
5,16,0.003,0.001,32,mae,2824,42,874,999,0,10,5.986080000000007,5.986080000000007,0.0
10,16,0.003,0.1,32,mae,2826,42,874,999,0,10,5.986080000000007,5.986080000000007,0.0
5,24,0.0001,0.01,32,mse,2827,42,874,999,1,11,5.986080000000007,5.98562358903106,0.007624538411576953
20,8,0.003,0.0,32,mae,2829,42,874,999,0,10,5.986080000000007,5.986080000000007,0.0
20,16,3e-05,0.001,32,mae,2830,42,874,999,0,10,5.986080000000007,5.986080000000007,0.0
30,4,0.003,0.1,64,mse,2833,42,874,999,1,11,5.986080000000007,5.982693931222253,0.056565712081257935
20,64,0.0003,0.0,64,mae,2832,42,874,999,0,10,5.986080000000007,5.986080000000007,0.0
30,64,0.0003,0.01,32,mae,2831,42,874,999,0,10,5.986080000000007,5.986080000000007,0.0
5,64,0.001,0.001,64,mse,2835,42,874,999,2,12,5.986080000000007,5.98388768984152,0.03662346908974712
60,24,0.0003,0.01,32,mse,2828,42,874,999,12,22,5.986080000000007,5.983958915856254,0.03543360836729681
60,32,0.0001,0.1,32,mae,2834,42,874,999,0,10,5.986080000000007,5.986080000000007,0.0
30,32,0.001,0.0,256,mse,2836,42,874,999,7,17,5.986080000000007,5.984084259047784,0.033339697301459914
20,24,0.003,0.001,32,mse,2837,42,874,999,3,13,5.986080000000007,5.984789016796254,0.02156642082553617
10,32,3e-05,0.001,32,mae,2838,42,874,999,0,10,5.986080000000007,5.986080000000007,0.0
10,32,0.0001,0.01,64,mse,2839,42,874,999,5,15,5.986080000000007,5.984475149206768,0.026809711751929477
20,24,0.0001,0.001,256,mae,2842,42,874,999,0,10,5.986080000000007,5.986080000000007,0.0
20,8,0.0003,0.001,64,mse,2841,42,874,999,3,13,5.986080000000007,5.98439895963393,0.02808249081330816
10,64,0.003,0.0,256,mse,2840,42,874,999,10,20,5.986080000000007,5.9835535546394345,0.04220533906283963
5,16,0.003,0.01,64,mse,2844,42,874,999,4,14,5.986080000000007,5.983333531394754,0.045880920489760335
10,4,0.003,0.01,64,mae,2846,42,874,999,0,10,5.986080000000007,5.986080000000007,0.0
60,16,0.0003,0.1,64,mae,2843,42,874,999,0,10,5.986080000000007,5.986080000000007,0.0
30,16,3e-05,0.1,32,mse,2845,42,874,999,0,10,5.986080000000007,5.986080000000007,0.0
20,24,3e-05,0.0,64,mae,2848,42,874,999,0,10,5.986080000000007,5.986080000000007,0.0
10,64,0.0003,0.001,256,mse,2849,42,874,999,4,14,5.986080000000007,5.98332587882462,0.046008759912785635
60,32,0.001,0.1,256,mae,2850,42,874,999,0,10,5.986080000000007,5.986080000000007,0.0
20,24,0.0001,0.1,64,mae,2852,42,874,999,0,10,5.986080000000007,5.986080000000007,0.0
30,64,0.0003,0.1,64,mse,2847,42,874,999,1,11,5.986080000000007,5.984801813185684,0.02135265172404921
30,24,3e-05,0.01,64,mse,2851,42,874,999,1,11,5.986080000000007,5.985911184540857,0.002820133696013194
10,4,3e-05,0.001,64,mae,2856,42,874,999,0,10,5.986080000000007,5.986080000000007,0.0
5,16,0.0001,0.001,32,mae,2853,42,874,999,0,10,5.986080000000007,5.986080000000007,0.0
60,8,0.001,0.001,256,mse,2857,42,874,999,2,12,5.986080000000007,5.984842534095392,0.020672391692311276
60,32,0.001,0.001,256,mae,2855,42,874,999,0,10,5.986080000000007,5.986080000000007,0.0
60,4,0.003,0.0,256,mae,2860,42,874,999,0,10,5.986080000000007,5.986080000000007,0.0
30,64,0.003,0.1,256,mae,2854,42,874,999,3,13,5.986080000000007,5.985894047511705,0.0031064150212256614
20,24,0.003,0.01,32,mse,2858,42,874,999,3,13,5.986080000000007,5.984819753394398,0.02105295294431153
20,64,0.0003,0.01,64,mae,2859,42,874,999,0,10,5.986080000000007,5.986080000000007,0.0
10,24,0.0001,0.001,64,mse,2861,42,874,999,5,15,5.986080000000007,5.9847258757078885,0.022621219431062656
20,16,3e-05,0.0,32,mse,2864,42,874,999,0,10,5.986080000000007,5.986080000000007,0.0
10,24,3e-05,0.01,256,mse,2866,42,874,999,2,12,5.986080000000007,5.985952376298999,0.0021320079418907234
10,8,0.0001,0.01,32,mse,2862,42,874,999,15,25,5.986080000000007,5.9839827347545596,0.03503570358979191
30,4,0.001,0.0,64,mae,2867,42,874,999,0,10,5.986080000000007,5.986080000000007,0.0
10,32,0.001,0.1,64,mae,2868,42,874,999,0,10,5.986080000000007,5.986080000000007,0.0
20,64,3e-05,0.001,64,mse,2865,42,874,999,5,15,5.986080000000007,5.984801892608841,0.021351324926599524
5,32,0.0003,0.0,32,mse,2869,42,874,999,1,11,5.986080000000007,5.985440752760562,0.01067889569543734
60,8,0.0003,0.0,64,mae,2871,42,874,999,0,10,5.986080000000007,5.986080000000007,0.0
5,8,0.001,0.0,64,mae,2872,42,874,999,0,10,5.986080000000007,5.986080000000007,0.0
10,4,0.001,0.001,64,mae,2873,42,874,999,0,10,5.986080000000007,5.986080000000007,0.0
5,32,0.003,0.001,32,mae,2874,42,874,999,0,10,5.986080000000007,5.986080000000007,0.0
5,16,0.0001,0.0,32,mse,2875,42,874,999,0,10,5.986080000000007,5.986080000000007,0.0
60,4,0.0001,0.1,256,mae,2876,42,874,999,0,10,5.986080000000007,5.986080000000007,0.0
10,24,3e-05,0.001,32,mse,2870,42,874,999,22,32,5.986080000000007,5.984384943973065,0.028316628360158802
10,4,0.0003,0.1,256,mse,2878,42,874,999,5,15,5.986080000000007,5.983612519897817,0.041220299464594934
30,32,0.0003,0.0,64,mse,2877,42,874,999,1,11,5.986080000000007,5.984941504369232,0.01901905137878801
60,64,3e-05,0.001,256,mse,2863,42,874,999,6,16,5.986080000000007,5.985260504664098,0.013690016436618269
60,24,0.0003,0.001,64,mse,2880,42,874,999,4,14,5.986080000000007,5.98479120080523,0.021529936031217112
20,8,3e-05,0.001,256,mse,2881,42,874,999,50,60,5.986080000000007,5.984701232215146,0.023032899407648966
5,32,3e-05,0.1,64,mae,2882,42,874,999,0,10,5.986080000000007,5.986080000000007,0.0
20,4,0.001,0.1,64,mae,2883,42,874,999,0,10,5.986080000000007,5.986080000000007,0.0
20,4,0.0001,0.001,32,mae,2884,42,874,999,0,10,5.986080000000007,5.986080000000007,0.0
30,8,0.0003,0.0,64,mae,2886,42,874,999,0,10,5.986080000000007,5.986080000000007,0.0
10,8,0.0001,0.1,64,mse,2885,42,874,999,13,23,5.986080000000007,5.984217386277516,0.03111575058287741
60,32,0.0003,0.0,64,mae,2887,42,874,999,0,10,5.986080000000007,5.986080000000007,0.0
60,4,0.003,0.0,32,mse,2888,42,874,999,4,14,5.986080000000007,5.9828982598001055,0.05315231670646181
20,64,0.0001,0.0,32,mae,2889,42,874,999,0,10,5.986080000000007,5.986080000000007,0.0
10,8,0.003,0.1,64,mae,2891,42,874,999,0,10,5.986080000000007,5.986080000000007,0.0
10,4,0.003,0.1,32,mae,2892,42,874,999,0,10,5.986080000000007,5.986080000000007,0.0
60,16,0.0001,0.01,32,mse,2893,42,874,999,1,11,5.986080000000007,5.985965633235877,0.0019105452003675971
10,16,0.003,0.01,64,mse,2890,42,874,999,42,52,5.986080000000007,5.983567929196791,0.04196520599818454
30,4,0.003,0.0,32,mse,2894,42,874,999,4,14,5.986080000000007,5.983228580780376,0.04763416492313821
60,4,0.0001,0.01,256,mae,2895,42,874,999,0,10,5.986080000000007,5.986080000000007,0.0
60,32,3e-05,0.0,64,mse,2879,42,874,999,37,47,5.986080000000007,5.984628517756619,0.02424762521363588
60,4,0.001,0.1,256,mae,2897,42,874,999,0,10,5.986080000000007,5.986080000000007,0.0
30,8,0.003,0.01,32,mae,2899,42,874,999,0,10,5.986080000000007,5.986080000000007,0.0
20,64,0.003,0.01,256,mse,2898,42,874,999,2,12,5.986080000000007,5.982583825674665,0.05840507185574939
60,4,0.001,0.0,256,mae,2901,42,874,999,0,10,5.986080000000007,5.986080000000007,0.0
30,64,0.003,0.1,64,mse,2900,42,874,999,0,10,5.986080000000007,5.986080000000007,0.0
20,64,0.001,0.0,256,mse,2902,42,874,999,2,12,5.986080000000007,5.984243130313413,0.03068568556708895
30,8,0.0001,0.01,256,mse,2905,42,874,999,20,30,5.986080000000007,5.984254883355059,0.030489346031925546
30,32,3e-05,0.0,64,mae,2904,42,874,999,0,10,5.986080000000007,5.986080000000007,0.0
10,24,0.003,0.01,64,mse,2903,42,874,999,21,31,5.986080000000007,5.983599098151186,0.04144451542280603
60,64,0.0003,0.0,64,mse,2896,42,874,999,3,13,5.986080000000007,5.985036857759744,0.01742613263209236
60,8,0.001,0.001,256,mae,2906,42,874,999,0,10,5.986080000000007,5.986080000000007,0.0
30,4,3e-05,0.0,32,mae,2907,42,874,999,0,10,5.986080000000007,5.986080000000007,0.0
10,32,3e-05,0.0,32,mae,2909,42,874,999,0,10,5.986080000000007,5.986080000000007,0.0
10,24,0.0001,0.0,256,mae,2911,42,874,999,0,10,5.986080000000007,5.986080000000007,0.0
5,32,3e-05,0.1,256,mse,2912,42,874,999,1,11,5.986080000000007,5.985961613000476,0.0019777049343083775
20,32,0.003,0.01,32,mse,2908,42,874,999,3,13,5.986080000000007,5.9840885766467675,0.03326756998301983
10,8,0.001,0.1,64,mae,2913,42,874,999,0,10,5.986080000000007,5.986080000000007,0.0
10,16,0.0001,0.1,64,mae,2915,42,874,999,0,10,5.986080000000007,5.986080000000007,0.0
10,64,0.001,0.001,32,mse,2910,42,874,999,5,15,5.986080000000007,5.984123210414495,0.03268899823444249
30,24,3e-05,0.01,64,mae,2914,42,874,999,0,10,5.986080000000007,5.986080000000007,0.0
5,64,0.0001,0.01,64,mae,2916,42,874,999,0,10,5.986080000000007,5.986080000000007,0.0
5,8,3e-05,0.1,64,mse,2918,42,874,999,1,11,5.986080000000007,5.9860464334337395,0.0005607436965093804
5,24,0.003,0.0,32,mae,2917,42,874,999,0,10,5.986080000000007,5.986080000000007,0.0
30,8,0.001,0.0,256,mse,2921,42,874,999,4,14,5.986080000000007,5.98426062108857,0.0303934947651463
10,16,0.0001,0.1,64,mse,2920,42,874,999,11,21,5.986080000000007,5.984065157575945,0.0336587954732015
5,4,0.003,0.001,64,mae,2923,42,874,999,0,10,5.986080000000007,5.986080000000007,0.0
5,64,0.003,0.001,64,mse,2922,42,874,999,6,16,5.986080000000007,5.984346070403632,0.028966027790733317
5,24,0.0003,0.001,64,mse,2924,42,874,999,3,13,5.986080000000007,5.984373820626169,0.02850244857800499
20,4,0.0003,0.01,64,mae,2925,42,874,999,0,10,5.986080000000007,5.986080000000007,0.0
30,24,0.0003,0.0,64,mse,2926,42,874,999,1,11,5.986080000000007,5.985169551820314,0.015209422187700827
5,24,0.003,0.1,32,mse,2927,42,874,999,0,10,5.986080000000007,5.986080000000007,0.0
5,4,0.0003,0.1,32,mse,2919,42,874,999,24,34,5.986080000000007,5.982870038729167,0.05362376164101956
60,16,0.0001,0.001,32,mae,2928,42,874,999,0,10,5.986080000000007,5.986080000000007,0.0
30,24,0.001,0.0,256,mae,2929,42,874,999,0,10,5.986080000000007,5.986080000000007,0.0
60,8,3e-05,0.001,256,mae,2933,42,874,999,0,10,5.986080000000007,5.986080000000007,0.0
5,64,0.0001,0.0,64,mse,2932,42,874,999,5,15,5.986080000000007,5.984209014288508,0.031255608202684915
30,64,3e-05,0.0,256,mae,2931,42,874,999,0,10,5.986080000000007,5.986080000000007,0.0
10,32,3e-05,0.001,64,mse,2930,42,874,999,18,28,5.986080000000007,5.984527660837354,0.02593248273751181
5,8,0.003,0.1,64,mae,2935,42,874,999,0,10,5.986080000000007,5.986080000000007,0.0
30,16,0.0001,0.01,256,mae,2936,42,874,999,0,10,5.986080000000007,5.986080000000007,0.0
10,24,0.0003,0.01,64,mse,2938,42,874,999,2,12,5.986080000000007,5.984542675390428,0.025681658273513097
60,32,0.0003,0.001,64,mse,2934,42,874,999,4,14,5.986080000000007,5.984502544057392,0.026352069177415505
20,16,0.001,0.001,32,mse,2937,42,874,999,3,13,5.986080000000007,5.983222533756429,0.04773518301757207
10,4,0.0001,0.1,256,mse,2940,42,874,999,14,24,5.986080000000007,5.983767814398181,0.03862603910783635
5,24,0.001,0.0,64,mae,2942,42,874,999,0,10,5.986080000000007,5.986080000000007,0.0
20,8,0.003,0.0,64,mae,2941,42,874,999,0,10,5.986080000000007,5.986080000000007,0.0
60,8,0.003,0.01,256,mse,2943,42,874,999,2,12,5.986080000000007,5.984748886276156,0.022236818148957394
10,32,3e-05,0.001,256,mae,2944,42,874,999,0,10,5.986080000000007,5.986080000000007,0.0
20,24,0.0001,0.01,256,mae,2945,42,874,999,0,10,5.986080000000007,5.986080000000007,0.0
20,32,3e-05,0.1,64,mse,2947,42,874,999,9,19,5.986080000000007,5.984830860476915,0.02086740442981405
60,8,0.0001,0.001,64,mse,2946,42,874,999,27,37,5.986080000000007,5.9843604568878295,0.028725695483156066
60,64,0.003,0.0,64,mse,2939,42,874,999,6,16,5.986080000000007,5.983990556471991,0.03490503848957438
20,24,0.003,0.1,64,mse,2949,42,874,999,11,21,5.986080000000007,5.982892599863869,0.05324686833684256
30,4,0.001,0.001,64,mse,2951,42,874,999,1,11,5.986080000000007,5.985413872401008,0.011127943478861368
10,64,3e-05,0.01,32,mae,2952,42,874,999,0,10,5.986080000000007,5.986080000000007,0.0
5,24,0.003,0.01,256,mae,2954,42,874,999,0,10,5.986080000000007,5.986080000000007,0.0
60,4,3e-05,0.0,64,mse,2948,42,874,999,46,56,5.986080000000007,5.984532337332841,0.025854359901067436
30,64,0.001,0.1,256,mse,2953,42,874,999,1,11,5.986080000000007,5.984233170668456,0.030852065651498783
5,8,0.0001,0.0,32,mse,2955,42,874,999,0,10,5.986080000000007,5.986080000000007,0.0
30,4,0.0003,0.1,32,mse,2950,42,874,999,22,32,5.986080000000007,5.9830304214793415,0.05094449991757122
30,4,0.003,0.001,64,mae,2958,42,874,999,0,10,5.986080000000007,5.986080000000007,0.0
5,64,3e-05,0.01,32,mae,2956,42,874,999,0,10,5.986080000000007,5.986080000000007,0.0
30,32,3e-05,0.0,32,mae,2957,42,874,999,0,10,5.986080000000007,5.986080000000007,0.0
10,16,0.0001,0.1,32,mae,2959,42,874,999,0,10,5.986080000000007,5.986080000000007,0.0
10,32,0.003,0.001,32,mae,2960,42,874,999,0,10,5.986080000000007,5.986080000000007,0.0
10,32,3e-05,0.1,256,mae,2963,42,874,999,0,10,5.986080000000007,5.986080000000007,0.0
10,32,0.001,0.0,64,mse,2962,42,874,999,1,11,5.986080000000007,5.984094636410488,0.03316633906529365
5,32,0.001,0.0,256,mse,2964,42,874,999,10,20,5.986080000000007,5.983276629518368,0.04683149041841972
30,16,0.0001,0.0,64,mse,2965,42,874,999,0,10,5.986080000000007,5.986080000000007,0.0
30,16,3e-05,0.001,256,mae,2966,42,874,999,0,10,5.986080000000007,5.986080000000007,0.0
10,24,0.0003,0.1,256,mse,2967,42,874,999,6,16,5.986080000000007,5.983618886513141,0.04111394246094635
60,4,0.003,0.01,32,mse,2961,42,874,999,4,14,5.986080000000007,5.982897355782501,0.053167418703170544
20,4,0.0003,0.01,32,mae,2970,42,874,999,0,10,5.986080000000007,5.986080000000007,0.0
20,32,0.0003,0.01,64,mse,2971,42,874,999,2,12,5.986080000000007,5.984419649574649,0.027736856596605186
20,24,0.003,0.001,64,mae,2973,42,874,999,0,10,5.986080000000007,5.986080000000007,0.0
10,8,0.003,0.0,32,mae,2972,42,874,999,0,10,5.986080000000007,5.986080000000007,0.0
30,32,0.003,0.001,32,mse,2968,42,874,999,4,14,5.986080000000007,5.985524415455316,0.009281274969452635
10,8,3e-05,0.1,256,mse,2976,42,874,999,1,11,5.986080000000007,5.9860478484178055,0.0005371057888003961
5,24,0.0001,0.1,32,mae,2974,42,874,999,0,10,5.986080000000007,5.986080000000007,0.0
60,8,0.0003,0.0,32,mse,2969,42,874,999,15,25,5.986080000000007,5.983761093223917,0.03873831916864079
30,8,0.0001,0.1,64,mse,2977,42,874,999,1,11,5.986080000000007,5.985927535467747,0.0025469845418180093
20,64,3e-05,0.001,256,mae,2975,42,874,999,0,10,5.986080000000007,5.986080000000007,0.0
5,64,0.0001,0.1,256,mae,2979,42,874,999,0,10,5.986080000000007,5.986080000000007,0.0
10,32,0.003,0.1,256,mse,2978,42,874,999,5,15,5.986080000000007,5.983328226017482,0.045969549062574444
20,4,3e-05,0.1,64,mae,2980,42,874,999,0,10,5.986080000000007,5.986080000000007,0.0
30,16,3e-05,0.01,64,mse,2982,42,874,999,0,10,5.986080000000007,5.986080000000007,0.0
5,24,0.001,0.0,256,mae,2985,42,874,999,0,10,5.986080000000007,5.986080000000007,0.0
20,8,3e-05,0.0,32,mse,2983,42,874,999,1,11,5.986080000000007,5.9860522505904195,0.00046356563206950696
20,64,0.0001,0.1,64,mae,2981,42,874,999,0,10,5.986080000000007,5.986080000000007,0.0
5,4,0.0003,0.01,256,mae,2987,42,874,999,0,10,5.986080000000007,5.986080000000007,0.0
30,24,0.001,0.01,256,mse,2984,42,874,999,7,17,5.986080000000007,5.984626590993148,0.02427981261291512
10,16,0.003,0.01,256,mae,2988,42,874,999,0,10,5.986080000000007,5.986080000000007,0.0
60,8,0.001,0.01,256,mae,2990,42,874,999,0,10,5.986080000000007,5.986080000000007,0.0
10,4,0.003,0.001,32,mae,2989,42,874,999,0,10,5.986080000000007,5.986080000000007,0.0
10,24,0.001,0.1,32,mse,2991,42,874,999,4,14,5.986080000000007,5.983766319990969,0.038651003812817386
20,32,0.0001,0.01,32,mae,2992,42,874,999,0,10,5.986080000000007,5.986080000000007,0.0
30,24,0.0001,0.001,32,mae,2993,42,874,999,0,10,5.986080000000007,5.986080000000007,0.0
5,64,0.001,0.0,64,mae,2996,42,874,999,0,10,5.986080000000007,5.986080000000007,0.0
60,16,0.0003,0.1,32,mse,2986,42,874,999,13,23,5.986080000000007,5.983544797188584,0.04235163598588221
20,32,0.0003,0.0,32,mse,2995,42,874,999,2,12,5.986080000000007,5.984216128513906,0.031136762056327427
30,4,0.001,0.1,32,mse,2994,42,874,999,6,16,5.986080000000007,5.983283883073975,0.04671031670195891
30,16,0.0003,0.1,256,mae,2998,42,874,999,0,10,5.986080000000007,5.986080000000007,0.0
60,8,0.003,0.1,64,mse,2997,42,874,999,5,15,5.986080000000007,5.983879125664488,0.03676653729184354
30,64,0.0001,0.1,256,mae,3000,42,874,999,0,10,5.986080000000007,5.986080000000007,0.0
10,64,0.001,0.01,32,mse,2999,42,874,999,5,15,5.986080000000007,5.984122738753143,0.03269687753695294
60,16,0.0003,0.01,64,mse,3002,42,874,999,7,17,5.986080000000007,5.984247336773414,0.0306154148723925
60,16,3e-05,0.01,256,mse,3001,42,874,999,26,36,5.986080000000007,5.98499865400313,0.018064342556023405
10,64,3e-05,0.1,256,mae,3004,42,874,999,0,10,5.986080000000007,5.986080000000007,0.0
20,16,0.0003,0.001,64,mse,3006,42,874,999,3,13,5.986080000000007,5.984046566257626,0.033969371314479524
20,16,0.0003,0.01,64,mse,3007,42,874,999,3,13,5.986080000000007,5.984046212511605,0.03397528079147616
60,32,0.0001,0.0,32,mae,3003,42,874,999,0,10,5.986080000000007,5.986080000000007,0.0
20,16,0.0001,0.001,256,mae,3008,42,874,999,0,10,5.986080000000007,5.986080000000007,0.0
5,32,0.001,0.1,64,mae,3010,42,874,999,0,10,5.986080000000007,5.986080000000007,0.0
60,16,0.001,0.01,256,mse,3009,42,874,999,3,13,5.986080000000007,5.98525539418651,0.013775389127734794
10,64,0.0003,0.001,256,mae,3012,42,874,999,0,10,5.986080000000007,5.986080000000007,0.0
20,64,0.0001,0.0,32,mse,3005,42,874,999,2,12,5.986080000000007,5.984481398719679,0.02670531099364659
20,16,0.0003,0.0,256,mae,3013,42,874,999,0,10,5.986080000000007,5.986080000000007,0.0
10,64,3e-05,0.001,256,mae,3014,42,874,999,0,10,5.986080000000007,5.986080000000007,0.0
5,8,0.0003,0.001,256,mae,3017,42,874,999,0,10,5.986080000000007,5.986080000000007,0.0
5,8,0.001,0.001,32,mae,3016,42,874,999,0,10,5.986080000000007,5.986080000000007,0.0
5,32,3e-05,0.001,256,mae,3018,42,874,999,0,10,5.986080000000007,5.986080000000007,0.0
5,32,3e-05,0.1,64,mse,3015,42,874,999,30,40,5.986080000000007,5.984355268612955,0.02881236781085983
5,16,0.0003,0.0,32,mse,3011,42,874,999,34,44,5.986080000000007,5.9831380602928315,0.04914634798024453
10,24,0.001,0.1,256,mae,3022,42,874,999,0,10,5.986080000000007,5.986080000000007,0.0
30,64,0.0001,0.0,64,mse,3020,42,874,999,1,11,5.986080000000007,5.985310602418455,0.012853112246291598
30,24,0.003,0.01,64,mse,3021,42,874,999,3,13,5.986080000000007,5.985553283298294,0.008799025434236274
5,64,0.0003,0.0,32,mse,3023,42,874,999,1,11,5.986080000000007,5.984033107644694,0.03419420313983679
30,24,0.001,0.01,32,mae,3024,42,874,999,0,10,5.986080000000007,5.986080000000007,0.0
5,32,0.0003,0.1,64,mae,3027,42,874,999,0,10,5.986080000000007,5.986080000000007,0.0
5,64,0.003,0.01,64,mae,3028,42,874,999,0,10,5.986080000000007,5.986080000000007,0.0
20,64,0.001,0.001,32,mse,3025,42,874,999,3,13,5.986080000000007,5.983958168246172,0.03544609751015004
20,64,0.0001,0.0,64,mae,3026,42,874,999,0,10,5.986080000000007,5.986080000000007,0.0
30,8,0.0001,0.001,256,mae,3029,42,874,999,0,10,5.986080000000007,5.986080000000007,0.0
20,4,0.001,0.0,256,mse,3031,42,874,999,1,11,5.986080000000007,5.985928415631673,0.0025322810308869848
20,16,0.0001,0.1,256,mae,3032,42,874,999,0,10,5.986080000000007,5.986080000000007,0.0
10,16,0.0003,0.0,256,mse,3033,42,874,999,8,18,5.986080000000007,5.983545543985736,0.04233916042337693
20,8,0.003,0.1,256,mae,3034,42,874,999,0,10,5.986080000000007,5.986080000000007,0.0
60,16,0.001,0.0,256,mae,3036,42,874,999,0,10,5.986080000000007,5.986080000000007,0.0
60,64,3e-05,0.1,256,mse,3019,42,874,999,6,16,5.986080000000007,5.985261015630569,0.013681480525451484
30,16,0.0001,0.1,32,mae,3035,42,874,999,0,10,5.986080000000007,5.986080000000007,0.0
10,4,3e-05,0.01,32,mae,3037,42,874,999,0,10,5.986080000000007,5.986080000000007,0.0
30,32,0.0001,0.1,256,mae,3040,42,874,999,0,10,5.986080000000007,5.986080000000007,0.0
60,32,0.0001,0.0,64,mse,3030,42,874,999,10,20,5.986080000000007,5.984635042405325,0.024138628195446987
60,32,0.001,0.1,256,mse,3038,42,874,999,2,12,5.986080000000007,5.985619163004769,0.0076984770540744485
20,24,0.0003,0.001,64,mae,3041,42,874,999,0,10,5.986080000000007,5.986080000000007,0.0
60,4,0.0001,0.01,64,mse,3039,42,874,999,13,23,5.986080000000007,5.984568931205718,0.025243043766354223
30,32,0.003,0.01,64,mae,3042,42,874,999,0,10,5.986080000000007,5.986080000000007,0.0
10,64,0.0003,0.0,256,mae,3044,42,874,999,0,10,5.986080000000007,5.986080000000007,0.0
10,16,3e-05,0.01,64,mae,3047,42,874,999,0,10,5.986080000000007,5.986080000000007,0.0
20,64,0.0001,0.01,64,mae,3045,42,874,999,0,10,5.986080000000007,5.986080000000007,0.0
30,16,0.003,0.1,32,mae,3048,42,874,999,0,10,5.986080000000007,5.986080000000007,0.0
5,4,0.001,0.01,32,mse,3049,42,874,999,7,17,5.986080000000007,5.983187074581341,0.048327543545467755
60,64,0.001,0.001,256,mse,3043,42,874,999,1,11,5.986080000000007,5.985600728906895,0.008006426461271143
60,32,0.003,0.001,256,mae,3051,42,874,999,0,10,5.986080000000007,5.986080000000007,0.0
60,24,0.0003,0.0,32,mse,3046,42,874,999,12,22,5.986080000000007,5.983958326279551,0.03544345749565414
5,64,0.003,0.001,256,mse,3053,42,874,999,7,17,5.986080000000007,5.982596160703722,0.058199009974557736
60,8,0.003,0.1,32,mse,3052,42,874,999,2,12,5.986080000000007,5.984807433816797,0.021258756702391413
60,32,0.001,0.001,64,mae,3054,42,874,999,0,10,5.986080000000007,5.986080000000007,0.0
60,64,0.0001,0.001,256,mae,3050,42,874,999,0,10,5.986080000000007,5.986080000000007,0.0
30,8,0.0001,0.01,64,mse,3057,42,874,999,1,11,5.986080000000007,5.9859276140779745,0.0025456713246940765
30,16,0.0001,0.001,32,mse,3056,42,874,999,0,10,5.986080000000007,5.986080000000007,0.0
20,4,0.001,0.01,32,mae,3059,42,874,999,0,10,5.986080000000007,5.986080000000007,0.0
20,4,0.003,0.0,64,mae,3060,42,874,999,8,18,5.986080000000007,5.985782233954043,0.004974307826899338
20,32,3e-05,0.1,32,mse,3055,42,874,999,15,25,5.986080000000007,5.984562917523474,0.025343504873531764
30,32,0.0003,0.01,256,mae,3062,42,874,999,0,10,5.986080000000007,5.986080000000007,0.0
20,8,0.003,0.1,256,mse,3063,42,874,999,7,17,5.986080000000007,5.985265849346494,0.013600731255070109
5,24,0.001,0.1,32,mse,3058,42,874,999,20,30,5.986080000000007,5.983417402541891,0.04447981747849328
60,24,0.001,0.001,64,mse,3061,42,874,999,3,13,5.986080000000007,5.9840246331917895,0.034335772462412706
30,16,0.001,0.01,64,mse,3066,42,874,999,0,10,5.986080000000007,5.986080000000007,0.0
10,64,0.003,0.1,256,mse,3064,42,874,999,10,20,5.986080000000007,5.983499863855451,0.04310226633382763
30,32,0.0001,0.0,32,mse,3065,42,874,999,1,11,5.986080000000007,5.985480754251425,0.010010653860004215
30,8,0.0001,0.0,64,mse,3070,42,874,999,1,11,5.986080000000007,5.985927614077973,0.002545671324716281
10,32,3e-05,0.1,64,mse,3067,42,874,999,18,28,5.986080000000007,5.984528407634507,0.02592000717499543
10,32,0.0001,0.0,32,mse,3069,42,874,999,6,16,5.986080000000007,5.984212551748659,0.03119651343364005
30,32,0.003,0.1,32,mse,3068,42,874,999,4,14,5.986080000000007,5.985370182192975,0.011857806895876344
20,32,0.0003,0.1,64,mse,3072,42,874,999,2,12,5.986080000000007,5.984418195285478,0.02776115111273736
5,64,0.003,0.0,256,mse,3073,42,874,999,7,17,5.986080000000007,5.982595924873041,0.05820294962590733
20,32,3e-05,0.001,256,mse,3071,42,874,999,14,24,5.986080000000007,5.985041417152834,0.017349966040769438
5,16,0.0001,0.01,256,mse,3077,42,874,999,1,11,5.986080000000007,5.98600260823305,0.0012928622229901876
60,16,0.0003,0.01,256,mse,3076,42,874,999,4,14,5.986080000000007,5.984786131258629,0.021614624952870365
20,8,0.003,0.01,32,mse,3074,42,874,999,10,20,5.986080000000007,5.984250042049842,0.030570222084658205
30,16,0.0003,0.01,256,mae,3079,42,874,999,0,10,5.986080000000007,5.986080000000007,0.0
60,8,0.0003,0.0,256,mae,3080,42,874,999,0,10,5.986080000000007,5.986080000000007,0.0
30,64,0.001,0.1,64,mae,3075,42,874,999,0,10,5.986080000000007,5.986080000000007,0.0
10,32,0.001,0.0,256,mse,3082,42,874,999,7,17,5.986080000000007,5.983190461597389,0.04827096200883396
5,32,0.0003,0.1,32,mae,3081,42,874,999,0,10,5.986080000000007,5.986080000000007,0.0
10,32,0.0003,0.0,64,mae,3083,42,874,999,0,10,5.986080000000007,5.986080000000007,0.0
5,64,0.0003,0.01,256,mae,3086,42,874,999,0,10,5.986080000000007,5.986080000000007,0.0
10,8,3e-05,0.0,32,mse,3085,42,874,999,0,10,5.986080000000007,5.986080000000007,0.0
20,32,0.0001,0.01,32,mse,3084,42,874,999,4,14,5.986080000000007,5.984506160940702,0.026291647610876545
30,32,0.001,0.01,256,mse,3088,42,874,999,7,17,5.986080000000007,5.984085438201171,0.033319999045056115
60,32,0.003,0.001,64,mse,3078,42,874,999,16,26,5.986080000000007,5.983266694812884,0.0469974538783835
60,4,0.001,0.1,64,mse,3089,42,874,999,2,12,5.986080000000007,5.984684094373069,0.02331919431310947
10,16,0.0003,0.0,32,mae,3091,42,874,999,0,10,5.986080000000007,5.986080000000007,0.0
5,16,0.0003,0.001,256,mse,3093,42,874,999,11,21,5.986080000000007,5.983335300937779,0.04585135952457353
20,64,0.0003,0.01,64,mse,3090,42,874,999,2,12,5.986080000000007,5.985407465667626,0.01123497067164747
5,64,0.001,0.01,32,mse,3087,42,874,999,18,28,5.986080000000007,5.982988426541636,0.051646043126241103
20,24,0.0001,0.001,32,mae,3092,42,874,999,0,10,5.986080000000007,5.986080000000007,0.0
5,32,0.0003,0.01,256,mse,3094,42,874,999,17,27,5.986080000000007,5.983398856492122,0.0447896370894707
20,64,0.0003,0.01,256,mae,3095,42,874,999,0,10,5.986080000000007,5.986080000000007,0.0
60,24,0.0001,0.0,256,mae,3097,42,874,999,0,10,5.986080000000007,5.986080000000007,0.0
10,64,0.0001,0.01,256,mse,3096,42,874,999,9,19,5.986080000000007,5.983618926631187,0.041113272272019774
30,8,0.0003,0.001,256,mae,3101,42,874,999,0,10,5.986080000000007,5.986080000000007,0.0
20,24,0.001,0.01,256,mse,3100,42,874,999,2,12,5.986080000000007,5.984362814381661,0.028686312550896265
5,16,0.003,0.1,32,mse,3099,42,874,999,0,10,5.986080000000007,5.986080000000007,0.0
60,16,0.003,0.001,32,mse,3098,42,874,999,5,15,5.986080000000007,5.983765708186484,0.0386612242656903
30,16,3e-05,0.001,64,mse,3104,42,874,999,0,10,5.986080000000007,5.986080000000007,0.0
10,24,3e-05,0.001,64,mse,3103,42,874,999,15,25,5.986080000000007,5.984756927559889,0.022102485100738978
30,24,0.003,0.001,256,mae,3106,42,874,999,3,13,5.986080000000007,5.985718903929424,0.0060322626925013445
10,32,3e-05,0.1,32,mse,3102,42,874,999,19,29,5.986080000000007,5.984252014081827,0.030537278455688988
20,16,0.003,0.1,32,mse,3107,42,874,999,4,14,5.986080000000007,5.982636802190285,0.05752007674006965
10,8,3e-05,0.001,256,mae,3109,42,874,999,0,10,5.986080000000007,5.986080000000007,0.0
20,8,3e-05,0.01,64,mse,3105,42,874,999,30,40,5.986080000000007,5.984538115997353,0.025757824864591772
30,32,3e-05,0.1,32,mae,3108,42,874,999,0,10,5.986080000000007,5.986080000000007,0.0
5,64,0.001,0.001,256,mae,3111,42,874,999,0,10,5.986080000000007,5.986080000000007,0.0
20,24,0.001,0.001,256,mse,3112,42,874,999,2,12,5.986080000000007,5.984362971602108,0.028683686116781626
10,64,0.0001,0.01,64,mse,3110,42,874,999,3,13,5.986080000000007,5.984368357215492,0.02859371716574799
5,8,0.001,0.01,32,mae,3114,42,874,999,0,10,5.986080000000007,5.986080000000007,0.0
30,4,0.001,0.001,256,mse,3116,42,874,999,2,12,5.986080000000007,5.985151550078692,0.015510148900710341
5,64,0.003,0.0,64,mse,3115,42,874,999,6,16,5.986080000000007,5.984346463454769,0.028959461705124756
30,64,0.003,0.0,64,mse,3113,42,874,999,0,10,5.986080000000007,5.986080000000007,0.0
30,32,0.0003,0.1,64,mse,3117,42,874,999,1,11,5.986080000000007,5.984942172556144,0.01900788903361761
30,32,0.003,0.0,64,mae,3118,42,874,999,0,10,5.986080000000007,5.986080000000007,0.0
20,64,3e-05,0.1,256,mae,3120,42,874,999,0,10,5.986080000000007,5.986080000000007,0.0
5,16,3e-05,0.01,256,mse,3123,42,874,999,1,11,5.986080000000007,5.98605331182846,0.00044583720143487326
30,16,3e-05,0.01,32,mse,3121,42,874,999,0,10,5.986080000000007,5.986080000000007,0.0
60,32,0.003,0.0,32,mse,3119,42,874,999,0,10,5.986080000000007,5.986080000000007,0.0
30,16,0.0003,0.0,256,mae,3124,42,874,999,0,10,5.986080000000007,5.986080000000007,0.0
30,4,0.0001,0.01,256,mae,3125,42,874,999,0,10,5.986080000000007,5.986080000000007,0.0
20,8,0.0003,0.1,32,mse,3127,42,874,999,4,14,5.986080000000007,5.984122015809676,0.03270895461355838
60,32,0.0003,0.01,64,mae,3128,42,874,999,0,10,5.986080000000007,5.986080000000007,0.0
30,32,0.0003,0.1,256,mse,3129,42,874,999,4,14,5.986080000000007,5.9841601179153425,0.032072442811736934
60,24,0.0001,0.001,64,mse,3126,42,874,999,9,19,5.986080000000007,5.984832668512097,0.020837200436851777
60,8,0.0001,0.01,64,mae,3131,42,874,999,0,10,5.986080000000007,5.986080000000007,0.0
60,32,0.003,0.0,64,mse,3122,42,874,999,16,26,5.986080000000007,5.983266458982213,0.04700139352956656
30,4,0.0001,0.001,64,mse,3134,42,874,999,1,11,5.986080000000007,5.985700862882679,0.006333646014233807
5,16,0.003,0.1,256,mse,3135,42,874,999,5,15,5.986080000000007,5.982838915856255,0.05414368240572731
30,64,0.001,0.01,256,mse,3136,42,874,999,1,11,5.986080000000007,5.984232699007114,0.030859944953853802
60,32,0.003,0.01,64,mse,3130,42,874,999,17,27,5.986080000000007,5.983277385803536,0.04681885635460237
60,32,0.0001,0.001,64,mse,3133,42,874,999,10,20,5.986080000000007,5.984635003100215,0.02413928480394789
5,24,0.003,0.01,256,mse,3138,42,874,999,12,22,5.986080000000007,5.982986685189837,0.05167513314506822
5,32,0.003,0.001,64,mse,3139,42,874,999,4,14,5.986080000000007,5.98394700559416,0.03563257433657485
60,16,0.0003,0.0,32,mae,3137,42,874,999,0,10,5.986080000000007,5.986080000000007,0.0
10,32,0.003,0.1,32,mae,3140,42,874,999,0,10,5.986080000000007,5.986080000000007,0.0
10,24,0.0003,0.001,32,mse,3141,42,874,999,2,12,5.986080000000007,5.9842038653187535,0.03134162392173234
20,8,0.0001,0.0,32,mae,3143,42,874,999,0,10,5.986080000000007,5.986080000000007,0.0
30,24,0.0001,0.0,32,mse,3142,42,874,999,1,11,5.986080000000007,5.985400925567475,0.011344225812748299
5,4,0.0001,0.0,32,mse,3144,42,874,999,1,11,5.986080000000007,5.985645364063506,0.0072607772783062074
60,16,3e-05,0.1,256,mae,3145,42,874,999,0,10,5.986080000000007,5.986080000000007,0.0
20,4,0.0003,0.0,256,mae,3147,42,874,999,0,10,5.986080000000007,5.986080000000007,0.0
10,32,0.0003,0.1,64,mse,3146,42,874,999,2,12,5.986080000000007,5.984294070552445,0.02983470731366955
10,24,0.001,0.01,256,mse,3149,42,874,999,8,18,5.986080000000007,5.983140818427075,0.049100272180324644
10,8,0.0001,0.01,32,mae,3150,42,874,999,0,10,5.986080000000007,5.986080000000007,0.0
60,4,3e-05,0.001,32,mse,3132,42,874,999,60,60,5.986080000000007,5.983924877628617,0.0360022313666164
20,4,0.0001,0.001,64,mae,3152,42,874,999,0,10,5.986080000000007,5.986080000000007,0.0
30,64,0.0003,0.01,256,mse,3148,42,874,999,3,13,5.986080000000007,5.984144631700927,0.03233114657806846
10,8,0.0003,0.001,64,mae,3154,42,874,999,0,10,5.986080000000007,5.986080000000007,0.0
20,32,0.0001,0.001,32,mse,3151,42,874,999,4,14,5.986080000000007,5.984506082330474,0.02629296082801158
5,16,3e-05,0.0,64,mae,3156,42,874,999,0,10,5.986080000000007,5.986080000000007,0.0
20,4,0.0001,0.0,256,mae,3157,42,874,999,0,10,5.986080000000007,5.986080000000007,0.0
30,64,0.0001,0.001,256,mae,3158,42,874,999,0,10,5.986080000000007,5.986080000000007,0.0
10,64,0.001,0.1,32,mse,3155,42,874,999,5,15,5.986080000000007,5.984116646460665,0.032798651861365435
20,64,0.0001,0.0,64,mse,3159,42,874,999,2,12,5.986080000000007,5.985104619774096,0.016294139502170957
20,8,0.001,0.01,64,mae,3160,42,874,999,0,10,5.986080000000007,5.986080000000007,0.0
10,24,0.003,0.0,64,mae,3161,42,874,999,0,10,5.986080000000007,5.986080000000007,0.0
20,32,0.0003,0.001,256,mae,3163,42,874,999,0,10,5.986080000000007,5.986080000000007,0.0
5,4,0.0003,0.0,32,mae,3162,42,874,999,0,10,5.986080000000007,5.986080000000007,0.0
30,24,0.001,0.1,256,mae,3164,42,874,999,0,10,5.986080000000007,5.986080000000007,0.0
30,24,0.0001,0.001,256,mae,3166,42,874,999,0,10,5.986080000000007,5.986080000000007,0.0
10,16,0.0001,0.0,32,mae,3165,42,874,999,0,10,5.986080000000007,5.986080000000007,0.0
10,24,0.003,0.0,32,mae,3167,42,874,999,0,10,5.986080000000007,5.986080000000007,0.0
5,4,3e-05,0.001,64,mae,3168,42,874,999,0,10,5.986080000000007,5.986080000000007,0.0
10,8,3e-05,0.1,64,mae,3170,42,874,999,0,10,5.986080000000007,5.986080000000007,0.0
10,4,0.001,0.01,256,mae,3172,42,874,999,0,10,5.986080000000007,5.986080000000007,0.0
60,24,0.001,0.0,256,mae,3171,42,874,999,0,10,5.986080000000007,5.986080000000007,0.0
20,8,0.001,0.001,256,mae,3174,42,874,999,0,10,5.986080000000007,5.986080000000007,0.0
60,24,0.001,0.01,32,mae,3169,42,874,999,0,10,5.986080000000007,5.986080000000007,0.0
30,32,0.001,0.001,64,mse,3173,42,874,999,1,11,5.986080000000007,5.983959505432944,0.03542375923916152
10,16,0.001,0.01,64,mae,3175,42,874,999,0,10,5.986080000000007,5.986080000000007,0.0
60,64,0.0001,0.001,32,mse,3153,42,874,999,8,18,5.986080000000007,5.984113109813454,0.03285773304989581
60,24,3e-05,0.1,256,mae,3176,42,874,999,0,10,5.986080000000007,5.986080000000007,0.0
30,32,3e-05,0.001,256,mae,3179,42,874,999,0,10,5.986080000000007,5.986080000000007,0.0
20,32,0.0001,0.1,256,mse,3178,42,874,999,4,14,5.986080000000007,5.985098921345688,0.016389334160571423
30,16,0.001,0.1,256,mae,3182,42,874,999,0,10,5.986080000000007,5.986080000000007,0.0
20,32,0.001,0.001,256,mse,3181,42,874,999,2,12,5.986080000000007,5.984269539011626,0.030244517085997735
60,32,0.0003,0.001,256,mse,3180,42,874,999,1,11,5.986080000000007,5.985577931941507,0.008387259416853254
10,24,0.003,0.001,64,mse,3183,42,874,999,21,31,5.986080000000007,5.983597565251795,0.041470123155928906
30,64,0.003,0.01,32,mae,3184,42,874,999,0,10,5.986080000000007,5.986080000000007,0.0
60,64,0.0003,0.1,64,mse,3177,42,874,999,3,13,5.986080000000007,5.985032219756456,0.01750361244005072
60,8,3e-05,0.0,64,mse,3186,42,874,999,9,19,5.986080000000007,5.985874434260455,0.003434062684637418
30,24,0.0001,0.1,256,mae,3188,42,874,999,0,10,5.986080000000007,5.986080000000007,0.0
5,64,0.001,0.0,32,mse,3185,42,874,999,18,28,5.986080000000007,5.982981548146902,0.05176094962154876
10,8,0.0003,0.001,32,mae,3190,42,874,999,0,10,5.986080000000007,5.986080000000007,0.0
60,8,0.003,0.01,64,mse,3189,42,874,999,5,15,5.986080000000007,5.983882387988828,0.03671203878296003
5,64,0.001,0.1,64,mae,3191,42,874,999,0,10,5.986080000000007,5.986080000000007,0.0
10,24,0.003,0.0,256,mse,3193,42,874,999,11,21,5.986080000000007,5.983243386881036,0.04738682274495476
30,64,0.001,0.1,32,mae,3187,42,874,999,0,10,5.986080000000007,5.986080000000007,0.0
5,4,0.0003,0.01,64,mse,3194,42,874,999,3,13,5.986080000000007,5.984244113754177,0.030669256772886122
5,64,3e-05,0.001,256,mse,3197,42,874,999,3,13,5.986080000000007,5.985866769763483,0.0035621013505404697
30,32,3e-05,0.0,32,mse,3192,42,874,999,1,11,5.986080000000007,5.985901279652459,0.002985599048943577
10,32,0.001,0.1,32,mae,3195,42,874,999,0,10,5.986080000000007,5.986080000000007,0.0
5,8,3e-05,0.0,64,mse,3198,42,874,999,1,11,5.986080000000007,5.9860463548235145,0.0005620569135889042
10,32,3e-05,0.0,64,mse,3196,42,874,999,18,28,5.986080000000007,5.984528211108933,0.025923290217877426
30,24,0.001,0.1,256,mse,3199,42,874,999,7,17,5.986080000000007,5.984629617486826,0.024229253755070346
5,32,0.0001,0.1,64,mse,3201,42,874,999,8,18,5.986080000000007,5.984330978053291,0.0292181518909973
10,64,0.0003,0.01,256,mae,3203,42,874,999,0,10,5.986080000000007,5.986080000000007,0.0
30,24,0.0001,0.001,256,mse,3202,42,874,999,7,17,5.986080000000007,5.984736802529223,0.022438682255898623
30,8,3e-05,0.0,64,mse,3205,42,874,999,1,11,5.986080000000007,5.986033973713005,0.0007688886049295185
30,32,0.0003,0.001,256,mse,3204,42,874,999,4,14,5.986080000000007,5.984161375678952,0.03205143133828692
10,4,0.001,0.1,64,mae,3206,42,874,999,0,10,5.986080000000007,5.986080000000007,0.0
30,8,0.001,0.001,64,mae,3208,42,874,999,0,10,5.986080000000007,5.986080000000007,0.0
30,24,0.001,0.001,64,mse,3207,42,874,999,1,11,5.986080000000007,5.984449482155227,0.02723849071144535
20,8,3e-05,0.1,32,mse,3210,42,874,999,1,11,5.986080000000007,5.986052289895535,0.0004629090234686828
5,8,0.001,0.01,256,mae,3212,42,874,999,0,10,5.986080000000007,5.986080000000007,0.0
60,4,0.0001,0.1,32,mse,3200,42,874,999,21,31,5.986080000000007,5.9838621859738375,0.03704952199385936
5,64,0.0001,0.001,256,mse,3211,42,874,999,14,24,5.986080000000007,5.983478489463422,0.04345933459937168
10,64,0.0001,0.1,256,mae,3215,42,874,999,0,10,5.986080000000007,5.986080000000007,0.0
20,32,0.003,0.01,256,mse,3213,42,874,999,6,16,5.986080000000007,5.984547879929686,0.025594714242405114
10,16,3e-05,0.1,32,mae,3214,42,874,999,0,10,5.986080000000007,5.986080000000007,0.0
10,32,0.003,0.1,32,mse,3209,42,874,999,23,33,5.986080000000007,5.98487200615359,0.020180048486118096
20,4,0.003,0.001,32,mae,3216,42,874,999,0,10,5.986080000000007,5.986080000000007,0.0
30,24,0.0003,0.1,32,mse,3218,42,874,999,1,11,5.986080000000007,5.984896027540865,0.01977876104466425
30,32,0.001,0.01,256,mae,3220,42,874,999,0,10,5.986080000000007,5.986080000000007,0.0
10,64,0.003,0.001,256,mse,3219,42,874,999,10,20,5.986080000000007,5.983553122283199,0.042212561756749256
60,4,0.003,0.1,256,mae,3222,42,874,999,0,10,5.986080000000007,5.986080000000007,0.0
5,16,0.0003,0.01,64,mse,3224,42,874,999,6,16,5.986080000000007,5.983996648764458,0.034803264165361725
20,32,3e-05,0.1,64,mae,3225,42,874,999,0,10,5.986080000000007,5.986080000000007,0.0
30,64,0.0003,0.001,32,mse,3221,42,874,999,1,11,5.986080000000007,5.984380698207952,0.028387555663400565
60,64,0.0001,0.0,64,mse,3217,42,874,999,4,14,5.986080000000007,5.984796231859664,0.021445890137505863
5,16,3e-05,0.1,32,mse,3226,42,874,999,0,10,5.986080000000007,5.986080000000007,0.0
5,4,0.0003,0.0,32,mse,3223,42,874,999,23,33,5.986080000000007,5.982871510908601,0.05359916826046529
60,8,3e-05,0.0,256,mae,3228,42,874,999,0,10,5.986080000000007,5.986080000000007,0.0
60,4,0.0003,0.1,256,mse,3229,42,874,999,2,12,5.986080000000007,5.985496845493955,0.009741842842936332
10,32,0.0001,0.001,64,mse,3231,42,874,999,5,15,5.986080000000007,5.984474756155647,0.02681627783724938
20,32,3e-05,0.001,64,mse,3227,42,874,999,9,19,5.986080000000007,5.984830546036015,0.020872657298132147
30,16,0.001,0.001,256,mse,3232,42,874,999,8,18,5.986080000000007,5.985244231534493,0.013961865954259522
20,4,0.0001,0.01,32,mse,3230,42,874,999,5,15,5.986080000000007,5.984540159050275,0.025723694800805497
5,16,3e-05,0.0,64,mse,3235,42,874,999,0,10,5.986080000000007,5.986080000000007,0.0
20,16,0.0003,0.001,256,mse,3236,42,874,999,6,16,5.986080000000007,5.984130128114341,0.03257343513061173
20,16,0.001,0.0,32,mse,3234,42,874,999,3,13,5.986080000000007,5.983222455146209,0.047736496234562775
20,16,0.003,0.001,32,mse,3233,42,874,999,4,14,5.986080000000007,5.982579416725695,0.058478725214372584
5,8,0.0001,0.1,256,mse,3240,42,874,999,1,11,5.986080000000007,5.985955520708009,0.002079479258521033
10,4,3e-05,0.1,256,mae,3241,42,874,999,0,10,5.986080000000007,5.986080000000007,0.0
20,24,0.0001,0.1,256,mse,3242,42,874,999,3,13,5.986080000000007,5.985363168805601,0.011974968500361172
30,64,0.001,0.001,256,mae,3238,42,874,999,0,10,5.986080000000007,5.986080000000007,0.0
5,64,3e-05,0.001,64,mse,3237,42,874,999,17,27,5.986080000000007,5.984264670328128,0.030325850504497875
30,24,0.0003,0.01,32,mae,3239,42,874,999,0,10,5.986080000000007,5.986080000000007,0.0
10,24,3e-05,0.001,256,mse,3243,42,874,999,2,12,5.986080000000007,5.985952336993887,0.002132664550424934
5,8,0.0003,0.01,64,mae,3244,42,874,999,0,10,5.986080000000007,5.986080000000007,0.0
5,16,0.001,0.0,64,mae,3246,42,874,999,0,10,5.986080000000007,5.986080000000007,0.0
60,8,0.0003,0.01,256,mse,3245,42,874,999,3,13,5.986080000000007,5.985246394128624,0.01392573890397486
10,8,0.001,0.001,64,mae,3249,42,874,999,0,10,5.986080000000007,5.986080000000007,0.0
5,24,0.003,0.1,32,mae,3250,42,874,999,0,10,5.986080000000007,5.986080000000007,0.0
60,24,0.003,0.001,32,mae,3248,42,874,999,0,10,5.986080000000007,5.986080000000007,0.0
10,24,0.001,0.0,32,mse,3251,42,874,999,4,14,5.986080000000007,5.983770682858476,0.03857812026453189
5,16,0.003,0.01,256,mse,3254,42,874,999,5,15,5.986080000000007,5.982817887620938,0.054494967976859154
10,8,0.003,0.1,32,mae,3253,42,874,999,0,10,5.986080000000007,5.986080000000007,0.0
20,32,3e-05,0.001,64,mae,3255,42,874,999,0,10,5.986080000000007,5.986080000000007,0.0
10,4,3e-05,0.0,32,mse,3247,42,874,999,27,37,5.986080000000007,5.984112794559614,0.032862999498728396
60,24,0.003,0.01,256,mae,3256,42,874,999,0,10,5.986080000000007,5.986080000000007,0.0
20,24,3e-05,0.1,32,mse,3252,42,874,999,13,23,5.986080000000007,5.984737353613742,0.022429476155771955
20,64,0.0001,0.001,256,mae,3257,42,874,999,0,10,5.986080000000007,5.986080000000007,0.0
10,16,0.003,0.0,32,mse,3258,42,874,999,5,15,5.986080000000007,5.983494660129136,0.04318919678439892
10,64,3e-05,0.001,32,mae,3262,42,874,999,0,10,5.986080000000007,5.986080000000007,0.0
5,8,0.001,0.1,32,mse,3261,42,874,999,19,29,5.986080000000007,5.983426206887141,0.044332737164665126
20,4,0.0003,0.0,256,mse,3264,42,874,999,2,12,5.986080000000007,5.985265220464673,0.01361123699206157
60,64,0.003,0.001,256,mae,3259,42,874,999,0,10,5.986080000000007,5.986080000000007,0.0
5,16,0.0003,0.1,32,mse,3260,42,874,999,36,46,5.986080000000007,5.983153153456114,0.04889421029944385
20,64,0.0003,0.0,32,mse,3263,42,874,999,1,11,5.986080000000007,5.984275674946744,0.03014201369282432
20,8,0.003,0.0,64,mse,3265,42,874,999,10,20,5.986080000000007,5.983261506538,0.0470841262062649
5,4,0.001,0.01,64,mse,3266,42,874,999,2,12,5.986080000000007,5.984674779061348,0.023474810538104407
10,4,0.0003,0.1,64,mse,3267,42,874,999,2,12,5.986080000000007,5.984483874941778,0.026663944655425098
10,4,0.0003,0.0,256,mse,3270,42,874,999,5,15,5.986080000000007,5.98361224476202,0.04122489572453425
30,8,0.003,0.1,64,mse,3268,42,874,999,0,10,5.986080000000007,5.986080000000007,0.0
10,8,0.001,0.01,64,mae,3269,42,874,999,0,10,5.986080000000007,5.986080000000007,0.0
5,24,3e-05,0.001,256,mse,3271,42,874,999,1,11,5.986080000000007,5.985947581075237,0.0022121141844078096
20,32,0.003,0.001,256,mae,3275,42,874,999,0,10,5.986080000000007,5.986080000000007,0.0
10,32,0.001,0.0,32,mae,3272,42,874,999,0,10,5.986080000000007,5.986080000000007,0.0
20,8,3e-05,0.01,256,mse,3274,42,874,999,50,60,5.986080000000007,5.9847015073509375,0.023028303147798468
60,32,0.003,0.1,64,mae,3273,42,874,999,0,10,5.986080000000007,5.986080000000007,0.0
60,32,0.001,0.0,256,mse,3276,42,874,999,2,12,5.986080000000007,5.985620892429725,0.007669586278213902
5,64,0.0001,0.01,256,mse,3278,42,874,999,14,24,5.986080000000007,5.98347860737876,0.04345736477373574
5,4,3e-05,0.0,32,mse,3279,42,874,999,1,11,5.986080000000007,5.985946284006514,0.0022337822664253437
20,64,0.001,0.001,256,mae,3281,42,874,999,0,10,5.986080000000007,5.986080000000007,0.0
10,4,3e-05,0.0,64,mae,3283,42,874,999,0,10,5.986080000000007,5.986080000000007,0.0
20,64,3e-05,0.1,32,mse,3277,42,874,999,7,17,5.986080000000007,5.984529075821414,0.025908844829891642
30,64,3e-05,0.0,32,mse,3280,42,874,999,1,11,5.986080000000007,5.985775778427524,0.00508215012969826
20,32,0.0003,0.1,256,mse,3284,42,874,999,2,12,5.986080000000007,5.985190776581186,0.014854853573975646
30,64,0.003,0.0,256,mse,3282,42,874,999,6,16,5.986080000000007,5.983212976650644,0.047894838514750404
20,8,0.003,0.1,64,mse,3285,42,874,999,10,20,5.986080000000007,5.983303641618835,0.046380241847299164
30,4,0.0003,0.01,64,mse,3286,42,874,999,1,11,5.986080000000007,5.985030255313753,0.01753642928684629
30,8,0.001,0.0,32,mae,3288,42,874,999,0,10,5.986080000000007,5.986080000000007,0.0
5,64,0.003,0.0,32,mae,3290,42,874,999,0,10,5.986080000000007,5.986080000000007,0.0
20,64,3e-05,0.0,256,mse,3289,42,874,999,9,19,5.986080000000007,5.984968348948278,0.018570601323897318
5,32,0.0003,0.001,32,mae,3292,42,874,999,0,10,5.986080000000007,5.986080000000007,0.0
60,4,0.003,0.1,32,mse,3291,42,874,999,4,14,5.986080000000007,5.982893975542816,0.053223887037778805
5,24,0.0003,0.001,256,mse,3295,42,874,999,8,18,5.986080000000007,5.983378429760338,0.04513087428951179
20,16,0.0003,0.1,64,mse,3293,42,874,999,3,13,5.986080000000007,5.9840469200036335,0.03396346183769383
60,4,0.0001,0.001,32,mae,3294,42,874,999,0,10,5.986080000000007,5.986080000000007,0.0
5,4,0.0003,0.01,32,mae,3296,42,874,999,0,10,5.986080000000007,5.986080000000007,0.0
60,4,0.003,0.1,64,mae,3298,42,874,999,0,10,5.986080000000007,5.986080000000007,0.0
60,32,0.0001,0.001,32,mae,3297,42,874,999,0,10,5.986080000000007,5.986080000000007,0.0
20,64,0.003,0.01,64,mae,3299,42,874,999,0,10,5.986080000000007,5.986080000000007,0.0
5,16,0.001,0.0,256,mse,3302,42,874,999,9,19,5.986080000000007,5.983109452947123,0.0496242457983187
5,24,0.0003,0.01,64,mse,3301,42,874,999,3,13,5.986080000000007,5.984373742015945,0.02850376179506231
30,64,0.0003,0.0,256,mae,3300,42,874,999,0,10,5.986080000000007,5.986080000000007,0.0
60,64,0.0003,0.0,32,mse,3287,42,874,999,9,19,5.986080000000007,5.983896813778141,0.03647104986679306
30,16,0.001,0.001,64,mse,3304,42,874,999,0,10,5.986080000000007,5.986080000000007,0.0
30,32,0.0001,0.001,64,mae,3303,42,874,999,0,10,5.986080000000007,5.986080000000007,0.0
30,24,0.0003,0.001,256,mae,3307,42,874,999,0,10,5.986080000000007,5.986080000000007,0.0
5,64,0.0003,0.001,256,mse,3308,42,874,999,6,16,5.986080000000007,5.983160129164271,0.04877767814223111
10,32,0.001,0.001,256,mae,3310,42,874,999,0,10,5.986080000000007,5.986080000000007,0.0
5,4,0.001,0.1,256,mae,3311,42,874,999,0,10,5.986080000000007,5.986080000000007,0.0
30,64,0.0001,0.001,64,mse,3305,42,874,999,1,11,5.986080000000007,5.985310602418457,0.012853112246258291
20,8,0.0001,0.001,32,mae,3312,42,874,999,0,10,5.986080000000007,5.986080000000007,0.0
20,64,0.001,0.0,32,mse,3306,42,874,999,3,13,5.986080000000007,5.983958836433085,0.03543493516495744
20,32,0.001,0.0,32,mse,3313,42,874,999,3,13,5.986080000000007,5.983648759211746,0.0406149063871708
30,24,0.003,0.001,64,mae,3314,42,874,999,0,10,5.986080000000007,5.986080000000007,0.0
5,64,0.001,0.0,256,mae,3316,42,874,999,0,10,5.986080000000007,5.986080000000007,0.0
5,8,0.0003,0.001,64,mae,3317,42,874,999,0,10,5.986080000000007,5.986080000000007,0.0
10,64,0.001,0.0,32,mae,3315,42,874,999,0,10,5.986080000000007,5.986080000000007,0.0
20,24,0.001,0.0,64,mae,3319,42,874,999,0,10,5.986080000000007,5.986080000000007,0.0
60,16,3e-05,0.01,32,mae,3318,42,874,999,0,10,5.986080000000007,5.986080000000007,0.0
60,4,3e-05,0.001,256,mse,3320,42,874,999,14,24,5.986080000000007,5.9852203348388935,0.014361070368484885
10,32,0.0001,0.0,64,mse,3321,42,874,999,5,15,5.986080000000007,5.984474756155647,0.02681627783724938
60,64,0.0001,0.1,256,mse,3309,42,874,999,2,12,5.986080000000007,5.985331135951663,0.012510090883255387
30,16,0.0001,0.1,64,mse,3322,42,874,999,0,10,5.986080000000007,5.986080000000007,0.0
30,4,3e-05,0.0,256,mae,3323,42,874,999,0,10,5.986080000000007,5.986080000000007,0.0
60,4,0.0003,0.001,256,mae,3325,42,874,999,0,10,5.986080000000007,5.986080000000007,0.0
5,4,3e-05,0.01,32,mae,3324,42,874,999,0,10,5.986080000000007,5.986080000000007,0.0
30,24,0.0003,0.1,256,mse,3327,42,874,999,3,13,5.986080000000007,5.984491971795007,0.026528683295246047
5,24,0.003,0.1,256,mae,3329,42,874,999,0,10,5.986080000000007,5.986080000000007,0.0
20,8,0.003,0.001,64,mae,3328,42,874,999,0,10,5.986080000000007,5.986080000000007,0.0
30,4,0.0001,0.0,64,mae,3330,42,874,999,0,10,5.986080000000007,5.986080000000007,0.0
5,16,0.001,0.001,64,mse,3331,42,874,999,3,13,5.986080000000007,5.984861635567233,0.020353293520536386
10,16,3e-05,0.01,256,mae,3334,42,874,999,0,10,5.986080000000007,5.986080000000007,0.0
60,24,0.0001,0.01,256,mae,3332,42,874,999,0,10,5.986080000000007,5.986080000000007,0.0
30,64,3e-05,0.01,32,mae,3326,42,874,999,0,10,5.986080000000007,5.986080000000007,0.0
10,4,0.0003,0.01,256,mse,3336,42,874,999,5,15,5.986080000000007,5.983611969626236,0.04122949198426262
30,4,0.0001,0.1,32,mae,3333,42,874,999,0,10,5.986080000000007,5.986080000000007,0.0
10,8,0.0001,0.0,64,mse,3335,42,874,999,13,23,5.986080000000007,5.984217386277524,0.031115750582744184
20,24,0.001,0.1,64,mse,3337,42,874,999,1,11,5.986080000000007,5.984698755180101,0.023074279326473768
20,16,0.0001,0.001,64,mae,3340,42,874,999,0,10,5.986080000000007,5.986080000000007,0.0
30,32,0.001,0.1,64,mse,3338,42,874,999,1,11,5.986080000000007,5.983961352773236,0.03539289863768724
10,64,0.0003,0.01,64,mse,3339,42,874,999,1,11,5.986080000000007,5.984433249956604,0.02750965645971215
20,4,0.0003,0.01,64,mse,3342,42,874,999,1,11,5.986080000000007,5.9850339892994615,0.01747405147518588
30,32,0.001,0.1,256,mse,3341,42,874,999,7,17,5.986080000000007,5.9840911374425065,0.0332247908063521
20,32,0.003,0.0,256,mse,3343,42,874,999,6,16,5.986080000000007,5.984551574610279,0.025532993039323326
30,8,0.003,0.1,32,mae,3344,42,874,999,0,10,5.986080000000007,5.986080000000007,0.0
5,24,0.0003,0.001,32,mae,3345,42,874,999,0,10,5.986080000000007,5.986080000000007,0.0
10,8,0.001,0.001,32,mae,3348,42,874,999,0,10,5.986080000000007,5.986080000000007,0.0
60,16,3e-05,0.001,64,mse,3347,42,874,999,1,11,5.986080000000007,5.985937518966386,0.002380205971541649
10,64,0.0001,0.01,32,mae,3349,42,874,999,0,10,5.986080000000007,5.986080000000007,0.0
60,4,0.0003,0.001,32,mse,3346,42,874,999,7,17,5.986080000000007,5.983783457833048,0.038364708907323575
10,16,3e-05,0.1,64,mse,3353,42,874,999,0,10,5.986080000000007,5.986080000000007,0.0
30,64,0.001,0.001,64,mae,3350,42,874,999,0,10,5.986080000000007,5.986080000000007,0.0
20,16,0.003,0.01,32,mae,3354,42,874,999,0,10,5.986080000000007,5.986080000000007,0.0
5,16,0.0001,0.1,32,mae,3355,42,874,999,0,10,5.986080000000007,5.986080000000007,0.0
60,32,0.001,0.01,32,mae,3352,42,874,999,0,10,5.986080000000007,5.986080000000007,0.0
10,32,0.003,0.01,32,mse,3351,42,874,999,21,31,5.986080000000007,5.985042668953025,0.017329054188752746
10,8,0.001,0.01,32,mse,3356,42,874,999,3,13,5.986080000000007,5.98387142186239,0.03689523256651395
20,16,0.0001,0.0,256,mse,3359,42,874,999,13,23,5.986080000000007,5.984344656232523,0.028989652117661358
20,32,3e-05,0.1,256,mae,3360,42,874,999,0,10,5.986080000000007,5.986080000000007,0.0
30,4,0.001,0.0,32,mse,3358,42,874,999,6,16,5.986080000000007,5.983247840285614,0.04731242673658986
10,4,0.0003,0.01,32,mae,3361,42,874,999,0,10,5.986080000000007,5.986080000000007,0.0
20,4,0.0001,0.01,64,mae,3362,42,874,999,0,10,5.986080000000007,5.986080000000007,0.0
10,4,0.003,0.0,256,mae,3364,42,874,999,0,10,5.986080000000007,5.986080000000007,0.0
5,16,3e-05,0.01,32,mae,3366,42,874,999,0,10,5.986080000000007,5.986080000000007,0.0
10,8,0.003,0.01,32,mse,3363,42,874,999,12,22,5.986080000000007,5.984339854232416,0.02906987156188201
20,16,0.001,0.1,64,mse,3367,42,874,999,2,12,5.986080000000007,5.984349175507534,0.028914155715820122
10,24,0.0003,0.1,256,mae,3368,42,874,999,0,10,5.986080000000007,5.986080000000007,0.0
20,16,3e-05,0.01,64,mse,3370,42,874,999,21,31,5.986080000000007,5.984343280553578,0.029012633416691802
20,4,0.003,0.1,64,mae,3371,42,874,999,0,10,5.986080000000007,5.986080000000007,0.0
10,32,0.003,0.01,64,mae,3372,42,874,999,0,10,5.986080000000007,5.986080000000007,0.0
30,8,0.003,0.01,64,mae,3373,42,874,999,0,10,5.986080000000007,5.986080000000007,0.0
60,32,3e-05,0.1,64,mse,3357,42,874,999,37,47,5.986080000000007,5.984628871502631,0.024241715736783576
5,24,0.0003,0.0,64,mae,3374,42,874,999,0,10,5.986080000000007,5.986080000000007,0.0
30,8,0.0003,0.01,256,mse,3376,42,874,999,7,17,5.986080000000007,5.984056297661194,0.033806804099068
10,4,0.0003,0.1,32,mse,3375,42,874,999,2,12,5.986080000000007,5.984154891148291,0.032159758167549235
60,4,3e-05,0.01,64,mse,3369,42,874,999,46,56,5.986080000000007,5.9845321801123825,0.025856986335381915
60,64,0.0003,0.01,32,mse,3365,42,874,999,9,19,5.986080000000007,5.983897599880392,0.03645791769597562
30,16,0.003,0.1,64,mse,3377,42,874,999,0,10,5.986080000000007,5.986080000000007,0.0
5,32,0.001,0.1,32,mae,3379,42,874,999,0,10,5.986080000000007,5.986080000000007,0.0
30,24,0.001,0.001,32,mae,3378,42,874,999,0,10,5.986080000000007,5.986080000000007,0.0
5,4,0.0003,0.001,32,mae,3380,42,874,999,0,10,5.986080000000007,5.986080000000007,0.0
30,8,0.001,0.0,64,mse,3381,42,874,999,1,11,5.986080000000007,5.98515732359271,0.015413699905408862
5,4,0.0003,0.001,256,mse,3383,42,874,999,8,18,5.986080000000007,5.983184879458442,0.04836421400258306
20,8,0.003,0.01,256,mse,3386,42,874,999,7,17,5.986080000000007,5.985257045001248,0.013747811568831647
5,4,0.001,0.0,32,mae,3382,42,874,999,0,10,5.986080000000007,5.986080000000007,0.0
5,64,0.001,0.01,256,mse,3384,42,874,999,9,19,5.986080000000007,5.983247465124746,0.0473186939576653
10,24,0.003,0.0,32,mse,3388,42,874,999,0,10,5.986080000000007,5.986080000000007,0.0
30,8,0.0001,0.01,32,mae,3389,42,874,999,0,10,5.986080000000007,5.986080000000007,0.0
10,16,0.001,0.001,256,mae,3391,42,874,999,0,10,5.986080000000007,5.986080000000007,0.0
20,16,0.001,0.01,256,mse,3390,42,874,999,3,13,5.986080000000007,5.983477321423945,0.04347884719319017
10,32,0.0001,0.1,32,mse,3387,42,874,999,6,16,5.986080000000007,5.984212826884447,0.031191917173856165
5,16,0.003,0.001,64,mae,3392,42,874,999,0,10,5.986080000000007,5.986080000000007,0.0
30,8,0.0003,0.001,256,mse,3394,42,874,999,7,17,5.986080000000007,5.984055511558943,0.03381993626988544
10,32,0.003,0.0,32,mse,3385,42,874,999,20,30,5.986080000000007,5.985052282441267,0.01716845679877732
30,16,0.0001,0.01,32,mae,3393,42,874,999,0,10,5.986080000000007,5.986080000000007,0.0
5,24,3e-05,0.1,256,mse,3398,42,874,999,1,11,5.986080000000007,5.9859476203803474,0.0022114575759069055
5,64,0.0001,0.0,256,mae,3399,42,874,999,0,10,5.986080000000007,5.986080000000007,0.0
60,32,0.003,0.01,256,mse,3395,42,874,999,2,12,5.986080000000007,5.984308219580094,0.029598341818237728
5,64,0.0001,0.1,32,mse,3397,42,874,999,1,11,5.986080000000007,5.985296188555969,0.013093901919758455
20,32,0.001,0.01,32,mse,3396,42,874,999,3,13,5.986080000000007,5.983649348788434,0.04060505725905772
20,24,0.001,0.001,64,mae,3400,42,874,999,0,10,5.986080000000007,5.986080000000007,0.0
10,24,0.0003,0.001,256,mae,3404,42,874,999,0,10,5.986080000000007,5.986080000000007,0.0
5,32,0.0001,0.0,64,mse,3402,42,874,999,8,18,5.986080000000007,5.984331017358409,0.02921749528236317
10,16,3e-05,0.001,256,mae,3405,42,874,999,0,10,5.986080000000007,5.986080000000007,0.0
10,64,0.0003,0.1,64,mse,3403,42,874,999,1,11,5.986080000000007,5.984433564397498,0.027504403591493976
30,32,3e-05,0.001,32,mae,3401,42,874,999,0,10,5.986080000000007,5.986080000000007,0.0
5,8,0.003,0.01,32,mse,3408,42,874,999,0,10,5.986080000000007,5.986080000000007,0.0
20,24,0.0001,0.1,64,mse,3409,42,874,999,2,12,5.986080000000007,5.985347603980949,0.012234985483960958
10,64,3e-05,0.0,64,mse,3406,42,874,999,10,20,5.986080000000007,5.9844651648952025,0.026976503902464977
5,64,0.001,0.0,256,mse,3411,42,874,999,9,19,5.986080000000007,5.983246718327599,0.047331169520103966
60,4,0.001,0.001,64,mae,3410,42,874,999,0,10,5.986080000000007,5.986080000000007,0.0
20,8,3e-05,0.1,64,mse,3407,42,874,999,30,40,5.986080000000007,5.9845381946075635,0.025756511647756497
20,32,0.003,0.0,256,mae,3412,42,874,999,0,10,5.986080000000007,5.986080000000007,0.0
20,4,0.0001,0.001,256,mse,3414,42,874,999,5,15,5.986080000000007,5.985055764331917,0.017110290341770806
30,24,0.0003,0.0,32,mae,3413,42,874,999,0,10,5.986080000000007,5.986080000000007,0.0
20,8,3e-05,0.1,256,mse,3415,42,874,999,50,60,5.986080000000007,5.984701585961173,0.02302698993054131
20,16,0.001,0.1,32,mse,3416,42,874,999,3,13,5.986080000000007,5.983223084028003,0.047725990498026505
20,16,0.003,0.0,32,mse,3417,42,874,999,4,14,5.986080000000007,5.982578787843899,0.058489230950953264
5,24,0.001,0.001,256,mse,3420,42,874,999,4,14,5.986080000000007,5.982950593608335,0.052278058289778606
60,8,0.0001,0.0,32,mse,3418,42,874,999,1,11,5.986080000000007,5.985803331311539,0.004621867540499647
20,24,0.0003,0.0,64,mse,3419,42,874,999,2,12,5.986080000000007,5.9851574458456,0.015411657619135433
20,32,0.001,0.001,64,mse,3422,42,874,999,1,11,5.986080000000007,5.983444962202271,0.04401942168724693
20,4,0.003,0.1,32,mse,3421,42,874,999,4,14,5.986080000000007,5.983197332402822,0.04815618229601082
60,8,0.003,0.001,64,mae,3423,42,874,999,0,10,5.986080000000007,5.986080000000007,0.0
5,4,0.0001,0.1,64,mae,3425,42,874,999,0,10,5.986080000000007,5.986080000000007,0.0
5,8,0.003,0.01,256,mse,3428,42,874,999,8,18,5.986080000000007,5.982933792434945,0.05255872900231662
10,24,0.003,0.001,64,mae,3426,42,874,999,0,10,5.986080000000007,5.986080000000007,0.0
30,16,3e-05,0.1,256,mse,3429,42,874,999,1,11,5.986080000000007,5.986058814544254,0.000353912005068846
10,64,0.003,0.1,32,mse,3424,42,874,999,3,13,5.986080000000007,5.98475997031794,0.022051654539656518
30,4,3e-05,0.0,32,mse,3430,42,874,999,2,12,5.986080000000007,5.98592309399003,0.002621181306927678
5,24,0.0003,0.01,256,mae,3433,42,874,999,0,10,5.986080000000007,5.986080000000007,0.0
20,64,3e-05,0.1,64,mse,3427,42,874,999,5,15,5.986080000000007,5.984801696083272,0.021354607969414907
60,8,0.003,0.001,32,mse,3431,42,874,999,2,12,5.986080000000007,5.984805389950925,0.02129290034684761
10,4,0.0003,0.001,32,mae,3434,42,874,999,0,10,5.986080000000007,5.986080000000007,0.0
5,16,0.001,0.01,32,mse,3432,42,874,999,16,26,5.986080000000007,5.983444286426055,0.044030710814968455
30,8,3e-05,0.1,32,mse,3435,42,874,999,1,11,5.986080000000007,5.986042856668475,0.0006204950741106607
10,16,0.003,0.001,32,mse,3436,42,874,999,5,15,5.986080000000007,5.983495996502972,0.043166872093847175
5,24,3e-05,0.0,256,mse,3440,42,874,999,1,11,5.986080000000007,5.985947581075237,0.0022121141844078096
30,32,0.003,0.0,64,mse,3437,42,874,999,0,10,5.986080000000007,5.986080000000007,0.0
5,8,0.0001,0.1,64,mae,3442,42,874,999,0,10,5.986080000000007,5.986080000000007,0.0
30,16,3e-05,0.1,32,mae,3438,42,874,999,0,10,5.986080000000007,5.986080000000007,0.0
5,16,0.0003,0.001,256,mae,3444,42,874,999,0,10,5.986080000000007,5.986080000000007,0.0
10,8,0.0003,0.0,32,mse,3439,42,874,999,6,16,5.986080000000007,5.983949443324078,0.03559185102653961
10,64,0.003,0.0,256,mae,3446,42,874,999,0,10,5.986080000000007,5.986080000000007,0.0
20,64,3e-05,0.01,64,mae,3441,42,874,999,0,10,5.986080000000007,5.986080000000007,0.0
30,32,0.003,0.1,64,mse,3443,42,874,999,0,10,5.986080000000007,5.986080000000007,0.0
10,32,0.0001,0.01,64,mae,3448,42,874,999,0,10,5.986080000000007,5.986080000000007,0.0
30,32,0.001,0.0,256,mae,3447,42,874,999,0,10,5.986080000000007,5.986080000000007,0.0
60,24,3e-05,0.01,256,mse,3445,42,874,999,5,15,5.986080000000007,5.985400273644938,0.011355116454658809
30,4,0.001,0.1,256,mse,3451,42,874,999,2,12,5.986080000000007,5.985147305126513,0.015581062623526432
5,4,0.003,0.01,32,mse,3449,42,874,999,4,14,5.986080000000007,5.983871455204079,0.03689467557949078
30,16,0.001,0.01,256,mse,3452,42,874,999,8,18,5.986080000000007,5.985243720568022,0.013970401865426307
5,32,0.0003,0.01,256,mae,3454,42,874,999,0,10,5.986080000000007,5.986080000000007,0.0
30,24,0.0003,0.001,64,mse,3450,42,874,999,1,11,5.986080000000007,5.985169433904975,0.015211392013347869
5,16,3e-05,0.001,32,mse,3453,42,874,999,0,10,5.986080000000007,5.986080000000007,0.0
5,24,0.001,0.1,64,mse,3457,42,874,999,2,12,5.986080000000007,5.9844298645664225,0.02756621083555011
60,8,3e-05,0.01,64,mae,3455,42,874,999,0,10,5.986080000000007,5.986080000000007,0.0
10,8,3e-05,0.1,256,mae,3460,42,874,999,0,10,5.986080000000007,5.986080000000007,0.0
60,4,0.0001,0.0,256,mae,3458,42,874,999,0,10,5.986080000000007,5.986080000000007,0.0
10,24,0.003,0.01,256,mae,3462,42,874,999,0,10,5.986080000000007,5.986080000000007,0.0
30,16,0.001,0.001,64,mae,3461,42,874,999,0,10,5.986080000000007,5.986080000000007,0.0
20,64,0.0003,0.1,32,mae,3456,42,874,999,0,10,5.986080000000007,5.986080000000007,0.0
5,4,0.001,0.01,256,mse,3465,42,874,999,3,13,5.986080000000007,5.982656119703805,0.05719736950061671
5,24,0.0001,0.001,64,mse,3464,42,874,999,9,19,5.986080000000007,5.98446669779459,0.02695089616939761
10,32,3e-05,0.01,32,mae,3466,42,874,999,0,10,5.986080000000007,5.986080000000007,0.0
30,64,0.0001,0.1,64,mse,3463,42,874,999,1,11,5.986080000000007,5.985311191995139,0.012843263118234027
5,64,3e-05,0.1,32,mae,3467,42,874,999,0,10,5.986080000000007,5.986080000000007,0.0
5,4,3e-05,0.0,32,mae,3468,42,874,999,0,10,5.986080000000007,5.986080000000007,0.0
20,4,0.001,0.001,64,mae,3470,42,874,999,0,10,5.986080000000007,5.986080000000007,0.0
20,8,0.001,0.0,256,mae,3471,42,874,999,0,10,5.986080000000007,5.986080000000007,0.0
20,64,0.0001,0.001,256,mse,3469,42,874,999,3,13,5.986080000000007,5.985105052130337,0.01628691680816141
60,4,0.003,0.1,32,mae,3473,42,874,999,0,10,5.986080000000007,5.986080000000007,0.0
30,64,0.0003,0.01,32,mse,3472,42,874,999,1,11,5.986080000000007,5.984380305156816,0.02839412174897582
30,64,0.003,0.0,32,mse,3474,42,874,999,0,10,5.986080000000007,5.986080000000007,0.0
10,32,0.001,0.01,256,mse,3476,42,874,999,7,17,5.986080000000007,5.983191522835423,0.04825323357831035
10,16,0.0003,0.001,64,mae,3478,42,874,999,0,10,5.986080000000007,5.986080000000007,0.0
20,32,0.001,0.001,32,mae,3477,42,874,999,0,10,5.986080000000007,5.986080000000007,0.0
60,8,0.001,0.01,32,mse,3475,42,874,999,19,29,5.986080000000007,5.9831060334023185,0.0496813707416055
30,16,0.001,0.1,32,mae,3480,42,874,999,0,10,5.986080000000007,5.986080000000007,0.0
5,24,0.001,0.01,64,mse,3482,42,874,999,2,12,5.986080000000007,5.984417876507039,0.027766476441482002
60,64,0.003,0.0,256,mse,3459,42,874,999,15,25,5.986080000000007,5.983458403737886,0.04379487514568625
5,4,0.001,0.01,32,mae,3483,42,874,999,0,10,5.986080000000007,5.986080000000007,0.0
60,24,0.0001,0.0,64,mse,3481,42,874,999,9,19,5.986080000000007,5.984832668512097,0.020837200436851777
60,4,0.0001,0.001,32,mse,3479,42,874,999,21,31,5.986080000000007,5.9838601028028515,0.03708432224687197
20,4,0.003,0.001,32,mse,3485,42,874,999,4,14,5.986080000000007,5.983263286381976,0.04705439315931814
10,32,0.0003,0.001,64,mae,3486,42,874,999,0,10,5.986080000000007,5.986080000000007,0.0
60,8,0.0003,0.1,256,mse,3488,42,874,999,3,13,5.986080000000007,5.9852469837053155,0.013915889775806267
30,8,0.001,0.0,32,mse,3484,42,874,999,18,28,5.986080000000007,5.9832167098233935,0.04783247428390425
30,4,3e-05,0.01,32,mse,3487,42,874,999,2,12,5.986080000000007,5.985923172600255,0.002619868089848154
30,24,0.003,0.1,32,mse,3489,42,874,999,0,10,5.986080000000007,5.986080000000007,0.0
5,16,3e-05,0.001,32,mae,3490,42,874,999,0,10,5.986080000000007,5.986080000000007,0.0
20,4,0.001,0.01,256,mse,3491,42,874,999,1,11,5.986080000000007,5.985928297716335,0.002534250856534026
10,8,0.0003,0.001,256,mse,3492,42,874,999,11,21,5.986080000000007,5.9836801639968105,0.040090276160642535
20,32,0.001,0.1,32,mae,3494,42,874,999,0,10,5.986080000000007,5.986080000000007,0.0
10,8,0.0003,0.001,32,mse,3496,42,874,999,6,16,5.986080000000007,5.983949168188299,0.03559644728617917
60,32,0.0001,0.01,256,mse,3495,42,874,999,2,12,5.986080000000007,5.985409274515752,0.011204753098104092
60,24,0.0003,0.001,32,mae,3493,42,874,999,0,10,5.986080000000007,5.986080000000007,0.0
30,8,0.001,0.01,64,mae,3498,42,874,999,0,10,5.986080000000007,5.986080000000007,0.0
10,64,0.003,0.01,256,mae,3499,42,874,999,0,10,5.986080000000007,5.986080000000007,0.0
30,16,0.003,0.001,64,mse,3500,42,874,999,0,10,5.986080000000007,5.986080000000007,0.0
30,4,0.003,0.01,256,mse,3502,42,874,999,2,12,5.986080000000007,5.982979235108684,0.051799589903966936
20,32,0.0003,0.1,32,mse,3497,42,874,999,2,12,5.986080000000007,5.984216678785487,0.031127569536659738
20,4,0.003,0.001,256,mse,3503,42,874,999,1,11,5.986080000000007,5.985966423675674,0.0018973405690014822
30,24,0.0003,0.1,64,mae,3501,42,874,999,0,10,5.986080000000007,5.986080000000007,0.0
10,4,0.0003,0.001,64,mse,3504,42,874,999,2,12,5.986080000000007,5.984483521195778,0.026669854132077564
10,32,0.0003,0.1,256,mse,3506,42,874,999,6,16,5.986080000000007,5.983899131966861,0.03643232354306747
5,4,0.003,0.0,64,mse,3508,42,874,999,2,12,5.986080000000007,5.983716245277355,0.03948752309779202
20,8,0.003,0.01,64,mse,3505,42,874,999,10,20,5.986080000000007,5.98326563357484,0.047015182309084746
5,32,0.0001,0.1,32,mae,3511,42,874,999,0,10,5.986080000000007,5.986080000000007,0.0
5,32,0.001,0.01,32,mse,3509,42,874,999,14,24,5.986080000000007,5.983561259254475,0.042076630207621424
5,24,0.001,0.0,32,mae,3512,42,874,999,0,10,5.986080000000007,5.986080000000007,0.0
5,4,0.0003,0.001,32,mse,3507,42,874,999,23,33,5.986080000000007,5.982871157162579,0.05360507773748413
30,16,3e-05,0.1,64,mse,3515,42,874,999,0,10,5.986080000000007,5.986080000000007,0.0
20,16,3e-05,0.1,32,mae,3513,42,874,999,0,10,5.986080000000007,5.986080000000007,0.0
10,24,0.003,0.1,32,mae,3514,42,874,999,0,10,5.986080000000007,5.986080000000007,0.0
20,32,0.001,0.0,256,mae,3518,42,874,999,0,10,5.986080000000007,5.986080000000007,0.0
10,8,0.001,0.0,32,mae,3517,42,874,999,0,10,5.986080000000007,5.986080000000007,0.0
5,4,0.001,0.1,64,mae,3519,42,874,999,0,10,5.986080000000007,5.986080000000007,0.0
60,64,0.003,0.0,256,mae,3510,42,874,999,0,10,5.986080000000007,5.986080000000007,0.0
60,16,0.003,0.0,32,mse,3516,42,874,999,5,15,5.986080000000007,5.98376299613369,0.03870653025548343
10,16,3e-05,0.1,256,mae,3523,42,874,999,0,10,5.986080000000007,5.986080000000007,0.0
60,8,3e-05,0.001,256,mse,3520,42,874,999,28,38,5.986080000000007,5.985214124631084,0.014464814518400093
60,32,0.003,0.0,256,mse,3522,42,874,999,2,12,5.986080000000007,5.984309673869251,0.029574047302349804
20,16,0.0001,0.1,32,mae,3525,42,874,999,0,10,5.986080000000007,5.986080000000007,0.0
20,64,0.0001,0.01,64,mse,3524,42,874,999,2,12,5.986080000000007,5.985103833671836,0.01630727167313273
60,64,0.0003,0.001,32,mae,3521,42,874,999,0,10,5.986080000000007,5.986080000000007,0.0
20,64,0.001,0.0,64,mae,3527,42,874,999,0,10,5.986080000000007,5.986080000000007,0.0
60,24,0.0003,0.01,64,mae,3528,42,874,999,0,10,5.986080000000007,5.986080000000007,0.0
5,64,0.003,0.001,256,mae,3530,42,874,999,0,10,5.986080000000007,5.986080000000007,0.0
30,8,0.001,0.001,32,mse,3526,42,874,999,18,28,5.986080000000007,5.983216159551816,0.04784166680350532
10,24,0.0001,0.01,256,mae,3532,42,874,999,0,10,5.986080000000007,5.986080000000007,0.0
20,24,0.0003,0.1,32,mse,3529,42,874,999,2,12,5.986080000000007,5.984471964679696,0.0268629106245033
20,16,3e-05,0.001,64,mae,3535,42,874,999,0,10,5.986080000000007,5.986080000000007,0.0
30,16,0.001,0.0,64,mae,3536,42,874,999,0,10,5.986080000000007,5.986080000000007,0.0
20,64,3e-05,0.1,256,mse,3533,42,874,999,9,19,5.986080000000007,5.984968466863622,0.01856863149817256
60,24,0.003,0.001,64,mse,3531,42,874,999,7,17,5.986080000000007,5.9841813033711,0.03171853080659037
5,32,3e-05,0.0,64,mse,3534,42,874,999,30,40,5.986080000000007,5.984355583053861,0.028807114942441814
20,8,0.0001,0.1,256,mse,3539,42,874,999,16,26,5.986080000000007,5.984653004841828,0.02383855809109381
60,4,0.003,0.001,64,mae,3537,42,874,999,0,10,5.986080000000007,5.986080000000007,0.0
30,4,0.001,0.01,256,mse,3540,42,874,999,2,12,5.986080000000007,5.985150528145757,0.015527220722910684
30,32,0.0001,0.1,64,mse,3538,42,874,999,1,11,5.986080000000007,5.985564945802867,0.00860419835919668
5,64,0.001,0.001,256,mse,3541,42,874,999,9,19,5.986080000000007,5.983246561107153,0.0473337959541853
30,8,3e-05,0.001,32,mae,3542,42,874,999,0,10,5.986080000000007,5.986080000000007,0.0
5,8,0.0001,0.01,64,mae,3545,42,874,999,0,10,5.986080000000007,5.986080000000007,0.0
60,32,0.003,0.1,256,mae,3543,42,874,999,0,10,5.986080000000007,5.986080000000007,0.0
60,24,0.003,0.001,64,mae,3544,42,874,999,0,10,5.986080000000007,5.986080000000007,0.0
10,24,0.0003,0.001,32,mae,3546,42,874,999,0,10,5.986080000000007,5.986080000000007,0.0
20,16,0.001,0.1,64,mae,3548,42,874,999,0,10,5.986080000000007,5.986080000000007,0.0
20,24,0.0001,0.0,64,mse,3547,42,874,999,2,12,5.986080000000007,5.985348743829221,0.012215943836135779
20,24,0.001,0.001,64,mse,3550,42,874,999,1,11,5.986080000000007,5.984708660068529,0.022908813973054887
20,24,0.0003,0.001,32,mae,3549,42,874,999,0,10,5.986080000000007,5.986080000000007,0.0
20,32,0.003,0.001,32,mae,3552,42,874,999,0,10,5.986080000000007,5.986080000000007,0.0
30,16,0.0003,0.0,32,mae,3553,42,874,999,0,10,5.986080000000007,5.986080000000007,0.0
10,8,0.0003,0.01,32,mae,3555,42,874,999,0,10,5.986080000000007,5.986080000000007,0.0
20,64,3e-05,0.01,256,mse,3554,42,874,999,9,19,5.986080000000007,5.984968309643167,0.018571257932398222
10,16,0.001,0.01,32,mae,3557,42,874,999,0,10,5.986080000000007,5.986080000000007,0.0
20,24,0.003,0.0,64,mse,3556,42,874,999,10,20,5.986080000000007,5.982944068146684,0.052387068888548605
60,64,3e-05,0.0,32,mae,3551,42,874,999,0,10,5.986080000000007,5.986080000000007,0.0
5,16,0.0003,0.1,64,mse,3558,42,874,999,6,16,5.986080000000007,5.983998142358745,0.03477831304062873
60,8,0.003,0.0,64,mse,3560,42,874,999,5,15,5.986080000000007,5.9838827810399655,0.03670547269735147
20,32,3e-05,0.001,32,mae,3561,42,874,999,0,10,5.986080000000007,5.986080000000007,0.0
10,64,3e-05,0.001,64,mse,3559,42,874,999,10,20,5.986080000000007,5.9844657151667855,0.026967311382775083
30,16,0.0001,0.0,256,mae,3564,42,874,999,0,10,5.986080000000007,5.986080000000007,0.0
20,4,0.001,0.0,32,mse,3563,42,874,999,1,11,5.986080000000007,5.984083355030202,0.03335479929780227
5,16,0.003,0.1,32,mae,3565,42,874,999,0,10,5.986080000000007,5.986080000000007,0.0
10,24,3e-05,0.001,64,mae,3568,42,874,999,0,10,5.986080000000007,5.986080000000007,0.0
5,8,0.0001,0.0,64,mse,3566,42,874,999,20,30,5.986080000000007,5.984100453567166,0.03306916100088708
10,8,3e-05,0.0,256,mae,3569,42,874,999,0,10,5.986080000000007,5.986080000000007,0.0
60,16,0.001,0.01,32,mse,3562,42,874,999,12,22,5.986080000000007,5.982888058361052,0.05332273606358795
5,8,0.003,0.1,256,mae,3571,42,874,999,0,10,5.986080000000007,5.986080000000007,0.0
10,16,0.0001,0.01,256,mae,3573,42,874,999,0,10,5.986080000000007,5.986080000000007,0.0
10,24,3e-05,0.0,32,mae,3570,42,874,999,0,10,5.986080000000007,5.986080000000007,0.0
30,4,0.0003,0.0,256,mse,3574,42,874,999,2,12,5.986080000000007,5.985039727032987,0.017378200208151284
60,4,0.0003,0.1,64,mae,3572,42,874,999,0,10,5.986080000000007,5.986080000000007,0.0
60,32,0.001,0.001,64,mse,3567,42,874,999,6,16,5.986080000000007,5.985193252803283,0.014813487235798561
20,24,3e-05,0.001,64,mae,3575,42,874,999,0,10,5.986080000000007,5.986080000000007,0.0
10,64,0.0001,0.1,64,mae,3577,42,874,999,0,10,5.986080000000007,5.986080000000007,0.0
30,4,0.0001,0.1,256,mse,3578,42,874,999,6,16,5.986080000000007,5.98486902492843,0.02022985111421738
10,64,0.001,0.1,64,mse,3576,42,874,999,2,12,5.986080000000007,5.984169944193526,0.031908290675730644
20,24,3e-05,0.01,64,mae,3580,42,874,999,0,10,5.986080000000007,5.986080000000007,0.0
60,16,3e-05,0.0,256,mae,3582,42,874,999,0,10,5.986080000000007,5.986080000000007,0.0
60,8,0.001,0.001,32,mae,3579,42,874,999,0,10,5.986080000000007,5.986080000000007,0.0
30,32,0.0001,0.0,64,mse,3581,42,874,999,1,11,5.986080000000007,5.985565024413098,0.008602885142028338
10,24,0.0003,0.001,256,mse,3584,42,874,999,6,16,5.986080000000007,5.983621362735228,0.0410725761229247
20,4,0.0003,0.1,32,mae,3583,42,874,999,0,10,5.986080000000007,5.986080000000007,0.0
5,8,0.003,0.1,32,mae,3587,42,874,999,0,10,5.986080000000007,5.986080000000007,0.0
20,16,0.0003,0.1,32,mse,3585,42,874,999,4,14,5.986080000000007,5.983979628837717,0.0350875892452307
60,4,0.003,0.0,256,mse,3589,42,874,999,0,10,5.986080000000007,5.986080000000007,0.0
60,32,0.003,0.01,64,mae,3586,42,874,999,0,10,5.986080000000007,5.986080000000007,0.0
60,24,0.003,0.0,64,mae,3588,42,874,999,0,10,5.986080000000007,5.986080000000007,0.0
30,8,3e-05,0.001,64,mae,3592,42,874,999,0,10,5.986080000000007,5.986080000000007,0.0
30,8,0.0003,0.0,32,mse,3591,42,874,999,1,11,5.986080000000007,5.985997234546507,0.001382631931090561
5,32,0.003,0.1,32,mae,3593,42,874,999,0,10,5.986080000000007,5.986080000000007,0.0
30,24,0.0003,0.01,256,mae,3595,42,874,999,0,10,5.986080000000007,5.986080000000007,0.0
30,4,0.001,0.001,32,mae,3596,42,874,999,0,10,5.986080000000007,5.986080000000007,0.0
60,16,0.003,0.0,64,mse,3590,42,874,999,23,33,5.986080000000007,5.983478627980687,0.04345702060982726
30,32,0.0003,0.1,32,mae,3597,42,874,999,0,10,5.986080000000007,5.986080000000007,0.0
30,64,0.003,0.01,256,mse,3594,42,874,999,6,16,5.986080000000007,5.983218754502193,0.0477983170591445
5,4,0.0003,0.01,64,mae,3599,42,874,999,0,10,5.986080000000007,5.986080000000007,0.0
60,24,0.003,0.1,64,mae,3598,42,874,999,0,10,5.986080000000007,5.986080000000007,0.0
